frozen_case_pair_key,id_a,id_b,pair_lo,pair_hi,intervention,chemical_class,geometry_tier,topology,Dimensionality,metals_a,metals_b,metal_site_count_a_x,metal_site_count_b_x,metal_site_count_ratio,Di_diff,Df_diff,Dif_diff,Density_diff,UC_volume_diff,AVAf_diff,POAVAf_diff,member_path_a,status_a,metal_a,metal_site_count_a_y,default_signature_a,geometry_signature_a,within_framework_stable_a,default_warning_count_a,geometry_warning_count_a,failed_site_count_a,error_a,member_path_b,status_b,metal_b,metal_site_count_b_y,default_signature_b,geometry_signature_b,within_framework_stable_b,default_warning_count_b,geometry_warning_count_b,failed_site_count_b,error_b,coordination_class,metal_site_count_a,metal_site_count_b,linker_cluster_a,linker_cluster_b,functional_cluster_a,functional_cluster_b,variant_a,variant_b,variant_lo,variant_hi,transition,evidence_unit_id,dependence_family_id,reuse_count_a,reuse_count_b,maximum_endpoint_reuse,target,T/K,p/bar,uptake_a,stdev_a,uptake_b,stdev_b,outcome_complete,reported_stdev_valid_a,reported_stdev_valid_b,both_stdev_valid,raw_delta_b_minus_a,absolute_pair_difference,source_rows,minimum_positive_uptake,epsilon_primary,epsilon_sensitivity,uptake_q1,uptake_q3,robust_scale_iqr_over_1_349,absolute_uptake_difference,absolute_log_difference,absolute_log_difference_sensitivity,standardized_absolute_difference,pair_key
DB0-m2_o6_o27_f0_nbo.sym.30 || DB0-m3_o6_o27_f0_nbo.sym.33,DB0-m3_o6_o27_f0_nbo.sym.33,DB0-m2_o6_o27_f0_nbo.sym.30,DB0-m2_o6_o27_f0_nbo.sym.30,DB0-m3_o6_o27_f0_nbo.sym.33,metal_substitution,composition_clean_coordination_pending,stringent,nbo,3D framework,Zn,Cu,12.0,12.0,1.0,0.0252640747546444,0.0161590764962068,0.003108645158798,0.0249342850905653,0.030479663203126,0.0038599999999999,0.0,ARCMOF_20241004/DB0-m3_o6_o27_f0_nbo.sym.33_repeat.cif,ok,Zn,12.0,4;4;4;4;4;4;4;4;5;5;5;5,4;4;4;4;4;4;4;4;4;4;4;4,False,286.0,286.0,0.0,,ARCMOF_20241004/DB0-m2_o6_o27_f0_nbo.sym.30_repeat.cif,ok,Cu,12.0,4;4;4;4;4;4;4;4;5;5;5;5,4;4;4;4;4;4;4;4;4;4;4;4,False,324.0,324.0,0.0,,coordination_compatible,,,,,,,DB0-m3_o6_o27_f0_nbo.sym.33,DB0-m2_o6_o27_f0_nbo.sym.30,DB0-m2_o6_o27_f0_nbo.sym.30,DB0-m3_o6_o27_f0_nbo.sym.33,Cu <-> Zn,evidence_4c260b81d60bc7c0,family_279c8d900a8852ee,1,1,1,landfill_CH4,338.0,0.01,0.012093,0.002893,0.011819,0.00285,True,True,True,True,-0.0002739999999999,0.0002739999999999,279610,1e-06,1e-08,9.999999999999999e-10,0.009666,0.017173,0.0055648628613788,0.0002739999999999,0.0229183476024479,0.0229183648559745,0.0492375116557879,DB0-m2_o6_o27_f0_nbo.sym.30 || DB0-m3_o6_o27_f0_nbo.sym.33
DB0-m2_o6_o27_f0_nbo.sym.30 || DB0-m3_o6_o27_f0_nbo.sym.33,DB0-m3_o6_o27_f0_nbo.sym.33,DB0-m2_o6_o27_f0_nbo.sym.30,DB0-m2_o6_o27_f0_nbo.sym.30,DB0-m3_o6_o27_f0_nbo.sym.33,metal_substitution,composition_clean_coordination_pending,stringent,nbo,3D framework,Zn,Cu,12.0,12.0,1.0,0.0252640747546444,0.0161590764962068,0.003108645158798,0.0249342850905653,0.030479663203126,0.0038599999999999,0.0,ARCMOF_20241004/DB0-m3_o6_o27_f0_nbo.sym.33_repeat.cif,ok,Zn,12.0,4;4;4;4;4;4;4;4;5;5;5;5,4;4;4;4;4;4;4;4;4;4;4;4,False,286.0,286.0,0.0,,ARCMOF_20241004/DB0-m2_o6_o27_f0_nbo.sym.30_repeat.cif,ok,Cu,12.0,4;4;4;4;4;4;4;4;5;5;5;5,4;4;4;4;4;4;4;4;4;4;4;4,False,324.0,324.0,0.0,,coordination_compatible,,,,,,,DB0-m3_o6_o27_f0_nbo.sym.33,DB0-m2_o6_o27_f0_nbo.sym.30,DB0-m2_o6_o27_f0_nbo.sym.30,DB0-m3_o6_o27_f0_nbo.sym.33,Cu <-> Zn,evidence_4c260b81d60bc7c0,family_279c8d900a8852ee,1,1,1,landfill_CH4,338.0,4.4,1.787122,0.04977,1.646456,0.051989,True,True,True,True,-0.1406660000000001,0.1406660000000001,279610,1e-06,1e-08,9.999999999999999e-10,1.25872725,1.8114855,0.4097540770941437,0.1406660000000001,0.0819814050892312,0.0819814055194876,0.3432937165569221,DB0-m2_o6_o27_f0_nbo.sym.30 || DB0-m3_o6_o27_f0_nbo.sym.33
DB0-m2_o6_o27_f0_nbo.sym.30 || DB0-m3_o6_o27_f0_nbo.sym.33,DB0-m3_o6_o27_f0_nbo.sym.33,DB0-m2_o6_o27_f0_nbo.sym.30,DB0-m2_o6_o27_f0_nbo.sym.30,DB0-m3_o6_o27_f0_nbo.sym.33,metal_substitution,composition_clean_coordination_pending,stringent,nbo,3D framework,Zn,Cu,12.0,12.0,1.0,0.0252640747546444,0.0161590764962068,0.003108645158798,0.0249342850905653,0.030479663203126,0.0038599999999999,0.0,ARCMOF_20241004/DB0-m3_o6_o27_f0_nbo.sym.33_repeat.cif,ok,Zn,12.0,4;4;4;4;4;4;4;4;5;5;5;5,4;4;4;4;4;4;4;4;4;4;4;4,False,286.0,286.0,0.0,,ARCMOF_20241004/DB0-m2_o6_o27_f0_nbo.sym.30_repeat.cif,ok,Cu,12.0,4;4;4;4;4;4;4;4;5;5;5;5,4;4;4;4;4;4;4;4;4;4;4;4,False,324.0,324.0,0.0,,coordination_compatible,,,,,,,DB0-m3_o6_o27_f0_nbo.sym.33,DB0-m2_o6_o27_f0_nbo.sym.30,DB0-m2_o6_o27_f0_nbo.sym.30,DB0-m3_o6_o27_f0_nbo.sym.33,Cu <-> Zn,evidence_4c260b81d60bc7c0,family_279c8d900a8852ee,1,1,1,landfill_CO2,338.0,0.26,0.321257,0.058549,0.267386,0.040702,True,True,True,True,-0.053871,0.053871,279610,4e-06,4e-08,3.9999999999999994e-09,0.247956,0.704353,0.3383224610822832,0.053871,0.1835480934934714,0.1835481160704701,0.1592297473471561,DB0-m2_o6_o27_f0_nbo.sym.30 || DB0-m3_o6_o27_f0_nbo.sym.33
DB0-m2_o6_o27_f0_nbo.sym.30 || DB0-m3_o6_o27_f0_nbo.sym.33,DB0-m3_o6_o27_f0_nbo.sym.33,DB0-m2_o6_o27_f0_nbo.sym.30,DB0-m2_o6_o27_f0_nbo.sym.30,DB0-m3_o6_o27_f0_nbo.sym.33,metal_substitution,composition_clean_coordination_pending,stringent,nbo,3D framework,Zn,Cu,12.0,12.0,1.0,0.0252640747546444,0.0161590764962068,0.003108645158798,0.0249342850905653,0.030479663203126,0.0038599999999999,0.0,ARCMOF_20241004/DB0-m3_o6_o27_f0_nbo.sym.33_repeat.cif,ok,Zn,12.0,4;4;4;4;4;4;4;4;5;5;5;5,4;4;4;4;4;4;4;4;4;4;4;4,False,286.0,286.0,0.0,,ARCMOF_20241004/DB0-m2_o6_o27_f0_nbo.sym.30_repeat.cif,ok,Cu,12.0,4;4;4;4;4;4;4;4;5;5;5;5,4;4;4;4;4;4;4;4;4;4;4;4,False,324.0,324.0,0.0,,coordination_compatible,,,,,,,DB0-m3_o6_o27_f0_nbo.sym.33,DB0-m2_o6_o27_f0_nbo.sym.30,DB0-m2_o6_o27_f0_nbo.sym.30,DB0-m3_o6_o27_f0_nbo.sym.33,Cu <-> Zn,evidence_4c260b81d60bc7c0,family_279c8d900a8852ee,1,1,1,landfill_CO2,338.0,3.2,2.845885,0.381762,1.906035,0.185863,True,True,True,True,-0.93985,0.93985,279610,4e-06,4e-08,3.9999999999999994e-09,2.650561,5.085138499999999,1.8047275759822088,0.93985,0.4008489162036411,0.4008489224411736,0.5207711194242123,DB0-m2_o6_o27_f0_nbo.sym.30 || DB0-m3_o6_o27_f0_nbo.sym.33
DB0-m2_o6_o27_f0_nbo.sym.30 || DB0-m3_o6_o27_f0_nbo.sym.33,DB0-m3_o6_o27_f0_nbo.sym.33,DB0-m2_o6_o27_f0_nbo.sym.30,DB0-m2_o6_o27_f0_nbo.sym.30,DB0-m3_o6_o27_f0_nbo.sym.33,metal_substitution,composition_clean_coordination_pending,stringent,nbo,3D framework,Zn,Cu,12.0,12.0,1.0,0.0252640747546444,0.0161590764962068,0.003108645158798,0.0249342850905653,0.030479663203126,0.0038599999999999,0.0,ARCMOF_20241004/DB0-m3_o6_o27_f0_nbo.sym.33_repeat.cif,ok,Zn,12.0,4;4;4;4;4;4;4;4;5;5;5;5,4;4;4;4;4;4;4;4;4;4;4;4,False,286.0,286.0,0.0,,ARCMOF_20241004/DB0-m2_o6_o27_f0_nbo.sym.30_repeat.cif,ok,Cu,12.0,4;4;4;4;4;4;4;4;5;5;5;5,4;4;4;4;4;4;4;4;4;4;4;4,False,324.0,324.0,0.0,,coordination_compatible,,,,,,,DB0-m3_o6_o27_f0_nbo.sym.33,DB0-m2_o6_o27_f0_nbo.sym.30,DB0-m2_o6_o27_f0_nbo.sym.30,DB0-m3_o6_o27_f0_nbo.sym.33,Cu <-> Zn,evidence_4c260b81d60bc7c0,family_279c8d900a8852ee,1,1,1,methane_purification_CH4,298.0,0.9,0.511457,0.035994,0.55521,0.0561,True,True,True,True,0.0437529999999999,0.0437529999999999,279609,2e-06,2e-08,1.9999999999999997e-09,0.527931,1.193629,0.4934751667902149,0.0437529999999999,0.0820829020894668,0.0820829048628758,0.0886630228722332,DB0-m2_o6_o27_f0_nbo.sym.30 || DB0-m3_o6_o27_f0_nbo.sym.33
DB0-m2_o6_o27_f0_nbo.sym.30 || DB0-m3_o6_o27_f0_nbo.sym.33,DB0-m3_o6_o27_f0_nbo.sym.33,DB0-m2_o6_o27_f0_nbo.sym.30,DB0-m2_o6_o27_f0_nbo.sym.30,DB0-m3_o6_o27_f0_nbo.sym.33,metal_substitution,composition_clean_coordination_pending,stringent,nbo,3D framework,Zn,Cu,12.0,12.0,1.0,0.0252640747546444,0.0161590764962068,0.003108645158798,0.0249342850905653,0.030479663203126,0.0038599999999999,0.0,ARCMOF_20241004/DB0-m3_o6_o27_f0_nbo.sym.33_repeat.cif,ok,Zn,12.0,4;4;4;4;4;4;4;4;5;5;5;5,4;4;4;4;4;4;4;4;4;4;4;4,False,286.0,286.0,0.0,,ARCMOF_20241004/DB0-m2_o6_o27_f0_nbo.sym.30_repeat.cif,ok,Cu,12.0,4;4;4;4;4;4;4;4;5;5;5;5,4;4;4;4;4;4;4;4;4;4;4;4,False,324.0,324.0,0.0,,coordination_compatible,,,,,,,DB0-m3_o6_o27_f0_nbo.sym.33,DB0-m2_o6_o27_f0_nbo.sym.30,DB0-m2_o6_o27_f0_nbo.sym.30,DB0-m3_o6_o27_f0_nbo.sym.33,Cu <-> Zn,evidence_4c260b81d60bc7c0,family_279c8d900a8852ee,1,1,1,methane_purification_CH4,298.0,9.0,4.820857,0.220305,4.686256,0.206325,True,True,True,True,-0.1346009999999999,0.1346009999999999,279610,4e-06,4e-08,3.9999999999999994e-09,3.93594425,5.77881075,1.3660982209043735,0.1346009999999999,0.0283177434407821,0.0283177436552688,0.0985295185516693,DB0-m2_o6_o27_f0_nbo.sym.30 || DB0-m3_o6_o27_f0_nbo.sym.33
DB0-m2_o6_o27_f0_nbo.sym.30 || DB0-m3_o6_o27_f0_nbo.sym.33,DB0-m3_o6_o27_f0_nbo.sym.33,DB0-m2_o6_o27_f0_nbo.sym.30,DB0-m2_o6_o27_f0_nbo.sym.30,DB0-m3_o6_o27_f0_nbo.sym.33,metal_substitution,composition_clean_coordination_pending,stringent,nbo,3D framework,Zn,Cu,12.0,12.0,1.0,0.0252640747546444,0.0161590764962068,0.003108645158798,0.0249342850905653,0.030479663203126,0.0038599999999999,0.0,ARCMOF_20241004/DB0-m3_o6_o27_f0_nbo.sym.33_repeat.cif,ok,Zn,12.0,4;4;4;4;4;4;4;4;5;5;5;5,4;4;4;4;4;4;4;4;4;4;4;4,False,286.0,286.0,0.0,,ARCMOF_20241004/DB0-m2_o6_o27_f0_nbo.sym.30_repeat.cif,ok,Cu,12.0,4;4;4;4;4;4;4;4;5;5;5;5,4;4;4;4;4;4;4;4;4;4;4;4,False,324.0,324.0,0.0,,coordination_compatible,,,,,,,DB0-m3_o6_o27_f0_nbo.sym.33,DB0-m2_o6_o27_f0_nbo.sym.30,DB0-m2_o6_o27_f0_nbo.sym.30,DB0-m3_o6_o27_f0_nbo.sym.33,Cu <-> Zn,evidence_4c260b81d60bc7c0,family_279c8d900a8852ee,1,1,1,methane_purification_CO2,298.0,0.1,0.191091,0.020081,0.214609,0.026289,True,True,True,True,0.0235179999999999,0.0235179999999999,279609,4e-06,4e-08,3.9999999999999994e-09,0.22937,0.816658,0.4353506300963677,0.0235179999999999,0.116067990492737,0.1160680111377248,0.0540208245358324,DB0-m2_o6_o27_f0_nbo.sym.30 || DB0-m3_o6_o27_f0_nbo.sym.33
DB0-m2_o6_o27_f0_nbo.sym.30 || DB0-m3_o6_o27_f0_nbo.sym.33,DB0-m3_o6_o27_f0_nbo.sym.33,DB0-m2_o6_o27_f0_nbo.sym.30,DB0-m2_o6_o27_f0_nbo.sym.30,DB0-m3_o6_o27_f0_nbo.sym.33,metal_substitution,composition_clean_coordination_pending,stringent,nbo,3D framework,Zn,Cu,12.0,12.0,1.0,0.0252640747546444,0.0161590764962068,0.003108645158798,0.0249342850905653,0.030479663203126,0.0038599999999999,0.0,ARCMOF_20241004/DB0-m3_o6_o27_f0_nbo.sym.33_repeat.cif,ok,Zn,12.0,4;4;4;4;4;4;4;4;5;5;5;5,4;4;4;4;4;4;4;4;4;4;4;4,False,286.0,286.0,0.0,,ARCMOF_20241004/DB0-m2_o6_o27_f0_nbo.sym.30_repeat.cif,ok,Cu,12.0,4;4;4;4;4;4;4;4;5;5;5;5,4;4;4;4;4;4;4;4;4;4;4;4,False,324.0,324.0,0.0,,coordination_compatible,,,,,,,DB0-m3_o6_o27_f0_nbo.sym.33,DB0-m2_o6_o27_f0_nbo.sym.30,DB0-m2_o6_o27_f0_nbo.sym.30,DB0-m3_o6_o27_f0_nbo.sym.33,Cu <-> Zn,evidence_4c260b81d60bc7c0,family_279c8d900a8852ee,1,1,1,methane_purification_CO2,298.0,1.0,1.826457,0.113926,1.155214,0.142292,True,True,True,True,-0.671243,0.671243,279610,4e-06,4e-08,3.9999999999999994e-09,1.85381575,3.8324775,1.4667618606375092,0.671243,0.458092403760214,0.4580924152129793,0.457635978964065,DB0-m2_o6_o27_f0_nbo.sym.30 || DB0-m3_o6_o27_f0_nbo.sym.33
DB0-m2_o6_o27_f0_nbo.sym.30 || DB0-m3_o6_o27_f0_nbo.sym.33,DB0-m3_o6_o27_f0_nbo.sym.33,DB0-m2_o6_o27_f0_nbo.sym.30,DB0-m2_o6_o27_f0_nbo.sym.30,DB0-m3_o6_o27_f0_nbo.sym.33,metal_substitution,composition_clean_coordination_pending,stringent,nbo,3D framework,Zn,Cu,12.0,12.0,1.0,0.0252640747546444,0.0161590764962068,0.003108645158798,0.0249342850905653,0.030479663203126,0.0038599999999999,0.0,ARCMOF_20241004/DB0-m3_o6_o27_f0_nbo.sym.33_repeat.cif,ok,Zn,12.0,4;4;4;4;4;4;4;4;5;5;5;5,4;4;4;4;4;4;4;4;4;4;4;4,False,286.0,286.0,0.0,,ARCMOF_20241004/DB0-m2_o6_o27_f0_nbo.sym.30_repeat.cif,ok,Cu,12.0,4;4;4;4;4;4;4;4;5;5;5;5,4;4;4;4;4;4;4;4;4;4;4;4,False,324.0,324.0,0.0,,coordination_compatible,,,,,,,DB0-m3_o6_o27_f0_nbo.sym.33,DB0-m2_o6_o27_f0_nbo.sym.30,DB0-m2_o6_o27_f0_nbo.sym.30,DB0-m3_o6_o27_f0_nbo.sym.33,Cu <-> Zn,evidence_4c260b81d60bc7c0,family_279c8d900a8852ee,1,1,1,methane_storage_CH4,298.0,5.8,3.002221,0.098537,3.085372,0.17402,True,True,True,True,0.0831509999999999,0.0831509999999999,279610,5e-06,5e-08,5e-09,3.10265825,5.1876215,1.5455620830244623,0.0831509999999999,0.0273198850174058,0.0273198854213578,0.0537998446735212,DB0-m2_o6_o27_f0_nbo.sym.30 || DB0-m3_o6_o27_f0_nbo.sym.33
DB0-m2_o6_o27_f0_nbo.sym.30 || DB0-m3_o6_o27_f0_nbo.sym.33,DB0-m3_o6_o27_f0_nbo.sym.33,DB0-m2_o6_o27_f0_nbo.sym.30,DB0-m2_o6_o27_f0_nbo.sym.30,DB0-m3_o6_o27_f0_nbo.sym.33,metal_substitution,composition_clean_coordination_pending,stringent,nbo,3D framework,Zn,Cu,12.0,12.0,1.0,0.0252640747546444,0.0161590764962068,0.003108645158798,0.0249342850905653,0.030479663203126,0.0038599999999999,0.0,ARCMOF_20241004/DB0-m3_o6_o27_f0_nbo.sym.33_repeat.cif,ok,Zn,12.0,4;4;4;4;4;4;4;4;5;5;5;5,4;4;4;4;4;4;4;4;4;4;4;4,False,286.0,286.0,0.0,,ARCMOF_20241004/DB0-m2_o6_o27_f0_nbo.sym.30_repeat.cif,ok,Cu,12.0,4;4;4;4;4;4;4;4;5;5;5;5,4;4;4;4;4;4;4;4;4;4;4;4,False,324.0,324.0,0.0,,coordination_compatible,,,,,,,DB0-m3_o6_o27_f0_nbo.sym.33,DB0-m2_o6_o27_f0_nbo.sym.30,DB0-m2_o6_o27_f0_nbo.sym.30,DB0-m3_o6_o27_f0_nbo.sym.33,Cu <-> Zn,evidence_4c260b81d60bc7c0,family_279c8d900a8852ee,1,1,1,methane_storage_CH4,298.0,65.0,32.684095,0.3683,31.852982,0.43347,True,True,True,True,-0.8311129999999984,0.8311129999999984,279610,4e-06,4e-08,3.9999999999999994e-09,10.7545755,19.84731525,6.740355633802818,0.8311129999999984,0.0257575640981575,0.0257575641268963,0.1233040280296153,DB0-m2_o6_o27_f0_nbo.sym.30 || DB0-m3_o6_o27_f0_nbo.sym.33
DB0-m2_o6_o27_f0_nbo.sym.30 || DB0-m3_o6_o27_f0_nbo.sym.33,DB0-m3_o6_o27_f0_nbo.sym.33,DB0-m2_o6_o27_f0_nbo.sym.30,DB0-m2_o6_o27_f0_nbo.sym.30,DB0-m3_o6_o27_f0_nbo.sym.33,metal_substitution,composition_clean_coordination_pending,stringent,nbo,3D framework,Zn,Cu,12.0,12.0,1.0,0.0252640747546444,0.0161590764962068,0.003108645158798,0.0249342850905653,0.030479663203126,0.0038599999999999,0.0,ARCMOF_20241004/DB0-m3_o6_o27_f0_nbo.sym.33_repeat.cif,ok,Zn,12.0,4;4;4;4;4;4;4;4;5;5;5;5,4;4;4;4;4;4;4;4;4;4;4;4,False,286.0,286.0,0.0,,ARCMOF_20241004/DB0-m2_o6_o27_f0_nbo.sym.30_repeat.cif,ok,Cu,12.0,4;4;4;4;4;4;4;4;5;5;5;5,4;4;4;4;4;4;4;4;4;4;4;4,False,324.0,324.0,0.0,,coordination_compatible,,,,,,,DB0-m3_o6_o27_f0_nbo.sym.33,DB0-m2_o6_o27_f0_nbo.sym.30,DB0-m2_o6_o27_f0_nbo.sym.30,DB0-m3_o6_o27_f0_nbo.sym.33,Cu <-> Zn,evidence_4c260b81d60bc7c0,family_279c8d900a8852ee,1,1,1,post_combustion_CO2,298.0,0.015,0.058534,0.050561,0.053291,0.011943,True,True,True,True,-0.005243,0.005243,279610,3e-06,3.0000000000000004e-08,3e-09,0.057355,0.15771675,0.0743971460340993,0.005243,0.0938402701861225,0.0938403155678777,0.0704731334397816,DB0-m2_o6_o27_f0_nbo.sym.30 || DB0-m3_o6_o27_f0_nbo.sym.33
DB0-m2_o6_o27_f0_nbo.sym.30 || DB0-m3_o6_o27_f0_nbo.sym.33,DB0-m3_o6_o27_f0_nbo.sym.33,DB0-m2_o6_o27_f0_nbo.sym.30,DB0-m2_o6_o27_f0_nbo.sym.30,DB0-m3_o6_o27_f0_nbo.sym.33,metal_substitution,composition_clean_coordination_pending,stringent,nbo,3D framework,Zn,Cu,12.0,12.0,1.0,0.0252640747546444,0.0161590764962068,0.003108645158798,0.0249342850905653,0.030479663203126,0.0038599999999999,0.0,ARCMOF_20241004/DB0-m3_o6_o27_f0_nbo.sym.33_repeat.cif,ok,Zn,12.0,4;4;4;4;4;4;4;4;5;5;5;5,4;4;4;4;4;4;4;4;4;4;4;4,False,286.0,286.0,0.0,,ARCMOF_20241004/DB0-m2_o6_o27_f0_nbo.sym.30_repeat.cif,ok,Cu,12.0,4;4;4;4;4;4;4;4;5;5;5;5,4;4;4;4;4;4;4;4;4;4;4;4,False,324.0,324.0,0.0,,coordination_compatible,,,,,,,DB0-m3_o6_o27_f0_nbo.sym.33,DB0-m2_o6_o27_f0_nbo.sym.30,DB0-m2_o6_o27_f0_nbo.sym.30,DB0-m3_o6_o27_f0_nbo.sym.33,Cu <-> Zn,evidence_4c260b81d60bc7c0,family_279c8d900a8852ee,1,1,1,post_combustion_CO2,298.0,0.15,0.333299,0.093302,0.227555,0.014038,True,True,True,True,-0.105744,0.105744,279610,1e-06,1e-08,9.999999999999999e-10,0.32161925,1.28842775,0.7166853224610823,0.105744,0.3816480036528853,0.3816480162009814,0.1475459266235247,DB0-m2_o6_o27_f0_nbo.sym.30 || DB0-m3_o6_o27_f0_nbo.sym.33
DB0-m2_o6_o27_f0_nbo.sym.30 || DB0-m3_o6_o27_f0_nbo.sym.33,DB0-m3_o6_o27_f0_nbo.sym.33,DB0-m2_o6_o27_f0_nbo.sym.30,DB0-m2_o6_o27_f0_nbo.sym.30,DB0-m3_o6_o27_f0_nbo.sym.33,metal_substitution,composition_clean_coordination_pending,stringent,nbo,3D framework,Zn,Cu,12.0,12.0,1.0,0.0252640747546444,0.0161590764962068,0.003108645158798,0.0249342850905653,0.030479663203126,0.0038599999999999,0.0,ARCMOF_20241004/DB0-m3_o6_o27_f0_nbo.sym.33_repeat.cif,ok,Zn,12.0,4;4;4;4;4;4;4;4;5;5;5;5,4;4;4;4;4;4;4;4;4;4;4;4,False,286.0,286.0,0.0,,ARCMOF_20241004/DB0-m2_o6_o27_f0_nbo.sym.30_repeat.cif,ok,Cu,12.0,4;4;4;4;4;4;4;4;5;5;5;5,4;4;4;4;4;4;4;4;4;4;4;4,False,324.0,324.0,0.0,,coordination_compatible,,,,,,,DB0-m3_o6_o27_f0_nbo.sym.33,DB0-m2_o6_o27_f0_nbo.sym.30,DB0-m2_o6_o27_f0_nbo.sym.30,DB0-m3_o6_o27_f0_nbo.sym.33,Cu <-> Zn,evidence_4c260b81d60bc7c0,family_279c8d900a8852ee,1,1,1,post_combustion_N2,298.0,0.075,0.060237,0.005452,0.06022,0.004925,True,True,True,True,-1.6999999999996185e-05,1.6999999999996185e-05,279610,5e-06,5e-08,5e-09,0.0272,0.03577,0.0063528539659006,1.6999999999996185e-05,0.0002822581668135,0.0002822583777044,0.0026759626604428,DB0-m2_o6_o27_f0_nbo.sym.30 || DB0-m3_o6_o27_f0_nbo.sym.33
DB0-m2_o6_o27_f0_nbo.sym.30 || DB0-m3_o6_o27_f0_nbo.sym.33,DB0-m3_o6_o27_f0_nbo.sym.33,DB0-m2_o6_o27_f0_nbo.sym.30,DB0-m2_o6_o27_f0_nbo.sym.30,DB0-m3_o6_o27_f0_nbo.sym.33,metal_substitution,composition_clean_coordination_pending,stringent,nbo,3D framework,Zn,Cu,12.0,12.0,1.0,0.0252640747546444,0.0161590764962068,0.003108645158798,0.0249342850905653,0.030479663203126,0.0038599999999999,0.0,ARCMOF_20241004/DB0-m3_o6_o27_f0_nbo.sym.33_repeat.cif,ok,Zn,12.0,4;4;4;4;4;4;4;4;5;5;5;5,4;4;4;4;4;4;4;4;4;4;4;4,False,286.0,286.0,0.0,,ARCMOF_20241004/DB0-m2_o6_o27_f0_nbo.sym.30_repeat.cif,ok,Cu,12.0,4;4;4;4;4;4;4;4;5;5;5;5,4;4;4;4;4;4;4;4;4;4;4;4,False,324.0,324.0,0.0,,coordination_compatible,,,,,,,DB0-m3_o6_o27_f0_nbo.sym.33,DB0-m2_o6_o27_f0_nbo.sym.30,DB0-m2_o6_o27_f0_nbo.sym.30,DB0-m3_o6_o27_f0_nbo.sym.33,Cu <-> Zn,evidence_4c260b81d60bc7c0,family_279c8d900a8852ee,1,1,1,post_combustion_N2,298.0,0.75,0.347561,0.007627,0.357105,0.017375,True,True,True,True,0.0095439999999999,0.0095439999999999,279610,1.3e-05,1.3e-07,1.3e-08,0.130173,0.174595,0.0329295774647887,0.0095439999999999,0.0270896570181873,0.0270896660150095,0.289830624465355,DB0-m2_o6_o27_f0_nbo.sym.30 || DB0-m3_o6_o27_f0_nbo.sym.33
DB0-m2_o6_o27_f0_nbo.sym.30 || DB0-m3_o6_o27_f0_nbo.sym.33,DB0-m3_o6_o27_f0_nbo.sym.33,DB0-m2_o6_o27_f0_nbo.sym.30,DB0-m2_o6_o27_f0_nbo.sym.30,DB0-m3_o6_o27_f0_nbo.sym.33,metal_substitution,composition_clean_coordination_pending,stringent,nbo,3D framework,Zn,Cu,12.0,12.0,1.0,0.0252640747546444,0.0161590764962068,0.003108645158798,0.0249342850905653,0.030479663203126,0.0038599999999999,0.0,ARCMOF_20241004/DB0-m3_o6_o27_f0_nbo.sym.33_repeat.cif,ok,Zn,12.0,4;4;4;4;4;4;4;4;5;5;5;5,4;4;4;4;4;4;4;4;4;4;4;4,False,286.0,286.0,0.0,,ARCMOF_20241004/DB0-m2_o6_o27_f0_nbo.sym.30_repeat.cif,ok,Cu,12.0,4;4;4;4;4;4;4;4;5;5;5;5,4;4;4;4;4;4;4;4;4;4;4;4,False,324.0,324.0,0.0,,coordination_compatible,,,,,,,DB0-m3_o6_o27_f0_nbo.sym.33,DB0-m2_o6_o27_f0_nbo.sym.30,DB0-m2_o6_o27_f0_nbo.sym.30,DB0-m3_o6_o27_f0_nbo.sym.33,Cu <-> Zn,evidence_4c260b81d60bc7c0,family_279c8d900a8852ee,1,1,1,pre_combustion_CO2,313.0,0.4,0.514251,0.116207,0.386778,0.013715,True,True,True,True,-0.127473,0.127473,279610,4e-06,4e-08,3.9999999999999994e-09,0.580207,1.99224775,1.046731467753892,0.127473,0.2848605624525941,0.2848605855245152,0.1217819506979525,DB0-m2_o6_o27_f0_nbo.sym.30 || DB0-m3_o6_o27_f0_nbo.sym.33
DB0-m2_o6_o27_f0_nbo.sym.30 || DB0-m3_o6_o27_f0_nbo.sym.33,DB0-m3_o6_o27_f0_nbo.sym.33,DB0-m2_o6_o27_f0_nbo.sym.30,DB0-m2_o6_o27_f0_nbo.sym.30,DB0-m3_o6_o27_f0_nbo.sym.33,metal_substitution,composition_clean_coordination_pending,stringent,nbo,3D framework,Zn,Cu,12.0,12.0,1.0,0.0252640747546444,0.0161590764962068,0.003108645158798,0.0249342850905653,0.030479663203126,0.0038599999999999,0.0,ARCMOF_20241004/DB0-m3_o6_o27_f0_nbo.sym.33_repeat.cif,ok,Zn,12.0,4;4;4;4;4;4;4;4;5;5;5;5,4;4;4;4;4;4;4;4;4;4;4;4,False,286.0,286.0,0.0,,ARCMOF_20241004/DB0-m2_o6_o27_f0_nbo.sym.30_repeat.cif,ok,Cu,12.0,4;4;4;4;4;4;4;4;5;5;5;5,4;4;4;4;4;4;4;4;4;4;4;4,False,324.0,324.0,0.0,,coordination_compatible,,,,,,,DB0-m3_o6_o27_f0_nbo.sym.33,DB0-m2_o6_o27_f0_nbo.sym.30,DB0-m2_o6_o27_f0_nbo.sym.30,DB0-m3_o6_o27_f0_nbo.sym.33,Cu <-> Zn,evidence_4c260b81d60bc7c0,family_279c8d900a8852ee,1,1,1,pre_combustion_CO2,313.0,16.0,16.394988,0.815342,13.380552,0.346695,True,True,True,True,-3.0144360000000017,3.0144360000000017,279485,2e-06,2e-08,1.9999999999999997e-09,12.337041,20.473715,6.031633802816901,3.0144360000000017,0.2031733686365808,0.2031733688839203,0.4997710568224808,DB0-m2_o6_o27_f0_nbo.sym.30 || DB0-m3_o6_o27_f0_nbo.sym.33
DB0-m2_o6_o27_f0_nbo.sym.30 || DB0-m3_o6_o27_f0_nbo.sym.33,DB0-m3_o6_o27_f0_nbo.sym.33,DB0-m2_o6_o27_f0_nbo.sym.30,DB0-m2_o6_o27_f0_nbo.sym.30,DB0-m3_o6_o27_f0_nbo.sym.33,metal_substitution,composition_clean_coordination_pending,stringent,nbo,3D framework,Zn,Cu,12.0,12.0,1.0,0.0252640747546444,0.0161590764962068,0.003108645158798,0.0249342850905653,0.030479663203126,0.0038599999999999,0.0,ARCMOF_20241004/DB0-m3_o6_o27_f0_nbo.sym.33_repeat.cif,ok,Zn,12.0,4;4;4;4;4;4;4;4;5;5;5;5,4;4;4;4;4;4;4;4;4;4;4;4,False,286.0,286.0,0.0,,ARCMOF_20241004/DB0-m2_o6_o27_f0_nbo.sym.30_repeat.cif,ok,Cu,12.0,4;4;4;4;4;4;4;4;5;5;5;5,4;4;4;4;4;4;4;4;4;4;4;4,False,324.0,324.0,0.0,,coordination_compatible,,,,,,,DB0-m3_o6_o27_f0_nbo.sym.33,DB0-m2_o6_o27_f0_nbo.sym.30,DB0-m2_o6_o27_f0_nbo.sym.30,DB0-m3_o6_o27_f0_nbo.sym.33,Cu <-> Zn,evidence_4c260b81d60bc7c0,family_279c8d900a8852ee,1,1,1,pre_combustion_H2,313.0,0.6,0.233044,0.013197,0.232387,0.016603,True,True,True,True,-0.0006569999999999,0.0006569999999999,279610,5e-06,5e-08,5e-09,0.046524,0.08545275,0.0288574870274277,0.0006569999999999,0.0028231909572853,0.0028231915032042,0.0227670551969942,DB0-m2_o6_o27_f0_nbo.sym.30 || DB0-m3_o6_o27_f0_nbo.sym.33
DB0-m2_o6_o27_f0_nbo.sym.30 || DB0-m3_o6_o27_f0_nbo.sym.33,DB0-m3_o6_o27_f0_nbo.sym.33,DB0-m2_o6_o27_f0_nbo.sym.30,DB0-m2_o6_o27_f0_nbo.sym.30,DB0-m3_o6_o27_f0_nbo.sym.33,metal_substitution,composition_clean_coordination_pending,stringent,nbo,3D framework,Zn,Cu,12.0,12.0,1.0,0.0252640747546444,0.0161590764962068,0.003108645158798,0.0249342850905653,0.030479663203126,0.0038599999999999,0.0,ARCMOF_20241004/DB0-m3_o6_o27_f0_nbo.sym.33_repeat.cif,ok,Zn,12.0,4;4;4;4;4;4;4;4;5;5;5;5,4;4;4;4;4;4;4;4;4;4;4;4,False,286.0,286.0,0.0,,ARCMOF_20241004/DB0-m2_o6_o27_f0_nbo.sym.30_repeat.cif,ok,Cu,12.0,4;4;4;4;4;4;4;4;5;5;5;5,4;4;4;4;4;4;4;4;4;4;4;4,False,324.0,324.0,0.0,,coordination_compatible,,,,,,,DB0-m3_o6_o27_f0_nbo.sym.33,DB0-m2_o6_o27_f0_nbo.sym.30,DB0-m2_o6_o27_f0_nbo.sym.30,DB0-m3_o6_o27_f0_nbo.sym.33,Cu <-> Zn,evidence_4c260b81d60bc7c0,family_279c8d900a8852ee,1,1,1,pre_combustion_H2,313.0,24.0,4.619295,0.052605,4.574752,0.078232,True,True,True,True,-0.044543,0.044543,279485,6e-06,6.000000000000002e-08,6e-09,0.143488,0.865489,0.535212008895478,0.044543,0.0096896063124882,0.0096896064263112,0.0832249636773356,DB0-m2_o6_o27_f0_nbo.sym.30 || DB0-m3_o6_o27_f0_nbo.sym.33
DB0-m2_o7_o7_f0_nbo.sym.45 || DB0-m3_o7_o7_f0_nbo.sym.48,DB0-m3_o7_o7_f0_nbo.sym.48,DB0-m2_o7_o7_f0_nbo.sym.45,DB0-m2_o7_o7_f0_nbo.sym.45,DB0-m3_o7_o7_f0_nbo.sym.48,metal_substitution,composition_clean_coordination_pending,stringent,nbo,3D framework,Zn,Cu,12.0,12.0,1.0,0.0181592271535832,0.0118798970369264,0.0181062288489456,0.0276896782957983,0.0299081141699525,0.0199799999999999,0.0134999999999999,ARCMOF_20241004/DB0-m3_o7_o7_f0_nbo.sym.48_repeat.cif,ok,Zn,12.0,4;4;4;4;4;4;4;4;4;4;4;4,4;4;4;4;4;4;4;4;4;4;4;4,True,276.0,276.0,0.0,,ARCMOF_20241004/DB0-m2_o7_o7_f0_nbo.sym.45_repeat.cif,ok,Cu,12.0,4;4;4;4;4;4;4;4;4;4;4;4,4;4;4;4;4;4;4;4;4;4;4;4,True,324.0,324.0,0.0,,coordination_compatible,,,,,,,DB0-m3_o7_o7_f0_nbo.sym.48,DB0-m2_o7_o7_f0_nbo.sym.45,DB0-m2_o7_o7_f0_nbo.sym.45,DB0-m3_o7_o7_f0_nbo.sym.48,Cu <-> Zn,evidence_55ecd01a9672730a,family_2367445925f73a0a,1,1,1,landfill_CH4,338.0,0.01,0.007264,0.001151,0.004612,0.001021,True,True,True,True,-0.002652,0.002652,279610,1e-06,1e-08,9.999999999999999e-10,0.009666,0.017173,0.0055648628613788,0.002652,0.4542682472888426,0.4542689597317197,0.4765616091647794,DB0-m2_o7_o7_f0_nbo.sym.45 || DB0-m3_o7_o7_f0_nbo.sym.48
DB0-m2_o7_o7_f0_nbo.sym.45 || DB0-m3_o7_o7_f0_nbo.sym.48,DB0-m3_o7_o7_f0_nbo.sym.48,DB0-m2_o7_o7_f0_nbo.sym.45,DB0-m2_o7_o7_f0_nbo.sym.45,DB0-m3_o7_o7_f0_nbo.sym.48,metal_substitution,composition_clean_coordination_pending,stringent,nbo,3D framework,Zn,Cu,12.0,12.0,1.0,0.0181592271535832,0.0118798970369264,0.0181062288489456,0.0276896782957983,0.0299081141699525,0.0199799999999999,0.0134999999999999,ARCMOF_20241004/DB0-m3_o7_o7_f0_nbo.sym.48_repeat.cif,ok,Zn,12.0,4;4;4;4;4;4;4;4;4;4;4;4,4;4;4;4;4;4;4;4;4;4;4;4,True,276.0,276.0,0.0,,ARCMOF_20241004/DB0-m2_o7_o7_f0_nbo.sym.45_repeat.cif,ok,Cu,12.0,4;4;4;4;4;4;4;4;4;4;4;4,4;4;4;4;4;4;4;4;4;4;4;4,True,324.0,324.0,0.0,,coordination_compatible,,,,,,,DB0-m3_o7_o7_f0_nbo.sym.48,DB0-m2_o7_o7_f0_nbo.sym.45,DB0-m2_o7_o7_f0_nbo.sym.45,DB0-m3_o7_o7_f0_nbo.sym.48,Cu <-> Zn,evidence_55ecd01a9672730a,family_2367445925f73a0a,1,1,1,landfill_CH4,338.0,4.4,0.951331,0.080797,0.743878,0.028011,True,True,True,True,-0.207453,0.207453,279610,1e-06,1e-08,9.999999999999999e-10,1.25872725,1.8114855,0.4097540770941437,0.207453,0.2459850108436954,0.2459850134820238,0.5062866035920768,DB0-m2_o7_o7_f0_nbo.sym.45 || DB0-m3_o7_o7_f0_nbo.sym.48
DB0-m2_o7_o7_f0_nbo.sym.45 || DB0-m3_o7_o7_f0_nbo.sym.48,DB0-m3_o7_o7_f0_nbo.sym.48,DB0-m2_o7_o7_f0_nbo.sym.45,DB0-m2_o7_o7_f0_nbo.sym.45,DB0-m3_o7_o7_f0_nbo.sym.48,metal_substitution,composition_clean_coordination_pending,stringent,nbo,3D framework,Zn,Cu,12.0,12.0,1.0,0.0181592271535832,0.0118798970369264,0.0181062288489456,0.0276896782957983,0.0299081141699525,0.0199799999999999,0.0134999999999999,ARCMOF_20241004/DB0-m3_o7_o7_f0_nbo.sym.48_repeat.cif,ok,Zn,12.0,4;4;4;4;4;4;4;4;4;4;4;4,4;4;4;4;4;4;4;4;4;4;4;4,True,276.0,276.0,0.0,,ARCMOF_20241004/DB0-m2_o7_o7_f0_nbo.sym.45_repeat.cif,ok,Cu,12.0,4;4;4;4;4;4;4;4;4;4;4;4,4;4;4;4;4;4;4;4;4;4;4;4,True,324.0,324.0,0.0,,coordination_compatible,,,,,,,DB0-m3_o7_o7_f0_nbo.sym.48,DB0-m2_o7_o7_f0_nbo.sym.45,DB0-m2_o7_o7_f0_nbo.sym.45,DB0-m3_o7_o7_f0_nbo.sym.48,Cu <-> Zn,evidence_55ecd01a9672730a,family_2367445925f73a0a,1,1,1,landfill_CO2,338.0,0.26,0.14016,0.028522,0.09304,0.012697,True,True,True,True,-0.04712,0.04712,279610,4e-06,4e-08,3.9999999999999994e-09,0.247956,0.704353,0.3383224610822832,0.04712,0.4097549744432378,0.4097551045242242,0.1392754115386385,DB0-m2_o7_o7_f0_nbo.sym.45 || DB0-m3_o7_o7_f0_nbo.sym.48
DB0-m2_o7_o7_f0_nbo.sym.45 || DB0-m3_o7_o7_f0_nbo.sym.48,DB0-m3_o7_o7_f0_nbo.sym.48,DB0-m2_o7_o7_f0_nbo.sym.45,DB0-m2_o7_o7_f0_nbo.sym.45,DB0-m3_o7_o7_f0_nbo.sym.48,metal_substitution,composition_clean_coordination_pending,stringent,nbo,3D framework,Zn,Cu,12.0,12.0,1.0,0.0181592271535832,0.0118798970369264,0.0181062288489456,0.0276896782957983,0.0299081141699525,0.0199799999999999,0.0134999999999999,ARCMOF_20241004/DB0-m3_o7_o7_f0_nbo.sym.48_repeat.cif,ok,Zn,12.0,4;4;4;4;4;4;4;4;4;4;4;4,4;4;4;4;4;4;4;4;4;4;4;4,True,276.0,276.0,0.0,,ARCMOF_20241004/DB0-m2_o7_o7_f0_nbo.sym.45_repeat.cif,ok,Cu,12.0,4;4;4;4;4;4;4;4;4;4;4;4,4;4;4;4;4;4;4;4;4;4;4;4,True,324.0,324.0,0.0,,coordination_compatible,,,,,,,DB0-m3_o7_o7_f0_nbo.sym.48,DB0-m2_o7_o7_f0_nbo.sym.45,DB0-m2_o7_o7_f0_nbo.sym.45,DB0-m3_o7_o7_f0_nbo.sym.48,Cu <-> Zn,evidence_55ecd01a9672730a,family_2367445925f73a0a,1,1,1,landfill_CO2,338.0,3.2,1.251813,0.076348,0.78542,0.052728,True,True,True,True,-0.466393,0.466393,279610,4e-06,4e-08,3.9999999999999994e-09,2.650561,5.085138499999999,1.8047275759822088,0.466393,0.4661295539566651,0.4661295710337247,0.2584284776311291,DB0-m2_o7_o7_f0_nbo.sym.45 || DB0-m3_o7_o7_f0_nbo.sym.48
DB0-m2_o7_o7_f0_nbo.sym.45 || DB0-m3_o7_o7_f0_nbo.sym.48,DB0-m3_o7_o7_f0_nbo.sym.48,DB0-m2_o7_o7_f0_nbo.sym.45,DB0-m2_o7_o7_f0_nbo.sym.45,DB0-m3_o7_o7_f0_nbo.sym.48,metal_substitution,composition_clean_coordination_pending,stringent,nbo,3D framework,Zn,Cu,12.0,12.0,1.0,0.0181592271535832,0.0118798970369264,0.0181062288489456,0.0276896782957983,0.0299081141699525,0.0199799999999999,0.0134999999999999,ARCMOF_20241004/DB0-m3_o7_o7_f0_nbo.sym.48_repeat.cif,ok,Zn,12.0,4;4;4;4;4;4;4;4;4;4;4;4,4;4;4;4;4;4;4;4;4;4;4;4,True,276.0,276.0,0.0,,ARCMOF_20241004/DB0-m2_o7_o7_f0_nbo.sym.45_repeat.cif,ok,Cu,12.0,4;4;4;4;4;4;4;4;4;4;4;4,4;4;4;4;4;4;4;4;4;4;4;4,True,324.0,324.0,0.0,,coordination_compatible,,,,,,,DB0-m3_o7_o7_f0_nbo.sym.48,DB0-m2_o7_o7_f0_nbo.sym.45,DB0-m2_o7_o7_f0_nbo.sym.45,DB0-m3_o7_o7_f0_nbo.sym.48,Cu <-> Zn,evidence_55ecd01a9672730a,family_2367445925f73a0a,1,1,1,methane_purification_CH4,298.0,0.9,0.314967,0.028567,0.258105,0.013909,True,True,True,True,-0.056862,0.056862,279609,2e-06,2e-08,1.9999999999999997e-09,0.527931,1.193629,0.4934751667902149,0.056862,0.1991013785706015,0.1991013911608161,0.115227682823142,DB0-m2_o7_o7_f0_nbo.sym.45 || DB0-m3_o7_o7_f0_nbo.sym.48
DB0-m2_o7_o7_f0_nbo.sym.45 || DB0-m3_o7_o7_f0_nbo.sym.48,DB0-m3_o7_o7_f0_nbo.sym.48,DB0-m2_o7_o7_f0_nbo.sym.45,DB0-m2_o7_o7_f0_nbo.sym.45,DB0-m3_o7_o7_f0_nbo.sym.48,metal_substitution,composition_clean_coordination_pending,stringent,nbo,3D framework,Zn,Cu,12.0,12.0,1.0,0.0181592271535832,0.0118798970369264,0.0181062288489456,0.0276896782957983,0.0299081141699525,0.0199799999999999,0.0134999999999999,ARCMOF_20241004/DB0-m3_o7_o7_f0_nbo.sym.48_repeat.cif,ok,Zn,12.0,4;4;4;4;4;4;4;4;4;4;4;4,4;4;4;4;4;4;4;4;4;4;4;4,True,276.0,276.0,0.0,,ARCMOF_20241004/DB0-m2_o7_o7_f0_nbo.sym.45_repeat.cif,ok,Cu,12.0,4;4;4;4;4;4;4;4;4;4;4;4,4;4;4;4;4;4;4;4;4;4;4;4,True,324.0,324.0,0.0,,coordination_compatible,,,,,,,DB0-m3_o7_o7_f0_nbo.sym.48,DB0-m2_o7_o7_f0_nbo.sym.45,DB0-m2_o7_o7_f0_nbo.sym.45,DB0-m3_o7_o7_f0_nbo.sym.48,Cu <-> Zn,evidence_55ecd01a9672730a,family_2367445925f73a0a,1,1,1,methane_purification_CH4,298.0,9.0,2.677258,0.057147,2.118503,0.128779,True,True,True,True,-0.5587550000000001,0.5587550000000001,279610,4e-06,4e-08,3.9999999999999994e-09,3.93594425,5.77881075,1.3660982209043735,0.5587550000000001,0.2340834253148326,0.2340834288613704,0.4090152460853785,DB0-m2_o7_o7_f0_nbo.sym.45 || DB0-m3_o7_o7_f0_nbo.sym.48
DB0-m2_o7_o7_f0_nbo.sym.45 || DB0-m3_o7_o7_f0_nbo.sym.48,DB0-m3_o7_o7_f0_nbo.sym.48,DB0-m2_o7_o7_f0_nbo.sym.45,DB0-m2_o7_o7_f0_nbo.sym.45,DB0-m3_o7_o7_f0_nbo.sym.48,metal_substitution,composition_clean_coordination_pending,stringent,nbo,3D framework,Zn,Cu,12.0,12.0,1.0,0.0181592271535832,0.0118798970369264,0.0181062288489456,0.0276896782957983,0.0299081141699525,0.0199799999999999,0.0134999999999999,ARCMOF_20241004/DB0-m3_o7_o7_f0_nbo.sym.48_repeat.cif,ok,Zn,12.0,4;4;4;4;4;4;4;4;4;4;4;4,4;4;4;4;4;4;4;4;4;4;4;4,True,276.0,276.0,0.0,,ARCMOF_20241004/DB0-m2_o7_o7_f0_nbo.sym.45_repeat.cif,ok,Cu,12.0,4;4;4;4;4;4;4;4;4;4;4;4,4;4;4;4;4;4;4;4;4;4;4;4,True,324.0,324.0,0.0,,coordination_compatible,,,,,,,DB0-m3_o7_o7_f0_nbo.sym.48,DB0-m2_o7_o7_f0_nbo.sym.45,DB0-m2_o7_o7_f0_nbo.sym.45,DB0-m3_o7_o7_f0_nbo.sym.48,Cu <-> Zn,evidence_55ecd01a9672730a,family_2367445925f73a0a,1,1,1,methane_purification_CO2,298.0,0.1,0.112715,0.020242,0.07151,0.010865,True,True,True,True,-0.0412049999999999,0.0412049999999999,279609,4e-06,4e-08,3.9999999999999994e-09,0.22937,0.816658,0.4353506300963677,0.0412049999999999,0.4550250043609036,0.4550251883972942,0.0946478473934423,DB0-m2_o7_o7_f0_nbo.sym.45 || DB0-m3_o7_o7_f0_nbo.sym.48
DB0-m2_o7_o7_f0_nbo.sym.45 || DB0-m3_o7_o7_f0_nbo.sym.48,DB0-m3_o7_o7_f0_nbo.sym.48,DB0-m2_o7_o7_f0_nbo.sym.45,DB0-m2_o7_o7_f0_nbo.sym.45,DB0-m3_o7_o7_f0_nbo.sym.48,metal_substitution,composition_clean_coordination_pending,stringent,nbo,3D framework,Zn,Cu,12.0,12.0,1.0,0.0181592271535832,0.0118798970369264,0.0181062288489456,0.0276896782957983,0.0299081141699525,0.0199799999999999,0.0134999999999999,ARCMOF_20241004/DB0-m3_o7_o7_f0_nbo.sym.48_repeat.cif,ok,Zn,12.0,4;4;4;4;4;4;4;4;4;4;4;4,4;4;4;4;4;4;4;4;4;4;4;4,True,276.0,276.0,0.0,,ARCMOF_20241004/DB0-m2_o7_o7_f0_nbo.sym.45_repeat.cif,ok,Cu,12.0,4;4;4;4;4;4;4;4;4;4;4;4,4;4;4;4;4;4;4;4;4;4;4;4,True,324.0,324.0,0.0,,coordination_compatible,,,,,,,DB0-m3_o7_o7_f0_nbo.sym.48,DB0-m2_o7_o7_f0_nbo.sym.45,DB0-m2_o7_o7_f0_nbo.sym.45,DB0-m3_o7_o7_f0_nbo.sym.48,Cu <-> Zn,evidence_55ecd01a9672730a,family_2367445925f73a0a,1,1,1,methane_purification_CO2,298.0,1.0,0.773601,0.068384,0.399941,0.00604,True,True,True,True,-0.37366,0.37366,279610,4e-06,4e-08,3.9999999999999994e-09,1.85381575,3.8324775,1.4667618606375092,0.37366,0.6597391522586591,0.6597391957363151,0.2547516471675868,DB0-m2_o7_o7_f0_nbo.sym.45 || DB0-m3_o7_o7_f0_nbo.sym.48
DB0-m2_o7_o7_f0_nbo.sym.45 || DB0-m3_o7_o7_f0_nbo.sym.48,DB0-m3_o7_o7_f0_nbo.sym.48,DB0-m2_o7_o7_f0_nbo.sym.45,DB0-m2_o7_o7_f0_nbo.sym.45,DB0-m3_o7_o7_f0_nbo.sym.48,metal_substitution,composition_clean_coordination_pending,stringent,nbo,3D framework,Zn,Cu,12.0,12.0,1.0,0.0181592271535832,0.0118798970369264,0.0181062288489456,0.0276896782957983,0.0299081141699525,0.0199799999999999,0.0134999999999999,ARCMOF_20241004/DB0-m3_o7_o7_f0_nbo.sym.48_repeat.cif,ok,Zn,12.0,4;4;4;4;4;4;4;4;4;4;4;4,4;4;4;4;4;4;4;4;4;4;4;4,True,276.0,276.0,0.0,,ARCMOF_20241004/DB0-m2_o7_o7_f0_nbo.sym.45_repeat.cif,ok,Cu,12.0,4;4;4;4;4;4;4;4;4;4;4;4,4;4;4;4;4;4;4;4;4;4;4;4,True,324.0,324.0,0.0,,coordination_compatible,,,,,,,DB0-m3_o7_o7_f0_nbo.sym.48,DB0-m2_o7_o7_f0_nbo.sym.45,DB0-m2_o7_o7_f0_nbo.sym.45,DB0-m3_o7_o7_f0_nbo.sym.48,Cu <-> Zn,evidence_55ecd01a9672730a,family_2367445925f73a0a,1,1,1,methane_storage_CH4,298.0,5.8,1.82013,0.086802,1.388147,0.055861,True,True,True,True,-0.431983,0.431983,279610,5e-06,5e-08,5e-09,3.10265825,5.1876215,1.5455620830244623,0.431983,0.2709381543027996,0.2709381619966067,0.2794989633510327,DB0-m2_o7_o7_f0_nbo.sym.45 || DB0-m3_o7_o7_f0_nbo.sym.48
DB0-m2_o7_o7_f0_nbo.sym.45 || DB0-m3_o7_o7_f0_nbo.sym.48,DB0-m3_o7_o7_f0_nbo.sym.48,DB0-m2_o7_o7_f0_nbo.sym.45,DB0-m2_o7_o7_f0_nbo.sym.45,DB0-m3_o7_o7_f0_nbo.sym.48,metal_substitution,composition_clean_coordination_pending,stringent,nbo,3D framework,Zn,Cu,12.0,12.0,1.0,0.0181592271535832,0.0118798970369264,0.0181062288489456,0.0276896782957983,0.0299081141699525,0.0199799999999999,0.0134999999999999,ARCMOF_20241004/DB0-m3_o7_o7_f0_nbo.sym.48_repeat.cif,ok,Zn,12.0,4;4;4;4;4;4;4;4;4;4;4;4,4;4;4;4;4;4;4;4;4;4;4;4,True,276.0,276.0,0.0,,ARCMOF_20241004/DB0-m2_o7_o7_f0_nbo.sym.45_repeat.cif,ok,Cu,12.0,4;4;4;4;4;4;4;4;4;4;4;4,4;4;4;4;4;4;4;4;4;4;4;4,True,324.0,324.0,0.0,,coordination_compatible,,,,,,,DB0-m3_o7_o7_f0_nbo.sym.48,DB0-m2_o7_o7_f0_nbo.sym.45,DB0-m2_o7_o7_f0_nbo.sym.45,DB0-m3_o7_o7_f0_nbo.sym.48,Cu <-> Zn,evidence_55ecd01a9672730a,family_2367445925f73a0a,1,1,1,methane_storage_CH4,298.0,65.0,14.80145,0.242397,14.220241,0.112994,True,True,True,True,-0.5812090000000012,0.5812090000000012,279610,4e-06,4e-08,3.9999999999999994e-09,10.7545755,19.84731525,6.740355633802818,0.5812090000000012,0.0400587766414517,0.0400587767408602,0.0862282395138386,DB0-m2_o7_o7_f0_nbo.sym.45 || DB0-m3_o7_o7_f0_nbo.sym.48
DB0-m2_o7_o7_f0_nbo.sym.45 || DB0-m3_o7_o7_f0_nbo.sym.48,DB0-m3_o7_o7_f0_nbo.sym.48,DB0-m2_o7_o7_f0_nbo.sym.45,DB0-m2_o7_o7_f0_nbo.sym.45,DB0-m3_o7_o7_f0_nbo.sym.48,metal_substitution,composition_clean_coordination_pending,stringent,nbo,3D framework,Zn,Cu,12.0,12.0,1.0,0.0181592271535832,0.0118798970369264,0.0181062288489456,0.0276896782957983,0.0299081141699525,0.0199799999999999,0.0134999999999999,ARCMOF_20241004/DB0-m3_o7_o7_f0_nbo.sym.48_repeat.cif,ok,Zn,12.0,4;4;4;4;4;4;4;4;4;4;4;4,4;4;4;4;4;4;4;4;4;4;4;4,True,276.0,276.0,0.0,,ARCMOF_20241004/DB0-m2_o7_o7_f0_nbo.sym.45_repeat.cif,ok,Cu,12.0,4;4;4;4;4;4;4;4;4;4;4;4,4;4;4;4;4;4;4;4;4;4;4;4,True,324.0,324.0,0.0,,coordination_compatible,,,,,,,DB0-m3_o7_o7_f0_nbo.sym.48,DB0-m2_o7_o7_f0_nbo.sym.45,DB0-m2_o7_o7_f0_nbo.sym.45,DB0-m3_o7_o7_f0_nbo.sym.48,Cu <-> Zn,evidence_55ecd01a9672730a,family_2367445925f73a0a,1,1,1,post_combustion_CO2,298.0,0.015,0.030746,0.003227,0.016115,0.003606,True,True,True,True,-0.0146309999999999,0.0146309999999999,279610,3e-06,3.0000000000000004e-08,3e-09,0.057355,0.15771675,0.0743971460340993,0.0146309999999999,0.6460085033413354,0.6460093006347258,0.1966607696657342,DB0-m2_o7_o7_f0_nbo.sym.45 || DB0-m3_o7_o7_f0_nbo.sym.48
DB0-m2_o7_o7_f0_nbo.sym.45 || DB0-m3_o7_o7_f0_nbo.sym.48,DB0-m3_o7_o7_f0_nbo.sym.48,DB0-m2_o7_o7_f0_nbo.sym.45,DB0-m2_o7_o7_f0_nbo.sym.45,DB0-m3_o7_o7_f0_nbo.sym.48,metal_substitution,composition_clean_coordination_pending,stringent,nbo,3D framework,Zn,Cu,12.0,12.0,1.0,0.0181592271535832,0.0118798970369264,0.0181062288489456,0.0276896782957983,0.0299081141699525,0.0199799999999999,0.0134999999999999,ARCMOF_20241004/DB0-m3_o7_o7_f0_nbo.sym.48_repeat.cif,ok,Zn,12.0,4;4;4;4;4;4;4;4;4;4;4;4,4;4;4;4;4;4;4;4;4;4;4;4,True,276.0,276.0,0.0,,ARCMOF_20241004/DB0-m2_o7_o7_f0_nbo.sym.45_repeat.cif,ok,Cu,12.0,4;4;4;4;4;4;4;4;4;4;4;4,4;4;4;4;4;4;4;4;4;4;4;4,True,324.0,324.0,0.0,,coordination_compatible,,,,,,,DB0-m3_o7_o7_f0_nbo.sym.48,DB0-m2_o7_o7_f0_nbo.sym.45,DB0-m2_o7_o7_f0_nbo.sym.45,DB0-m3_o7_o7_f0_nbo.sym.48,Cu <-> Zn,evidence_55ecd01a9672730a,family_2367445925f73a0a,1,1,1,post_combustion_CO2,298.0,0.15,0.145148,0.020017,0.091899,0.009051,True,True,True,True,-0.053249,0.053249,279610,1e-06,1e-08,9.999999999999999e-10,0.32161925,1.28842775,0.7166853224610823,0.053249,0.4570637236967112,0.4570637596246321,0.0742989961300505,DB0-m2_o7_o7_f0_nbo.sym.45 || DB0-m3_o7_o7_f0_nbo.sym.48
DB0-m2_o7_o7_f0_nbo.sym.45 || DB0-m3_o7_o7_f0_nbo.sym.48,DB0-m3_o7_o7_f0_nbo.sym.48,DB0-m2_o7_o7_f0_nbo.sym.45,DB0-m2_o7_o7_f0_nbo.sym.45,DB0-m3_o7_o7_f0_nbo.sym.48,metal_substitution,composition_clean_coordination_pending,stringent,nbo,3D framework,Zn,Cu,12.0,12.0,1.0,0.0181592271535832,0.0118798970369264,0.0181062288489456,0.0276896782957983,0.0299081141699525,0.0199799999999999,0.0134999999999999,ARCMOF_20241004/DB0-m3_o7_o7_f0_nbo.sym.48_repeat.cif,ok,Zn,12.0,4;4;4;4;4;4;4;4;4;4;4;4,4;4;4;4;4;4;4;4;4;4;4;4,True,276.0,276.0,0.0,,ARCMOF_20241004/DB0-m2_o7_o7_f0_nbo.sym.45_repeat.cif,ok,Cu,12.0,4;4;4;4;4;4;4;4;4;4;4;4,4;4;4;4;4;4;4;4;4;4;4;4,True,324.0,324.0,0.0,,coordination_compatible,,,,,,,DB0-m3_o7_o7_f0_nbo.sym.48,DB0-m2_o7_o7_f0_nbo.sym.45,DB0-m2_o7_o7_f0_nbo.sym.45,DB0-m3_o7_o7_f0_nbo.sym.48,Cu <-> Zn,evidence_55ecd01a9672730a,family_2367445925f73a0a,1,1,1,post_combustion_N2,298.0,0.075,0.029255,0.004674,0.026351,0.002521,True,True,True,True,-0.002904,0.002904,279610,5e-06,5e-08,5e-09,0.0272,0.03577,0.0063528539659006,0.002904,0.1045440859574959,0.1045442554736388,0.4571173862310383,DB0-m2_o7_o7_f0_nbo.sym.45 || DB0-m3_o7_o7_f0_nbo.sym.48
DB0-m2_o7_o7_f0_nbo.sym.45 || DB0-m3_o7_o7_f0_nbo.sym.48,DB0-m3_o7_o7_f0_nbo.sym.48,DB0-m2_o7_o7_f0_nbo.sym.45,DB0-m2_o7_o7_f0_nbo.sym.45,DB0-m3_o7_o7_f0_nbo.sym.48,metal_substitution,composition_clean_coordination_pending,stringent,nbo,3D framework,Zn,Cu,12.0,12.0,1.0,0.0181592271535832,0.0118798970369264,0.0181062288489456,0.0276896782957983,0.0299081141699525,0.0199799999999999,0.0134999999999999,ARCMOF_20241004/DB0-m3_o7_o7_f0_nbo.sym.48_repeat.cif,ok,Zn,12.0,4;4;4;4;4;4;4;4;4;4;4;4,4;4;4;4;4;4;4;4;4;4;4;4,True,276.0,276.0,0.0,,ARCMOF_20241004/DB0-m2_o7_o7_f0_nbo.sym.45_repeat.cif,ok,Cu,12.0,4;4;4;4;4;4;4;4;4;4;4;4,4;4;4;4;4;4;4;4;4;4;4;4,True,324.0,324.0,0.0,,coordination_compatible,,,,,,,DB0-m3_o7_o7_f0_nbo.sym.48,DB0-m2_o7_o7_f0_nbo.sym.45,DB0-m2_o7_o7_f0_nbo.sym.45,DB0-m3_o7_o7_f0_nbo.sym.48,Cu <-> Zn,evidence_55ecd01a9672730a,family_2367445925f73a0a,1,1,1,post_combustion_N2,298.0,0.75,0.154572,0.010155,0.142188,0.007035,True,True,True,True,-0.0123839999999999,0.0123839999999999,279610,1.3e-05,1.3e-07,1.3e-08,0.130173,0.174595,0.0329295774647887,0.0123839999999999,0.0835098083289236,0.0835098742542994,0.3760752780153972,DB0-m2_o7_o7_f0_nbo.sym.45 || DB0-m3_o7_o7_f0_nbo.sym.48
DB0-m2_o7_o7_f0_nbo.sym.45 || DB0-m3_o7_o7_f0_nbo.sym.48,DB0-m3_o7_o7_f0_nbo.sym.48,DB0-m2_o7_o7_f0_nbo.sym.45,DB0-m2_o7_o7_f0_nbo.sym.45,DB0-m3_o7_o7_f0_nbo.sym.48,metal_substitution,composition_clean_coordination_pending,stringent,nbo,3D framework,Zn,Cu,12.0,12.0,1.0,0.0181592271535832,0.0118798970369264,0.0181062288489456,0.0276896782957983,0.0299081141699525,0.0199799999999999,0.0134999999999999,ARCMOF_20241004/DB0-m3_o7_o7_f0_nbo.sym.48_repeat.cif,ok,Zn,12.0,4;4;4;4;4;4;4;4;4;4;4;4,4;4;4;4;4;4;4;4;4;4;4;4,True,276.0,276.0,0.0,,ARCMOF_20241004/DB0-m2_o7_o7_f0_nbo.sym.45_repeat.cif,ok,Cu,12.0,4;4;4;4;4;4;4;4;4;4;4;4,4;4;4;4;4;4;4;4;4;4;4;4,True,324.0,324.0,0.0,,coordination_compatible,,,,,,,DB0-m3_o7_o7_f0_nbo.sym.48,DB0-m2_o7_o7_f0_nbo.sym.45,DB0-m2_o7_o7_f0_nbo.sym.45,DB0-m3_o7_o7_f0_nbo.sym.48,Cu <-> Zn,evidence_55ecd01a9672730a,family_2367445925f73a0a,1,1,1,pre_combustion_CO2,313.0,0.4,0.254022,0.03041,0.141309,0.010677,True,True,True,True,-0.112713,0.112713,279610,4e-06,4e-08,3.9999999999999994e-09,0.580207,1.99224775,1.046731467753892,0.112713,0.5864717699104705,0.5864718829512778,0.1076809128915012,DB0-m2_o7_o7_f0_nbo.sym.45 || DB0-m3_o7_o7_f0_nbo.sym.48
DB0-m2_o7_o7_f0_nbo.sym.45 || DB0-m3_o7_o7_f0_nbo.sym.48,DB0-m3_o7_o7_f0_nbo.sym.48,DB0-m2_o7_o7_f0_nbo.sym.45,DB0-m2_o7_o7_f0_nbo.sym.45,DB0-m3_o7_o7_f0_nbo.sym.48,metal_substitution,composition_clean_coordination_pending,stringent,nbo,3D framework,Zn,Cu,12.0,12.0,1.0,0.0181592271535832,0.0118798970369264,0.0181062288489456,0.0276896782957983,0.0299081141699525,0.0199799999999999,0.0134999999999999,ARCMOF_20241004/DB0-m3_o7_o7_f0_nbo.sym.48_repeat.cif,ok,Zn,12.0,4;4;4;4;4;4;4;4;4;4;4;4,4;4;4;4;4;4;4;4;4;4;4;4,True,276.0,276.0,0.0,,ARCMOF_20241004/DB0-m2_o7_o7_f0_nbo.sym.45_repeat.cif,ok,Cu,12.0,4;4;4;4;4;4;4;4;4;4;4;4,4;4;4;4;4;4;4;4;4;4;4;4,True,324.0,324.0,0.0,,coordination_compatible,,,,,,,DB0-m3_o7_o7_f0_nbo.sym.48,DB0-m2_o7_o7_f0_nbo.sym.45,DB0-m2_o7_o7_f0_nbo.sym.45,DB0-m3_o7_o7_f0_nbo.sym.48,Cu <-> Zn,evidence_55ecd01a9672730a,family_2367445925f73a0a,1,1,1,pre_combustion_CO2,313.0,16.0,8.047737,0.331766,5.714145,0.474289,True,True,True,True,-2.3335919999999994,2.3335919999999994,279485,2e-06,2e-08,1.9999999999999997e-09,12.337041,20.473715,6.031633802816901,2.3335919999999994,0.3424462531266361,0.3424462540400601,0.386892188134857,DB0-m2_o7_o7_f0_nbo.sym.45 || DB0-m3_o7_o7_f0_nbo.sym.48
DB0-m2_o7_o7_f0_nbo.sym.45 || DB0-m3_o7_o7_f0_nbo.sym.48,DB0-m3_o7_o7_f0_nbo.sym.48,DB0-m2_o7_o7_f0_nbo.sym.45,DB0-m2_o7_o7_f0_nbo.sym.45,DB0-m3_o7_o7_f0_nbo.sym.48,metal_substitution,composition_clean_coordination_pending,stringent,nbo,3D framework,Zn,Cu,12.0,12.0,1.0,0.0181592271535832,0.0118798970369264,0.0181062288489456,0.0276896782957983,0.0299081141699525,0.0199799999999999,0.0134999999999999,ARCMOF_20241004/DB0-m3_o7_o7_f0_nbo.sym.48_repeat.cif,ok,Zn,12.0,4;4;4;4;4;4;4;4;4;4;4;4,4;4;4;4;4;4;4;4;4;4;4;4,True,276.0,276.0,0.0,,ARCMOF_20241004/DB0-m2_o7_o7_f0_nbo.sym.45_repeat.cif,ok,Cu,12.0,4;4;4;4;4;4;4;4;4;4;4;4,4;4;4;4;4;4;4;4;4;4;4;4,True,324.0,324.0,0.0,,coordination_compatible,,,,,,,DB0-m3_o7_o7_f0_nbo.sym.48,DB0-m2_o7_o7_f0_nbo.sym.45,DB0-m2_o7_o7_f0_nbo.sym.45,DB0-m3_o7_o7_f0_nbo.sym.48,Cu <-> Zn,evidence_55ecd01a9672730a,family_2367445925f73a0a,1,1,1,pre_combustion_H2,313.0,0.6,0.101964,0.004471,0.092078,0.003119,True,True,True,True,-0.009886,0.009886,279610,5e-06,5e-08,5e-09,0.046524,0.08545275,0.0288574870274277,0.009886,0.1019837132262329,0.1019837606100595,0.3425800725684747,DB0-m2_o7_o7_f0_nbo.sym.45 || DB0-m3_o7_o7_f0_nbo.sym.48
DB0-m2_o7_o7_f0_nbo.sym.45 || DB0-m3_o7_o7_f0_nbo.sym.48,DB0-m3_o7_o7_f0_nbo.sym.48,DB0-m2_o7_o7_f0_nbo.sym.45,DB0-m2_o7_o7_f0_nbo.sym.45,DB0-m3_o7_o7_f0_nbo.sym.48,metal_substitution,composition_clean_coordination_pending,stringent,nbo,3D framework,Zn,Cu,12.0,12.0,1.0,0.0181592271535832,0.0118798970369264,0.0181062288489456,0.0276896782957983,0.0299081141699525,0.0199799999999999,0.0134999999999999,ARCMOF_20241004/DB0-m3_o7_o7_f0_nbo.sym.48_repeat.cif,ok,Zn,12.0,4;4;4;4;4;4;4;4;4;4;4;4,4;4;4;4;4;4;4;4;4;4;4;4,True,276.0,276.0,0.0,,ARCMOF_20241004/DB0-m2_o7_o7_f0_nbo.sym.45_repeat.cif,ok,Cu,12.0,4;4;4;4;4;4;4;4;4;4;4;4,4;4;4;4;4;4;4;4;4;4;4;4,True,324.0,324.0,0.0,,coordination_compatible,,,,,,,DB0-m3_o7_o7_f0_nbo.sym.48,DB0-m2_o7_o7_f0_nbo.sym.45,DB0-m2_o7_o7_f0_nbo.sym.45,DB0-m3_o7_o7_f0_nbo.sym.48,Cu <-> Zn,evidence_55ecd01a9672730a,family_2367445925f73a0a,1,1,1,pre_combustion_H2,313.0,24.0,1.927439,0.03787,1.975262,0.059536,True,True,True,True,0.0478230000000001,0.0478230000000001,279485,6e-06,6.000000000000002e-08,6e-09,0.143488,0.865489,0.535212008895478,0.0478230000000001,0.024508868285786,0.0245088689640913,0.0893533762418615,DB0-m2_o7_o7_f0_nbo.sym.45 || DB0-m3_o7_o7_f0_nbo.sym.48
DB0-m3_o11_o17_f0_pcu.sym.32 || DB0-m3_o12_o20_f0_pcu.sym.24,DB0-m3_o11_o17_f0_pcu.sym.32,DB0-m3_o12_o20_f0_pcu.sym.24,DB0-m3_o11_o17_f0_pcu.sym.32,DB0-m3_o12_o20_f0_pcu.sym.24,linker_family_change,composition_clean,stringent,pcu,3D framework,Zn,Zn,,,1.0,0.0269000279114057,0.0146840445762403,0.0269000279114057,0.0274941295268369,0.0172211136320149,0.0201,0.0115,,,,,,,,,,,,,,,,,,,,,,,,2.0,2.0,-6941.0,-49301.0,,,DB0-m3_o11_o17_f0_pcu.sym.32,DB0-m3_o12_o20_f0_pcu.sym.24,DB0-m3_o11_o17_f0_pcu.sym.32,DB0-m3_o12_o20_f0_pcu.sym.24,-49301 <-> -6941,evidence_bf59a37bb2f49dd8,family_da3c6d29a08d7b48,1,1,1,landfill_CH4,338.0,0.01,0.012265,0.001201,0.00508,0.001334,True,True,True,True,-0.0071849999999999,0.0071849999999999,279610,1e-06,1e-08,9.999999999999999e-10,0.009666,0.017173,0.0055648628613788,0.0071849999999999,0.8814372629458997,0.8814383008025013,1.2911369388570664,DB0-m3_o11_o17_f0_pcu.sym.32 || DB0-m3_o12_o20_f0_pcu.sym.24
DB0-m3_o11_o17_f0_pcu.sym.32 || DB0-m3_o12_o20_f0_pcu.sym.24,DB0-m3_o11_o17_f0_pcu.sym.32,DB0-m3_o12_o20_f0_pcu.sym.24,DB0-m3_o11_o17_f0_pcu.sym.32,DB0-m3_o12_o20_f0_pcu.sym.24,linker_family_change,composition_clean,stringent,pcu,3D framework,Zn,Zn,,,1.0,0.0269000279114057,0.0146840445762403,0.0269000279114057,0.0274941295268369,0.0172211136320149,0.0201,0.0115,,,,,,,,,,,,,,,,,,,,,,,,2.0,2.0,-6941.0,-49301.0,,,DB0-m3_o11_o17_f0_pcu.sym.32,DB0-m3_o12_o20_f0_pcu.sym.24,DB0-m3_o11_o17_f0_pcu.sym.32,DB0-m3_o12_o20_f0_pcu.sym.24,-49301 <-> -6941,evidence_bf59a37bb2f49dd8,family_da3c6d29a08d7b48,1,1,1,landfill_CH4,338.0,4.4,1.851846,0.054683,0.811112,0.036735,True,True,True,True,-1.040734,1.040734,279610,1e-06,1e-08,9.999999999999999e-10,1.25872725,1.8114855,0.4097540770941437,1.040734,0.8255321057821511,0.825532112018014,2.53989907161042,DB0-m3_o11_o17_f0_pcu.sym.32 || DB0-m3_o12_o20_f0_pcu.sym.24
DB0-m3_o11_o17_f0_pcu.sym.32 || DB0-m3_o12_o20_f0_pcu.sym.24,DB0-m3_o11_o17_f0_pcu.sym.32,DB0-m3_o12_o20_f0_pcu.sym.24,DB0-m3_o11_o17_f0_pcu.sym.32,DB0-m3_o12_o20_f0_pcu.sym.24,linker_family_change,composition_clean,stringent,pcu,3D framework,Zn,Zn,,,1.0,0.0269000279114057,0.0146840445762403,0.0269000279114057,0.0274941295268369,0.0172211136320149,0.0201,0.0115,,,,,,,,,,,,,,,,,,,,,,,,2.0,2.0,-6941.0,-49301.0,,,DB0-m3_o11_o17_f0_pcu.sym.32,DB0-m3_o12_o20_f0_pcu.sym.24,DB0-m3_o11_o17_f0_pcu.sym.32,DB0-m3_o12_o20_f0_pcu.sym.24,-49301 <-> -6941,evidence_bf59a37bb2f49dd8,family_da3c6d29a08d7b48,1,1,1,landfill_CO2,338.0,0.26,0.361422,0.042456,0.166386,0.038443,True,True,True,True,-0.195036,0.195036,279610,4e-06,4e-08,3.9999999999999994e-09,0.247956,0.704353,0.3383224610822832,0.195036,0.7757357307197013,0.775735847477482,0.5764796087616703,DB0-m3_o11_o17_f0_pcu.sym.32 || DB0-m3_o12_o20_f0_pcu.sym.24
DB0-m3_o11_o17_f0_pcu.sym.32 || DB0-m3_o12_o20_f0_pcu.sym.24,DB0-m3_o11_o17_f0_pcu.sym.32,DB0-m3_o12_o20_f0_pcu.sym.24,DB0-m3_o11_o17_f0_pcu.sym.32,DB0-m3_o12_o20_f0_pcu.sym.24,linker_family_change,composition_clean,stringent,pcu,3D framework,Zn,Zn,,,1.0,0.0269000279114057,0.0146840445762403,0.0269000279114057,0.0274941295268369,0.0172211136320149,0.0201,0.0115,,,,,,,,,,,,,,,,,,,,,,,,2.0,2.0,-6941.0,-49301.0,,,DB0-m3_o11_o17_f0_pcu.sym.32,DB0-m3_o12_o20_f0_pcu.sym.24,DB0-m3_o11_o17_f0_pcu.sym.32,DB0-m3_o12_o20_f0_pcu.sym.24,-49301 <-> -6941,evidence_bf59a37bb2f49dd8,family_da3c6d29a08d7b48,1,1,1,landfill_CO2,338.0,3.2,5.180608,0.198771,2.034921,0.171176,True,True,True,True,-3.145687,3.145687,279610,4e-06,4e-08,3.9999999999999994e-09,2.650561,5.085138499999999,1.8047275759822088,3.145687,0.934465414463038,0.9344654252051512,1.743025951320096,DB0-m3_o11_o17_f0_pcu.sym.32 || DB0-m3_o12_o20_f0_pcu.sym.24
DB0-m3_o11_o17_f0_pcu.sym.32 || DB0-m3_o12_o20_f0_pcu.sym.24,DB0-m3_o11_o17_f0_pcu.sym.32,DB0-m3_o12_o20_f0_pcu.sym.24,DB0-m3_o11_o17_f0_pcu.sym.32,DB0-m3_o12_o20_f0_pcu.sym.24,linker_family_change,composition_clean,stringent,pcu,3D framework,Zn,Zn,,,1.0,0.0269000279114057,0.0146840445762403,0.0269000279114057,0.0274941295268369,0.0172211136320149,0.0201,0.0115,,,,,,,,,,,,,,,,,,,,,,,,2.0,2.0,-6941.0,-49301.0,,,DB0-m3_o11_o17_f0_pcu.sym.32,DB0-m3_o12_o20_f0_pcu.sym.24,DB0-m3_o11_o17_f0_pcu.sym.32,DB0-m3_o12_o20_f0_pcu.sym.24,-49301 <-> -6941,evidence_bf59a37bb2f49dd8,family_da3c6d29a08d7b48,1,1,1,methane_purification_CH4,298.0,0.9,0.745319,0.043979,0.272434,0.017483,True,True,True,True,-0.4728849999999999,0.4728849999999999,279609,2e-06,2e-08,1.9999999999999997e-09,0.527931,1.193629,0.4934751667902149,0.4728849999999999,1.0064158851417744,1.0064159270620878,0.9582751713239336,DB0-m3_o11_o17_f0_pcu.sym.32 || DB0-m3_o12_o20_f0_pcu.sym.24
DB0-m3_o11_o17_f0_pcu.sym.32 || DB0-m3_o12_o20_f0_pcu.sym.24,DB0-m3_o11_o17_f0_pcu.sym.32,DB0-m3_o12_o20_f0_pcu.sym.24,DB0-m3_o11_o17_f0_pcu.sym.32,DB0-m3_o12_o20_f0_pcu.sym.24,linker_family_change,composition_clean,stringent,pcu,3D framework,Zn,Zn,,,1.0,0.0269000279114057,0.0146840445762403,0.0269000279114057,0.0274941295268369,0.0172211136320149,0.0201,0.0115,,,,,,,,,,,,,,,,,,,,,,,,2.0,2.0,-6941.0,-49301.0,,,DB0-m3_o11_o17_f0_pcu.sym.32,DB0-m3_o12_o20_f0_pcu.sym.24,DB0-m3_o11_o17_f0_pcu.sym.32,DB0-m3_o12_o20_f0_pcu.sym.24,-49301 <-> -6941,evidence_bf59a37bb2f49dd8,family_da3c6d29a08d7b48,1,1,1,methane_purification_CH4,298.0,9.0,6.277297,0.228813,2.642268,0.128544,True,True,True,True,-3.635029,3.635029,279610,4e-06,4e-08,3.9999999999999994e-09,3.93594425,5.77881075,1.3660982209043735,3.635029,0.8653018257863977,0.8653018336761042,2.660884074348304,DB0-m3_o11_o17_f0_pcu.sym.32 || DB0-m3_o12_o20_f0_pcu.sym.24
DB0-m3_o11_o17_f0_pcu.sym.32 || DB0-m3_o12_o20_f0_pcu.sym.24,DB0-m3_o11_o17_f0_pcu.sym.32,DB0-m3_o12_o20_f0_pcu.sym.24,DB0-m3_o11_o17_f0_pcu.sym.32,DB0-m3_o12_o20_f0_pcu.sym.24,linker_family_change,composition_clean,stringent,pcu,3D framework,Zn,Zn,,,1.0,0.0269000279114057,0.0146840445762403,0.0269000279114057,0.0274941295268369,0.0172211136320149,0.0201,0.0115,,,,,,,,,,,,,,,,,,,,,,,,2.0,2.0,-6941.0,-49301.0,,,DB0-m3_o11_o17_f0_pcu.sym.32,DB0-m3_o12_o20_f0_pcu.sym.24,DB0-m3_o11_o17_f0_pcu.sym.32,DB0-m3_o12_o20_f0_pcu.sym.24,-49301 <-> -6941,evidence_bf59a37bb2f49dd8,family_da3c6d29a08d7b48,1,1,1,methane_purification_CO2,298.0,0.1,0.454199,0.055965,0.162135,0.02254,True,True,True,True,-0.292064,0.292064,279609,4e-06,4e-08,3.9999999999999994e-09,0.22937,0.816658,0.4353506300963677,0.292064,1.0301059478186478,1.0301060905954005,0.6708707414420182,DB0-m3_o11_o17_f0_pcu.sym.32 || DB0-m3_o12_o20_f0_pcu.sym.24
DB0-m3_o11_o17_f0_pcu.sym.32 || DB0-m3_o12_o20_f0_pcu.sym.24,DB0-m3_o11_o17_f0_pcu.sym.32,DB0-m3_o12_o20_f0_pcu.sym.24,DB0-m3_o11_o17_f0_pcu.sym.32,DB0-m3_o12_o20_f0_pcu.sym.24,linker_family_change,composition_clean,stringent,pcu,3D framework,Zn,Zn,,,1.0,0.0269000279114057,0.0146840445762403,0.0269000279114057,0.0274941295268369,0.0172211136320149,0.0201,0.0115,,,,,,,,,,,,,,,,,,,,,,,,2.0,2.0,-6941.0,-49301.0,,,DB0-m3_o11_o17_f0_pcu.sym.32,DB0-m3_o12_o20_f0_pcu.sym.24,DB0-m3_o11_o17_f0_pcu.sym.32,DB0-m3_o12_o20_f0_pcu.sym.24,-49301 <-> -6941,evidence_bf59a37bb2f49dd8,family_da3c6d29a08d7b48,1,1,1,methane_purification_CO2,298.0,1.0,4.30614,0.444242,1.675407,0.11989,True,True,True,True,-2.630733,2.630733,279610,4e-06,4e-08,3.9999999999999994e-09,1.85381575,3.8324775,1.4667618606375092,2.630733,0.9439857757652192,0.9439857888923796,1.7935651795967655,DB0-m3_o11_o17_f0_pcu.sym.32 || DB0-m3_o12_o20_f0_pcu.sym.24
DB0-m3_o11_o17_f0_pcu.sym.32 || DB0-m3_o12_o20_f0_pcu.sym.24,DB0-m3_o11_o17_f0_pcu.sym.32,DB0-m3_o12_o20_f0_pcu.sym.24,DB0-m3_o11_o17_f0_pcu.sym.32,DB0-m3_o12_o20_f0_pcu.sym.24,linker_family_change,composition_clean,stringent,pcu,3D framework,Zn,Zn,,,1.0,0.0269000279114057,0.0146840445762403,0.0269000279114057,0.0274941295268369,0.0172211136320149,0.0201,0.0115,,,,,,,,,,,,,,,,,,,,,,,,2.0,2.0,-6941.0,-49301.0,,,DB0-m3_o11_o17_f0_pcu.sym.32,DB0-m3_o12_o20_f0_pcu.sym.24,DB0-m3_o11_o17_f0_pcu.sym.32,DB0-m3_o12_o20_f0_pcu.sym.24,-49301 <-> -6941,evidence_bf59a37bb2f49dd8,family_da3c6d29a08d7b48,1,1,1,methane_storage_CH4,298.0,5.8,4.580563,0.047769,1.669531,0.05223,True,True,True,True,-2.911032,2.911032,279610,5e-06,5e-08,5e-09,3.10265825,5.1876215,1.5455620830244623,2.911032,1.0092791486398478,1.0092791657694051,1.8834778828835472,DB0-m3_o11_o17_f0_pcu.sym.32 || DB0-m3_o12_o20_f0_pcu.sym.24
DB0-m3_o11_o17_f0_pcu.sym.32 || DB0-m3_o12_o20_f0_pcu.sym.24,DB0-m3_o11_o17_f0_pcu.sym.32,DB0-m3_o12_o20_f0_pcu.sym.24,DB0-m3_o11_o17_f0_pcu.sym.32,DB0-m3_o12_o20_f0_pcu.sym.24,linker_family_change,composition_clean,stringent,pcu,3D framework,Zn,Zn,,,1.0,0.0269000279114057,0.0146840445762403,0.0269000279114057,0.0274941295268369,0.0172211136320149,0.0201,0.0115,,,,,,,,,,,,,,,,,,,,,,,,2.0,2.0,-6941.0,-49301.0,,,DB0-m3_o11_o17_f0_pcu.sym.32,DB0-m3_o12_o20_f0_pcu.sym.24,DB0-m3_o11_o17_f0_pcu.sym.32,DB0-m3_o12_o20_f0_pcu.sym.24,-49301 <-> -6941,evidence_bf59a37bb2f49dd8,family_da3c6d29a08d7b48,1,1,1,methane_storage_CH4,298.0,65.0,16.053469,0.206707,11.393647,0.210542,True,True,True,True,-4.659822,4.659822,279610,4e-06,4e-08,3.9999999999999994e-09,10.7545755,19.84731525,6.740355633802818,4.659822,0.3428690429142782,0.3428690438314277,0.691331771372869,DB0-m3_o11_o17_f0_pcu.sym.32 || DB0-m3_o12_o20_f0_pcu.sym.24
DB0-m3_o11_o17_f0_pcu.sym.32 || DB0-m3_o12_o20_f0_pcu.sym.24,DB0-m3_o11_o17_f0_pcu.sym.32,DB0-m3_o12_o20_f0_pcu.sym.24,DB0-m3_o11_o17_f0_pcu.sym.32,DB0-m3_o12_o20_f0_pcu.sym.24,linker_family_change,composition_clean,stringent,pcu,3D framework,Zn,Zn,,,1.0,0.0269000279114057,0.0146840445762403,0.0269000279114057,0.0274941295268369,0.0172211136320149,0.0201,0.0115,,,,,,,,,,,,,,,,,,,,,,,,2.0,2.0,-6941.0,-49301.0,,,DB0-m3_o11_o17_f0_pcu.sym.32,DB0-m3_o12_o20_f0_pcu.sym.24,DB0-m3_o11_o17_f0_pcu.sym.32,DB0-m3_o12_o20_f0_pcu.sym.24,-49301 <-> -6941,evidence_bf59a37bb2f49dd8,family_da3c6d29a08d7b48,1,1,1,post_combustion_CO2,298.0,0.015,0.083773,0.014808,0.05791,0.024542,True,True,True,True,-0.0258629999999999,0.0258629999999999,279610,3e-06,3.0000000000000004e-08,3e-09,0.057355,0.15771675,0.0743971460340993,0.0258629999999999,0.3692205186955295,0.3692206626366312,0.3476343029092259,DB0-m3_o11_o17_f0_pcu.sym.32 || DB0-m3_o12_o20_f0_pcu.sym.24
DB0-m3_o11_o17_f0_pcu.sym.32 || DB0-m3_o12_o20_f0_pcu.sym.24,DB0-m3_o11_o17_f0_pcu.sym.32,DB0-m3_o12_o20_f0_pcu.sym.24,DB0-m3_o11_o17_f0_pcu.sym.32,DB0-m3_o12_o20_f0_pcu.sym.24,linker_family_change,composition_clean,stringent,pcu,3D framework,Zn,Zn,,,1.0,0.0269000279114057,0.0146840445762403,0.0269000279114057,0.0274941295268369,0.0172211136320149,0.0201,0.0115,,,,,,,,,,,,,,,,,,,,,,,,2.0,2.0,-6941.0,-49301.0,,,DB0-m3_o11_o17_f0_pcu.sym.32,DB0-m3_o12_o20_f0_pcu.sym.24,DB0-m3_o11_o17_f0_pcu.sym.32,DB0-m3_o12_o20_f0_pcu.sym.24,-49301 <-> -6941,evidence_bf59a37bb2f49dd8,family_da3c6d29a08d7b48,1,1,1,post_combustion_CO2,298.0,0.15,0.628294,0.099588,0.282828,0.041426,True,True,True,True,-0.345466,0.345466,279610,1e-06,1e-08,9.999999999999999e-10,0.32161925,1.28842775,0.7166853224610823,0.345466,0.7981692513217638,0.7981692688187194,0.4820330334290607,DB0-m3_o11_o17_f0_pcu.sym.32 || DB0-m3_o12_o20_f0_pcu.sym.24
DB0-m3_o11_o17_f0_pcu.sym.32 || DB0-m3_o12_o20_f0_pcu.sym.24,DB0-m3_o11_o17_f0_pcu.sym.32,DB0-m3_o12_o20_f0_pcu.sym.24,DB0-m3_o11_o17_f0_pcu.sym.32,DB0-m3_o12_o20_f0_pcu.sym.24,linker_family_change,composition_clean,stringent,pcu,3D framework,Zn,Zn,,,1.0,0.0269000279114057,0.0146840445762403,0.0269000279114057,0.0274941295268369,0.0172211136320149,0.0201,0.0115,,,,,,,,,,,,,,,,,,,,,,,,2.0,2.0,-6941.0,-49301.0,,,DB0-m3_o11_o17_f0_pcu.sym.32,DB0-m3_o12_o20_f0_pcu.sym.24,DB0-m3_o11_o17_f0_pcu.sym.32,DB0-m3_o12_o20_f0_pcu.sym.24,-49301 <-> -6941,evidence_bf59a37bb2f49dd8,family_da3c6d29a08d7b48,1,1,1,post_combustion_N2,298.0,0.075,0.032942,0.002858,0.020335,0.002266,True,True,True,True,-0.012607,0.012607,279610,5e-06,5e-08,5e-09,0.0272,0.03577,0.0063528539659006,0.012607,0.4824039590075135,0.4824048059017491,1.9844624270711773,DB0-m3_o11_o17_f0_pcu.sym.32 || DB0-m3_o12_o20_f0_pcu.sym.24
DB0-m3_o11_o17_f0_pcu.sym.32 || DB0-m3_o12_o20_f0_pcu.sym.24,DB0-m3_o11_o17_f0_pcu.sym.32,DB0-m3_o12_o20_f0_pcu.sym.24,DB0-m3_o11_o17_f0_pcu.sym.32,DB0-m3_o12_o20_f0_pcu.sym.24,linker_family_change,composition_clean,stringent,pcu,3D framework,Zn,Zn,,,1.0,0.0269000279114057,0.0146840445762403,0.0269000279114057,0.0274941295268369,0.0172211136320149,0.0201,0.0115,,,,,,,,,,,,,,,,,,,,,,,,2.0,2.0,-6941.0,-49301.0,,,DB0-m3_o11_o17_f0_pcu.sym.32,DB0-m3_o12_o20_f0_pcu.sym.24,DB0-m3_o11_o17_f0_pcu.sym.32,DB0-m3_o12_o20_f0_pcu.sym.24,-49301 <-> -6941,evidence_bf59a37bb2f49dd8,family_da3c6d29a08d7b48,1,1,1,post_combustion_N2,298.0,0.75,0.149668,0.008813,0.118647,0.007164,True,True,True,True,-0.0310209999999999,0.0310209999999999,279610,1.3e-05,1.3e-07,1.3e-08,0.130173,0.174595,0.0329295774647887,0.0310209999999999,0.2322665825105394,0.2322667868985752,0.942040633019675,DB0-m3_o11_o17_f0_pcu.sym.32 || DB0-m3_o12_o20_f0_pcu.sym.24
DB0-m3_o11_o17_f0_pcu.sym.32 || DB0-m3_o12_o20_f0_pcu.sym.24,DB0-m3_o11_o17_f0_pcu.sym.32,DB0-m3_o12_o20_f0_pcu.sym.24,DB0-m3_o11_o17_f0_pcu.sym.32,DB0-m3_o12_o20_f0_pcu.sym.24,linker_family_change,composition_clean,stringent,pcu,3D framework,Zn,Zn,,,1.0,0.0269000279114057,0.0146840445762403,0.0269000279114057,0.0274941295268369,0.0172211136320149,0.0201,0.0115,,,,,,,,,,,,,,,,,,,,,,,,2.0,2.0,-6941.0,-49301.0,,,DB0-m3_o11_o17_f0_pcu.sym.32,DB0-m3_o12_o20_f0_pcu.sym.24,DB0-m3_o11_o17_f0_pcu.sym.32,DB0-m3_o12_o20_f0_pcu.sym.24,-49301 <-> -6941,evidence_bf59a37bb2f49dd8,family_da3c6d29a08d7b48,1,1,1,pre_combustion_CO2,313.0,0.4,1.225539,0.140953,0.424795,0.07669,True,True,True,True,-0.8007439999999999,0.8007439999999999,279610,4e-06,4e-08,3.9999999999999994e-09,0.580207,1.99224775,1.046731467753892,0.8007439999999999,1.059529265069212,1.059529320441138,0.7649946759680978,DB0-m3_o11_o17_f0_pcu.sym.32 || DB0-m3_o12_o20_f0_pcu.sym.24
DB0-m3_o11_o17_f0_pcu.sym.32 || DB0-m3_o12_o20_f0_pcu.sym.24,DB0-m3_o11_o17_f0_pcu.sym.32,DB0-m3_o12_o20_f0_pcu.sym.24,DB0-m3_o11_o17_f0_pcu.sym.32,DB0-m3_o12_o20_f0_pcu.sym.24,linker_family_change,composition_clean,stringent,pcu,3D framework,Zn,Zn,,,1.0,0.0269000279114057,0.0146840445762403,0.0269000279114057,0.0274941295268369,0.0172211136320149,0.0201,0.0115,,,,,,,,,,,,,,,,,,,,,,,,2.0,2.0,-6941.0,-49301.0,,,DB0-m3_o11_o17_f0_pcu.sym.32,DB0-m3_o12_o20_f0_pcu.sym.24,DB0-m3_o11_o17_f0_pcu.sym.32,DB0-m3_o12_o20_f0_pcu.sym.24,-49301 <-> -6941,evidence_bf59a37bb2f49dd8,family_da3c6d29a08d7b48,1,1,1,pre_combustion_CO2,313.0,16.0,20.838192,0.299008,16.568752,0.617627,True,True,True,True,-4.26944,4.26944,279485,2e-06,2e-08,1.9999999999999997e-09,12.337041,20.473715,6.031633802816901,4.26944,0.2292689448719493,0.2292689450945331,0.7078413808885546,DB0-m3_o11_o17_f0_pcu.sym.32 || DB0-m3_o12_o20_f0_pcu.sym.24
DB0-m3_o11_o17_f0_pcu.sym.32 || DB0-m3_o12_o20_f0_pcu.sym.24,DB0-m3_o11_o17_f0_pcu.sym.32,DB0-m3_o12_o20_f0_pcu.sym.24,DB0-m3_o11_o17_f0_pcu.sym.32,DB0-m3_o12_o20_f0_pcu.sym.24,linker_family_change,composition_clean,stringent,pcu,3D framework,Zn,Zn,,,1.0,0.0269000279114057,0.0146840445762403,0.0269000279114057,0.0274941295268369,0.0172211136320149,0.0201,0.0115,,,,,,,,,,,,,,,,,,,,,,,,2.0,2.0,-6941.0,-49301.0,,,DB0-m3_o11_o17_f0_pcu.sym.32,DB0-m3_o12_o20_f0_pcu.sym.24,DB0-m3_o11_o17_f0_pcu.sym.32,DB0-m3_o12_o20_f0_pcu.sym.24,-49301 <-> -6941,evidence_bf59a37bb2f49dd8,family_da3c6d29a08d7b48,1,1,1,pre_combustion_H2,313.0,0.6,0.067324,0.001423,0.058507,0.003732,True,True,True,True,-0.0088169999999999,0.0088169999999999,279610,5e-06,5e-08,5e-09,0.046524,0.08545275,0.0288574870274277,0.0088169999999999,0.1403702681436098,0.140370368872774,0.3055359599267891,DB0-m3_o11_o17_f0_pcu.sym.32 || DB0-m3_o12_o20_f0_pcu.sym.24
DB0-m3_o11_o17_f0_pcu.sym.32 || DB0-m3_o12_o20_f0_pcu.sym.24,DB0-m3_o11_o17_f0_pcu.sym.32,DB0-m3_o12_o20_f0_pcu.sym.24,DB0-m3_o11_o17_f0_pcu.sym.32,DB0-m3_o12_o20_f0_pcu.sym.24,linker_family_change,composition_clean,stringent,pcu,3D framework,Zn,Zn,,,1.0,0.0269000279114057,0.0146840445762403,0.0269000279114057,0.0274941295268369,0.0172211136320149,0.0201,0.0115,,,,,,,,,,,,,,,,,,,,,,,,2.0,2.0,-6941.0,-49301.0,,,DB0-m3_o11_o17_f0_pcu.sym.32,DB0-m3_o12_o20_f0_pcu.sym.24,DB0-m3_o11_o17_f0_pcu.sym.32,DB0-m3_o12_o20_f0_pcu.sym.24,-49301 <-> -6941,evidence_bf59a37bb2f49dd8,family_da3c6d29a08d7b48,1,1,1,pre_combustion_H2,313.0,24.0,0.207646,0.021395,0.405253,0.042076,True,True,True,True,0.1976069999999999,0.1976069999999999,279485,6e-06,6.000000000000002e-08,6e-09,0.143488,0.865489,0.535212008895478,0.1976069999999999,0.6686767158205302,0.6686768426283897,0.3692125675726211,DB0-m3_o11_o17_f0_pcu.sym.32 || DB0-m3_o12_o20_f0_pcu.sym.24
DB0-m2_o23_o28_f0_nbo.sym.21 || DB0-m2_o23_o28_f0_nbo.sym.4,DB0-m2_o23_o28_f0_nbo.sym.21,DB0-m2_o23_o28_f0_nbo.sym.4,DB0-m2_o23_o28_f0_nbo.sym.21,DB0-m2_o23_o28_f0_nbo.sym.4,linker_family_change,composition_clean,stringent,nbo,3D framework,Cu,Cu,,,1.0,0.0008597440643201,0.0030813221518042,0.0008597440643201,0.0050270936968428,0.0066154790235433,0.0044199999999999,0.0004999999999999,,,,,,,,,,,,,,,,,,,,,,,,12.0,12.0,40141.0,43459.0,,,DB0-m2_o23_o28_f0_nbo.sym.21,DB0-m2_o23_o28_f0_nbo.sym.4,DB0-m2_o23_o28_f0_nbo.sym.21,DB0-m2_o23_o28_f0_nbo.sym.4,40141 <-> 43459,evidence_f04794da52ef6f4b,family_6bfbce5d0e518940,19,24,24,landfill_CH4,338.0,0.01,0.011509,0.001855,0.011351,0.001715,True,True,True,True,-0.000158,0.000158,279610,1e-06,1e-08,9.999999999999999e-10,0.009666,0.017173,0.0055648628613788,0.000158,0.0138234801187335,0.0138234910037091,0.02839243372852,DB0-m2_o23_o28_f0_nbo.sym.21 || DB0-m2_o23_o28_f0_nbo.sym.4
DB0-m2_o23_o28_f0_nbo.sym.21 || DB0-m2_o23_o28_f0_nbo.sym.4,DB0-m2_o23_o28_f0_nbo.sym.21,DB0-m2_o23_o28_f0_nbo.sym.4,DB0-m2_o23_o28_f0_nbo.sym.21,DB0-m2_o23_o28_f0_nbo.sym.4,linker_family_change,composition_clean,stringent,nbo,3D framework,Cu,Cu,,,1.0,0.0008597440643201,0.0030813221518042,0.0008597440643201,0.0050270936968428,0.0066154790235433,0.0044199999999999,0.0004999999999999,,,,,,,,,,,,,,,,,,,,,,,,12.0,12.0,40141.0,43459.0,,,DB0-m2_o23_o28_f0_nbo.sym.21,DB0-m2_o23_o28_f0_nbo.sym.4,DB0-m2_o23_o28_f0_nbo.sym.21,DB0-m2_o23_o28_f0_nbo.sym.4,40141 <-> 43459,evidence_f04794da52ef6f4b,family_6bfbce5d0e518940,19,24,24,landfill_CH4,338.0,4.4,1.853005,0.091248,1.870523,0.075252,True,True,True,True,0.0175179999999999,0.0175179999999999,279610,1e-06,1e-08,9.999999999999999e-10,1.25872725,1.8114855,0.4097540770941437,0.0175179999999999,0.0094094252307983,0.0094094252762854,0.0427524727129805,DB0-m2_o23_o28_f0_nbo.sym.21 || DB0-m2_o23_o28_f0_nbo.sym.4
DB0-m2_o23_o28_f0_nbo.sym.21 || DB0-m2_o23_o28_f0_nbo.sym.4,DB0-m2_o23_o28_f0_nbo.sym.21,DB0-m2_o23_o28_f0_nbo.sym.4,DB0-m2_o23_o28_f0_nbo.sym.21,DB0-m2_o23_o28_f0_nbo.sym.4,linker_family_change,composition_clean,stringent,nbo,3D framework,Cu,Cu,,,1.0,0.0008597440643201,0.0030813221518042,0.0008597440643201,0.0050270936968428,0.0066154790235433,0.0044199999999999,0.0004999999999999,,,,,,,,,,,,,,,,,,,,,,,,12.0,12.0,40141.0,43459.0,,,DB0-m2_o23_o28_f0_nbo.sym.21,DB0-m2_o23_o28_f0_nbo.sym.4,DB0-m2_o23_o28_f0_nbo.sym.21,DB0-m2_o23_o28_f0_nbo.sym.4,40141 <-> 43459,evidence_f04794da52ef6f4b,family_6bfbce5d0e518940,19,24,24,landfill_CO2,338.0,0.26,0.219589,0.039671,0.213879,0.038422,True,True,True,True,-0.0057099999999999,0.0057099999999999,279610,4e-06,4e-08,3.9999999999999994e-09,0.247956,0.704353,0.3383224610822832,0.0057099999999999,0.0263471778923305,0.0263471822691618,0.0168773896410361,DB0-m2_o23_o28_f0_nbo.sym.21 || DB0-m2_o23_o28_f0_nbo.sym.4
DB0-m2_o23_o28_f0_nbo.sym.21 || DB0-m2_o23_o28_f0_nbo.sym.4,DB0-m2_o23_o28_f0_nbo.sym.21,DB0-m2_o23_o28_f0_nbo.sym.4,DB0-m2_o23_o28_f0_nbo.sym.21,DB0-m2_o23_o28_f0_nbo.sym.4,linker_family_change,composition_clean,stringent,nbo,3D framework,Cu,Cu,,,1.0,0.0008597440643201,0.0030813221518042,0.0008597440643201,0.0050270936968428,0.0066154790235433,0.0044199999999999,0.0004999999999999,,,,,,,,,,,,,,,,,,,,,,,,12.0,12.0,40141.0,43459.0,,,DB0-m2_o23_o28_f0_nbo.sym.21,DB0-m2_o23_o28_f0_nbo.sym.4,DB0-m2_o23_o28_f0_nbo.sym.21,DB0-m2_o23_o28_f0_nbo.sym.4,40141 <-> 43459,evidence_f04794da52ef6f4b,family_6bfbce5d0e518940,19,24,24,landfill_CO2,338.0,3.2,2.427912,0.101328,2.496868,0.107477,True,True,True,True,0.068956,0.068956,279610,4e-06,4e-08,3.9999999999999994e-09,2.650561,5.085138499999999,1.8047275759822088,0.068956,0.0280055172908475,0.0280055177003401,0.0382085367995062,DB0-m2_o23_o28_f0_nbo.sym.21 || DB0-m2_o23_o28_f0_nbo.sym.4
DB0-m2_o23_o28_f0_nbo.sym.21 || DB0-m2_o23_o28_f0_nbo.sym.4,DB0-m2_o23_o28_f0_nbo.sym.21,DB0-m2_o23_o28_f0_nbo.sym.4,DB0-m2_o23_o28_f0_nbo.sym.21,DB0-m2_o23_o28_f0_nbo.sym.4,linker_family_change,composition_clean,stringent,nbo,3D framework,Cu,Cu,,,1.0,0.0008597440643201,0.0030813221518042,0.0008597440643201,0.0050270936968428,0.0066154790235433,0.0044199999999999,0.0004999999999999,,,,,,,,,,,,,,,,,,,,,,,,12.0,12.0,40141.0,43459.0,,,DB0-m2_o23_o28_f0_nbo.sym.21,DB0-m2_o23_o28_f0_nbo.sym.4,DB0-m2_o23_o28_f0_nbo.sym.21,DB0-m2_o23_o28_f0_nbo.sym.4,40141 <-> 43459,evidence_f04794da52ef6f4b,family_6bfbce5d0e518940,19,24,24,methane_purification_CH4,298.0,0.9,0.531727,0.029046,0.529342,0.041978,True,True,True,True,-0.0023849999999999,0.0023849999999999,279609,2e-06,2e-08,1.9999999999999997e-09,0.527931,1.193629,0.4934751667902149,0.0023849999999999,0.0044954737659557,0.0044954739184788,0.0048330699506382,DB0-m2_o23_o28_f0_nbo.sym.21 || DB0-m2_o23_o28_f0_nbo.sym.4
DB0-m2_o23_o28_f0_nbo.sym.21 || DB0-m2_o23_o28_f0_nbo.sym.4,DB0-m2_o23_o28_f0_nbo.sym.21,DB0-m2_o23_o28_f0_nbo.sym.4,DB0-m2_o23_o28_f0_nbo.sym.21,DB0-m2_o23_o28_f0_nbo.sym.4,linker_family_change,composition_clean,stringent,nbo,3D framework,Cu,Cu,,,1.0,0.0008597440643201,0.0030813221518042,0.0008597440643201,0.0050270936968428,0.0066154790235433,0.0044199999999999,0.0004999999999999,,,,,,,,,,,,,,,,,,,,,,,,12.0,12.0,40141.0,43459.0,,,DB0-m2_o23_o28_f0_nbo.sym.21,DB0-m2_o23_o28_f0_nbo.sym.4,DB0-m2_o23_o28_f0_nbo.sym.21,DB0-m2_o23_o28_f0_nbo.sym.4,40141 <-> 43459,evidence_f04794da52ef6f4b,family_6bfbce5d0e518940,19,24,24,methane_purification_CH4,298.0,9.0,5.33902,0.197846,5.294062,0.064279,True,True,True,True,-0.0449579999999993,0.0449579999999993,279610,4e-06,4e-08,3.9999999999999994e-09,3.93594425,5.77881075,1.3660982209043735,0.0449579999999993,0.0084563003595674,0.0084563004168285,0.0329097859231795,DB0-m2_o23_o28_f0_nbo.sym.21 || DB0-m2_o23_o28_f0_nbo.sym.4
DB0-m2_o23_o28_f0_nbo.sym.21 || DB0-m2_o23_o28_f0_nbo.sym.4,DB0-m2_o23_o28_f0_nbo.sym.21,DB0-m2_o23_o28_f0_nbo.sym.4,DB0-m2_o23_o28_f0_nbo.sym.21,DB0-m2_o23_o28_f0_nbo.sym.4,linker_family_change,composition_clean,stringent,nbo,3D framework,Cu,Cu,,,1.0,0.0008597440643201,0.0030813221518042,0.0008597440643201,0.0050270936968428,0.0066154790235433,0.0044199999999999,0.0004999999999999,,,,,,,,,,,,,,,,,,,,,,,,12.0,12.0,40141.0,43459.0,,,DB0-m2_o23_o28_f0_nbo.sym.21,DB0-m2_o23_o28_f0_nbo.sym.4,DB0-m2_o23_o28_f0_nbo.sym.21,DB0-m2_o23_o28_f0_nbo.sym.4,40141 <-> 43459,evidence_f04794da52ef6f4b,family_6bfbce5d0e518940,19,24,24,methane_purification_CO2,298.0,0.1,0.147318,0.016697,0.157957,0.016861,True,True,True,True,0.0106389999999999,0.0106389999999999,279609,4e-06,4e-08,3.9999999999999994e-09,0.22937,0.816658,0.4353506300963677,0.0106389999999999,0.0697293102047025,0.0697293266638938,0.0244377732901063,DB0-m2_o23_o28_f0_nbo.sym.21 || DB0-m2_o23_o28_f0_nbo.sym.4
DB0-m2_o23_o28_f0_nbo.sym.21 || DB0-m2_o23_o28_f0_nbo.sym.4,DB0-m2_o23_o28_f0_nbo.sym.21,DB0-m2_o23_o28_f0_nbo.sym.4,DB0-m2_o23_o28_f0_nbo.sym.21,DB0-m2_o23_o28_f0_nbo.sym.4,linker_family_change,composition_clean,stringent,nbo,3D framework,Cu,Cu,,,1.0,0.0008597440643201,0.0030813221518042,0.0008597440643201,0.0050270936968428,0.0066154790235433,0.0044199999999999,0.0004999999999999,,,,,,,,,,,,,,,,,,,,,,,,12.0,12.0,40141.0,43459.0,,,DB0-m2_o23_o28_f0_nbo.sym.21,DB0-m2_o23_o28_f0_nbo.sym.4,DB0-m2_o23_o28_f0_nbo.sym.21,DB0-m2_o23_o28_f0_nbo.sym.4,40141 <-> 43459,evidence_f04794da52ef6f4b,family_6bfbce5d0e518940,19,24,24,methane_purification_CO2,298.0,1.0,1.468355,0.143189,1.243148,0.088765,True,True,True,True,-0.2252070000000001,0.2252070000000001,279610,4e-06,4e-08,3.9999999999999994e-09,1.85381575,3.8324775,1.4667618606375092,0.2252070000000001,0.1664958494206709,0.1664958538621792,0.1535402617450912,DB0-m2_o23_o28_f0_nbo.sym.21 || DB0-m2_o23_o28_f0_nbo.sym.4
DB0-m2_o23_o28_f0_nbo.sym.21 || DB0-m2_o23_o28_f0_nbo.sym.4,DB0-m2_o23_o28_f0_nbo.sym.21,DB0-m2_o23_o28_f0_nbo.sym.4,DB0-m2_o23_o28_f0_nbo.sym.21,DB0-m2_o23_o28_f0_nbo.sym.4,linker_family_change,composition_clean,stringent,nbo,3D framework,Cu,Cu,,,1.0,0.0008597440643201,0.0030813221518042,0.0008597440643201,0.0050270936968428,0.0066154790235433,0.0044199999999999,0.0004999999999999,,,,,,,,,,,,,,,,,,,,,,,,12.0,12.0,40141.0,43459.0,,,DB0-m2_o23_o28_f0_nbo.sym.21,DB0-m2_o23_o28_f0_nbo.sym.4,DB0-m2_o23_o28_f0_nbo.sym.21,DB0-m2_o23_o28_f0_nbo.sym.4,40141 <-> 43459,evidence_f04794da52ef6f4b,family_6bfbce5d0e518940,19,24,24,methane_storage_CH4,298.0,5.8,3.468562,0.065745,3.316746,0.084495,True,True,True,True,-0.1518159999999997,0.1518159999999997,279610,5e-06,5e-08,5e-09,3.10265825,5.1876215,1.5455620830244623,0.1518159999999997,0.0447559163715007,0.0447559169653393,0.0982270474071903,DB0-m2_o23_o28_f0_nbo.sym.21 || DB0-m2_o23_o28_f0_nbo.sym.4
DB0-m2_o23_o28_f0_nbo.sym.21 || DB0-m2_o23_o28_f0_nbo.sym.4,DB0-m2_o23_o28_f0_nbo.sym.21,DB0-m2_o23_o28_f0_nbo.sym.4,DB0-m2_o23_o28_f0_nbo.sym.21,DB0-m2_o23_o28_f0_nbo.sym.4,linker_family_change,composition_clean,stringent,nbo,3D framework,Cu,Cu,,,1.0,0.0008597440643201,0.0030813221518042,0.0008597440643201,0.0050270936968428,0.0066154790235433,0.0044199999999999,0.0004999999999999,,,,,,,,,,,,,,,,,,,,,,,,12.0,12.0,40141.0,43459.0,,,DB0-m2_o23_o28_f0_nbo.sym.21,DB0-m2_o23_o28_f0_nbo.sym.4,DB0-m2_o23_o28_f0_nbo.sym.21,DB0-m2_o23_o28_f0_nbo.sym.4,40141 <-> 43459,evidence_f04794da52ef6f4b,family_6bfbce5d0e518940,19,24,24,methane_storage_CH4,298.0,65.0,34.029991,0.607159,34.231291,0.576884,True,True,True,True,0.2012999999999962,0.2012999999999962,279610,4e-06,4e-08,3.9999999999999994e-09,10.7545755,19.84731525,6.740355633802818,0.2012999999999962,0.0058979432379966,0.0058979432442174,0.0298648930318273,DB0-m2_o23_o28_f0_nbo.sym.21 || DB0-m2_o23_o28_f0_nbo.sym.4
DB0-m2_o23_o28_f0_nbo.sym.21 || DB0-m2_o23_o28_f0_nbo.sym.4,DB0-m2_o23_o28_f0_nbo.sym.21,DB0-m2_o23_o28_f0_nbo.sym.4,DB0-m2_o23_o28_f0_nbo.sym.21,DB0-m2_o23_o28_f0_nbo.sym.4,linker_family_change,composition_clean,stringent,nbo,3D framework,Cu,Cu,,,1.0,0.0008597440643201,0.0030813221518042,0.0008597440643201,0.0050270936968428,0.0066154790235433,0.0044199999999999,0.0004999999999999,,,,,,,,,,,,,,,,,,,,,,,,12.0,12.0,40141.0,43459.0,,,DB0-m2_o23_o28_f0_nbo.sym.21,DB0-m2_o23_o28_f0_nbo.sym.4,DB0-m2_o23_o28_f0_nbo.sym.21,DB0-m2_o23_o28_f0_nbo.sym.4,40141 <-> 43459,evidence_f04794da52ef6f4b,family_6bfbce5d0e518940,19,24,24,post_combustion_CO2,298.0,0.015,0.042136,0.006012,0.036425,0.002963,True,True,True,True,-0.005711,0.005711,279610,3e-06,3.0000000000000004e-08,3e-09,0.057355,0.15771675,0.0743971460340993,0.005711,0.1456470184700018,0.14564711893683,0.0767636973249271,DB0-m2_o23_o28_f0_nbo.sym.21 || DB0-m2_o23_o28_f0_nbo.sym.4
DB0-m2_o23_o28_f0_nbo.sym.21 || DB0-m2_o23_o28_f0_nbo.sym.4,DB0-m2_o23_o28_f0_nbo.sym.21,DB0-m2_o23_o28_f0_nbo.sym.4,DB0-m2_o23_o28_f0_nbo.sym.21,DB0-m2_o23_o28_f0_nbo.sym.4,linker_family_change,composition_clean,stringent,nbo,3D framework,Cu,Cu,,,1.0,0.0008597440643201,0.0030813221518042,0.0008597440643201,0.0050270936968428,0.0066154790235433,0.0044199999999999,0.0004999999999999,,,,,,,,,,,,,,,,,,,,,,,,12.0,12.0,40141.0,43459.0,,,DB0-m2_o23_o28_f0_nbo.sym.21,DB0-m2_o23_o28_f0_nbo.sym.4,DB0-m2_o23_o28_f0_nbo.sym.21,DB0-m2_o23_o28_f0_nbo.sym.4,40141 <-> 43459,evidence_f04794da52ef6f4b,family_6bfbce5d0e518940,19,24,24,post_combustion_CO2,298.0,0.15,0.212339,0.041108,0.187249,0.021884,True,True,True,True,-0.02509,0.02509,279610,1e-06,1e-08,9.999999999999999e-10,0.32161925,1.28842775,0.7166853224610823,0.02509,0.1257447659066124,0.1257447715859003,0.0350083910102155,DB0-m2_o23_o28_f0_nbo.sym.21 || DB0-m2_o23_o28_f0_nbo.sym.4
DB0-m2_o23_o28_f0_nbo.sym.21 || DB0-m2_o23_o28_f0_nbo.sym.4,DB0-m2_o23_o28_f0_nbo.sym.21,DB0-m2_o23_o28_f0_nbo.sym.4,DB0-m2_o23_o28_f0_nbo.sym.21,DB0-m2_o23_o28_f0_nbo.sym.4,linker_family_change,composition_clean,stringent,nbo,3D framework,Cu,Cu,,,1.0,0.0008597440643201,0.0030813221518042,0.0008597440643201,0.0050270936968428,0.0066154790235433,0.0044199999999999,0.0004999999999999,,,,,,,,,,,,,,,,,,,,,,,,12.0,12.0,40141.0,43459.0,,,DB0-m2_o23_o28_f0_nbo.sym.21,DB0-m2_o23_o28_f0_nbo.sym.4,DB0-m2_o23_o28_f0_nbo.sym.21,DB0-m2_o23_o28_f0_nbo.sym.4,40141 <-> 43459,evidence_f04794da52ef6f4b,family_6bfbce5d0e518940,19,24,24,post_combustion_N2,298.0,0.075,0.053555,0.002628,0.049004,0.00282,True,True,True,True,-0.0045509999999999,0.0045509999999999,279610,5e-06,5e-08,5e-09,0.0272,0.03577,0.0063528539659006,0.0045509999999999,0.0888071490795257,0.0888072271141471,0.7163709451575258,DB0-m2_o23_o28_f0_nbo.sym.21 || DB0-m2_o23_o28_f0_nbo.sym.4
DB0-m2_o23_o28_f0_nbo.sym.21 || DB0-m2_o23_o28_f0_nbo.sym.4,DB0-m2_o23_o28_f0_nbo.sym.21,DB0-m2_o23_o28_f0_nbo.sym.4,DB0-m2_o23_o28_f0_nbo.sym.21,DB0-m2_o23_o28_f0_nbo.sym.4,linker_family_change,composition_clean,stringent,nbo,3D framework,Cu,Cu,,,1.0,0.0008597440643201,0.0030813221518042,0.0008597440643201,0.0050270936968428,0.0066154790235433,0.0044199999999999,0.0004999999999999,,,,,,,,,,,,,,,,,,,,,,,,12.0,12.0,40141.0,43459.0,,,DB0-m2_o23_o28_f0_nbo.sym.21,DB0-m2_o23_o28_f0_nbo.sym.4,DB0-m2_o23_o28_f0_nbo.sym.21,DB0-m2_o23_o28_f0_nbo.sym.4,40141 <-> 43459,evidence_f04794da52ef6f4b,family_6bfbce5d0e518940,19,24,24,post_combustion_N2,298.0,0.75,0.26371,0.011716,0.266662,0.011835,True,True,True,True,0.002952,0.002952,279610,1.3e-05,1.3e-07,1.3e-08,0.130173,0.174595,0.0329295774647887,0.002952,0.0111319188683172,0.0111319237798184,0.0896458511548335,DB0-m2_o23_o28_f0_nbo.sym.21 || DB0-m2_o23_o28_f0_nbo.sym.4
DB0-m2_o23_o28_f0_nbo.sym.21 || DB0-m2_o23_o28_f0_nbo.sym.4,DB0-m2_o23_o28_f0_nbo.sym.21,DB0-m2_o23_o28_f0_nbo.sym.4,DB0-m2_o23_o28_f0_nbo.sym.21,DB0-m2_o23_o28_f0_nbo.sym.4,linker_family_change,composition_clean,stringent,nbo,3D framework,Cu,Cu,,,1.0,0.0008597440643201,0.0030813221518042,0.0008597440643201,0.0050270936968428,0.0066154790235433,0.0044199999999999,0.0004999999999999,,,,,,,,,,,,,,,,,,,,,,,,12.0,12.0,40141.0,43459.0,,,DB0-m2_o23_o28_f0_nbo.sym.21,DB0-m2_o23_o28_f0_nbo.sym.4,DB0-m2_o23_o28_f0_nbo.sym.21,DB0-m2_o23_o28_f0_nbo.sym.4,40141 <-> 43459,evidence_f04794da52ef6f4b,family_6bfbce5d0e518940,19,24,24,pre_combustion_CO2,313.0,0.4,0.425135,0.036636,0.421323,0.022022,True,True,True,True,-0.0038119999999999,0.0038119999999999,279610,4e-06,4e-08,3.9999999999999994e-09,0.580207,1.99224775,1.046731467753892,0.0038119999999999,0.0090070042713304,0.0090070050374797,0.0036418127451349,DB0-m2_o23_o28_f0_nbo.sym.21 || DB0-m2_o23_o28_f0_nbo.sym.4
DB0-m2_o23_o28_f0_nbo.sym.21 || DB0-m2_o23_o28_f0_nbo.sym.4,DB0-m2_o23_o28_f0_nbo.sym.21,DB0-m2_o23_o28_f0_nbo.sym.4,DB0-m2_o23_o28_f0_nbo.sym.21,DB0-m2_o23_o28_f0_nbo.sym.4,linker_family_change,composition_clean,stringent,nbo,3D framework,Cu,Cu,,,1.0,0.0008597440643201,0.0030813221518042,0.0008597440643201,0.0050270936968428,0.0066154790235433,0.0044199999999999,0.0004999999999999,,,,,,,,,,,,,,,,,,,,,,,,12.0,12.0,40141.0,43459.0,,,DB0-m2_o23_o28_f0_nbo.sym.21,DB0-m2_o23_o28_f0_nbo.sym.4,DB0-m2_o23_o28_f0_nbo.sym.21,DB0-m2_o23_o28_f0_nbo.sym.4,40141 <-> 43459,evidence_f04794da52ef6f4b,family_6bfbce5d0e518940,19,24,24,pre_combustion_CO2,313.0,16.0,16.968447,0.438309,16.936198,1.099924,True,True,True,True,-0.0322490000000001,0.0322490000000001,279485,2e-06,2e-08,1.9999999999999997e-09,12.337041,20.473715,6.031633802816901,0.0322490000000001,0.0019023357824505,0.0019023357844707,0.0053466442185099,DB0-m2_o23_o28_f0_nbo.sym.21 || DB0-m2_o23_o28_f0_nbo.sym.4
DB0-m2_o23_o28_f0_nbo.sym.21 || DB0-m2_o23_o28_f0_nbo.sym.4,DB0-m2_o23_o28_f0_nbo.sym.21,DB0-m2_o23_o28_f0_nbo.sym.4,DB0-m2_o23_o28_f0_nbo.sym.21,DB0-m2_o23_o28_f0_nbo.sym.4,linker_family_change,composition_clean,stringent,nbo,3D framework,Cu,Cu,,,1.0,0.0008597440643201,0.0030813221518042,0.0008597440643201,0.0050270936968428,0.0066154790235433,0.0044199999999999,0.0004999999999999,,,,,,,,,,,,,,,,,,,,,,,,12.0,12.0,40141.0,43459.0,,,DB0-m2_o23_o28_f0_nbo.sym.21,DB0-m2_o23_o28_f0_nbo.sym.4,DB0-m2_o23_o28_f0_nbo.sym.21,DB0-m2_o23_o28_f0_nbo.sym.4,40141 <-> 43459,evidence_f04794da52ef6f4b,family_6bfbce5d0e518940,19,24,24,pre_combustion_H2,313.0,0.6,0.172356,0.003192,0.173494,0.002793,True,True,True,True,0.001138,0.001138,279610,5e-06,5e-08,5e-09,0.046524,0.08545275,0.0288574870274277,0.001138,0.0065809095158517,0.0065809112284036,0.0394351732331503,DB0-m2_o23_o28_f0_nbo.sym.21 || DB0-m2_o23_o28_f0_nbo.sym.4
DB0-m2_o23_o28_f0_nbo.sym.21 || DB0-m2_o23_o28_f0_nbo.sym.4,DB0-m2_o23_o28_f0_nbo.sym.21,DB0-m2_o23_o28_f0_nbo.sym.4,DB0-m2_o23_o28_f0_nbo.sym.21,DB0-m2_o23_o28_f0_nbo.sym.4,linker_family_change,composition_clean,stringent,nbo,3D framework,Cu,Cu,,,1.0,0.0008597440643201,0.0030813221518042,0.0008597440643201,0.0050270936968428,0.0066154790235433,0.0044199999999999,0.0004999999999999,,,,,,,,,,,,,,,,,,,,,,,,12.0,12.0,40141.0,43459.0,,,DB0-m2_o23_o28_f0_nbo.sym.21,DB0-m2_o23_o28_f0_nbo.sym.4,DB0-m2_o23_o28_f0_nbo.sym.21,DB0-m2_o23_o28_f0_nbo.sym.4,40141 <-> 43459,evidence_f04794da52ef6f4b,family_6bfbce5d0e518940,19,24,24,pre_combustion_H2,313.0,24.0,4.36972,0.060068,4.368908,0.098226,True,True,True,True,-0.0008119999999998,0.0008119999999998,279485,6e-06,6.000000000000002e-08,6e-09,0.143488,0.865489,0.535212008895478,0.0008119999999998,0.0001858415282549,0.000185841530552,0.0015171557934126,DB0-m2_o23_o28_f0_nbo.sym.21 || DB0-m2_o23_o28_f0_nbo.sym.4
DB0-m3_o152_o155_f0_fsc.sym.27 || DB0-m3_o440_o155_f0_fsc.sym.26,DB0-m3_o440_o155_f0_fsc.sym.26,DB0-m3_o152_o155_f0_fsc.sym.27,DB0-m3_o152_o155_f0_fsc.sym.27,DB0-m3_o440_o155_f0_fsc.sym.26,linker_family_change,composition_clean,stringent,fsc,3D framework,Zn,Zn,,,1.0,0.0206435786360789,0.0026325185927608,0.0206435786360789,0.0002292082825522,0.039506784619002,0.0185799999999999,0.0074999999999999,,,,,,,,,,,,,,,,,,,,,,,,2.0,2.0,60577.0,55140.0,,,DB0-m3_o440_o155_f0_fsc.sym.26,DB0-m3_o152_o155_f0_fsc.sym.27,DB0-m3_o152_o155_f0_fsc.sym.27,DB0-m3_o440_o155_f0_fsc.sym.26,55140 <-> 60577,evidence_be778f10924fcf1e,family_1ec36c6054b1705c,1,1,1,landfill_CH4,338.0,0.01,0.033563,0.002728,0.033552,0.003016,True,True,True,True,-1.1000000000004062e-05,1.1000000000004062e-05,279610,1e-06,1e-08,9.999999999999999e-10,0.009666,0.017173,0.0055648628613788,1.1000000000004062e-05,0.0003277954800133,0.0003277955679266,0.0019766884241382,DB0-m3_o152_o155_f0_fsc.sym.27 || DB0-m3_o440_o155_f0_fsc.sym.26
DB0-m3_o152_o155_f0_fsc.sym.27 || DB0-m3_o440_o155_f0_fsc.sym.26,DB0-m3_o440_o155_f0_fsc.sym.26,DB0-m3_o152_o155_f0_fsc.sym.27,DB0-m3_o152_o155_f0_fsc.sym.27,DB0-m3_o440_o155_f0_fsc.sym.26,linker_family_change,composition_clean,stringent,fsc,3D framework,Zn,Zn,,,1.0,0.0206435786360789,0.0026325185927608,0.0206435786360789,0.0002292082825522,0.039506784619002,0.0185799999999999,0.0074999999999999,,,,,,,,,,,,,,,,,,,,,,,,2.0,2.0,60577.0,55140.0,,,DB0-m3_o440_o155_f0_fsc.sym.26,DB0-m3_o152_o155_f0_fsc.sym.27,DB0-m3_o152_o155_f0_fsc.sym.27,DB0-m3_o440_o155_f0_fsc.sym.26,55140 <-> 60577,evidence_be778f10924fcf1e,family_1ec36c6054b1705c,1,1,1,landfill_CH4,338.0,4.4,1.891084,0.068366,2.096231,0.154661,True,True,True,True,0.2051469999999999,0.2051469999999999,279610,1e-06,1e-08,9.999999999999999e-10,1.25872725,1.8114855,0.4097540770941437,0.2051469999999999,0.1029907601612459,0.1029907606270011,0.5006588377468812,DB0-m3_o152_o155_f0_fsc.sym.27 || DB0-m3_o440_o155_f0_fsc.sym.26
DB0-m3_o152_o155_f0_fsc.sym.27 || DB0-m3_o440_o155_f0_fsc.sym.26,DB0-m3_o440_o155_f0_fsc.sym.26,DB0-m3_o152_o155_f0_fsc.sym.27,DB0-m3_o152_o155_f0_fsc.sym.27,DB0-m3_o440_o155_f0_fsc.sym.26,linker_family_change,composition_clean,stringent,fsc,3D framework,Zn,Zn,,,1.0,0.0206435786360789,0.0026325185927608,0.0206435786360789,0.0002292082825522,0.039506784619002,0.0185799999999999,0.0074999999999999,,,,,,,,,,,,,,,,,,,,,,,,2.0,2.0,60577.0,55140.0,,,DB0-m3_o440_o155_f0_fsc.sym.26,DB0-m3_o152_o155_f0_fsc.sym.27,DB0-m3_o152_o155_f0_fsc.sym.27,DB0-m3_o440_o155_f0_fsc.sym.26,55140 <-> 60577,evidence_be778f10924fcf1e,family_1ec36c6054b1705c,1,1,1,landfill_CO2,338.0,0.26,1.181556,0.08212,1.6908,0.105051,True,True,True,True,0.509244,0.509244,279610,4e-06,4e-08,3.9999999999999994e-09,0.247956,0.704353,0.3383224610822832,0.509244,0.3583695656164521,0.3583695747930534,1.505203049099797,DB0-m3_o152_o155_f0_fsc.sym.27 || DB0-m3_o440_o155_f0_fsc.sym.26
DB0-m3_o152_o155_f0_fsc.sym.27 || DB0-m3_o440_o155_f0_fsc.sym.26,DB0-m3_o440_o155_f0_fsc.sym.26,DB0-m3_o152_o155_f0_fsc.sym.27,DB0-m3_o152_o155_f0_fsc.sym.27,DB0-m3_o440_o155_f0_fsc.sym.26,linker_family_change,composition_clean,stringent,fsc,3D framework,Zn,Zn,,,1.0,0.0206435786360789,0.0026325185927608,0.0206435786360789,0.0002292082825522,0.039506784619002,0.0185799999999999,0.0074999999999999,,,,,,,,,,,,,,,,,,,,,,,,2.0,2.0,60577.0,55140.0,,,DB0-m3_o440_o155_f0_fsc.sym.26,DB0-m3_o152_o155_f0_fsc.sym.27,DB0-m3_o152_o155_f0_fsc.sym.27,DB0-m3_o440_o155_f0_fsc.sym.26,55140 <-> 60577,evidence_be778f10924fcf1e,family_1ec36c6054b1705c,1,1,1,landfill_CO2,338.0,3.2,7.11357,0.213675,7.497609,0.368925,True,True,True,True,0.3840389999999996,0.3840389999999996,279610,4e-06,4e-08,3.9999999999999994e-09,2.650561,5.085138499999999,1.8047275759822088,0.3840389999999996,0.0525799419218269,0.0525799421810462,0.212796105689796,DB0-m3_o152_o155_f0_fsc.sym.27 || DB0-m3_o440_o155_f0_fsc.sym.26
DB0-m3_o152_o155_f0_fsc.sym.27 || DB0-m3_o440_o155_f0_fsc.sym.26,DB0-m3_o440_o155_f0_fsc.sym.26,DB0-m3_o152_o155_f0_fsc.sym.27,DB0-m3_o152_o155_f0_fsc.sym.27,DB0-m3_o440_o155_f0_fsc.sym.26,linker_family_change,composition_clean,stringent,fsc,3D framework,Zn,Zn,,,1.0,0.0206435786360789,0.0026325185927608,0.0206435786360789,0.0002292082825522,0.039506784619002,0.0185799999999999,0.0074999999999999,,,,,,,,,,,,,,,,,,,,,,,,2.0,2.0,60577.0,55140.0,,,DB0-m3_o440_o155_f0_fsc.sym.26,DB0-m3_o152_o155_f0_fsc.sym.27,DB0-m3_o152_o155_f0_fsc.sym.27,DB0-m3_o440_o155_f0_fsc.sym.26,55140 <-> 60577,evidence_be778f10924fcf1e,family_1ec36c6054b1705c,1,1,1,methane_purification_CH4,298.0,0.9,2.23788,0.133771,2.379336,0.241791,True,True,True,True,0.1414559999999998,0.1414559999999998,279609,2e-06,2e-08,1.9999999999999997e-09,0.527931,1.193629,0.4934751667902149,0.1414559999999998,0.0612924674808075,0.0612924679589984,0.286652722405655,DB0-m3_o152_o155_f0_fsc.sym.27 || DB0-m3_o440_o155_f0_fsc.sym.26
DB0-m3_o152_o155_f0_fsc.sym.27 || DB0-m3_o440_o155_f0_fsc.sym.26,DB0-m3_o440_o155_f0_fsc.sym.26,DB0-m3_o152_o155_f0_fsc.sym.27,DB0-m3_o152_o155_f0_fsc.sym.27,DB0-m3_o440_o155_f0_fsc.sym.26,linker_family_change,composition_clean,stringent,fsc,3D framework,Zn,Zn,,,1.0,0.0206435786360789,0.0026325185927608,0.0206435786360789,0.0002292082825522,0.039506784619002,0.0185799999999999,0.0074999999999999,,,,,,,,,,,,,,,,,,,,,,,,2.0,2.0,60577.0,55140.0,,,DB0-m3_o440_o155_f0_fsc.sym.26,DB0-m3_o152_o155_f0_fsc.sym.27,DB0-m3_o152_o155_f0_fsc.sym.27,DB0-m3_o440_o155_f0_fsc.sym.26,55140 <-> 60577,evidence_be778f10924fcf1e,family_1ec36c6054b1705c,1,1,1,methane_purification_CH4,298.0,9.0,5.603033,0.150206,6.317987,0.243404,True,True,True,True,0.7149539999999996,0.7149539999999996,279610,4e-06,4e-08,3.9999999999999994e-09,3.93594425,5.77881075,1.3660982209043735,0.7149539999999996,0.1200925856889989,0.1200925864160731,0.5233547552142271,DB0-m3_o152_o155_f0_fsc.sym.27 || DB0-m3_o440_o155_f0_fsc.sym.26
DB0-m3_o152_o155_f0_fsc.sym.27 || DB0-m3_o440_o155_f0_fsc.sym.26,DB0-m3_o440_o155_f0_fsc.sym.26,DB0-m3_o152_o155_f0_fsc.sym.27,DB0-m3_o152_o155_f0_fsc.sym.27,DB0-m3_o440_o155_f0_fsc.sym.26,linker_family_change,composition_clean,stringent,fsc,3D framework,Zn,Zn,,,1.0,0.0206435786360789,0.0026325185927608,0.0206435786360789,0.0002292082825522,0.039506784619002,0.0185799999999999,0.0074999999999999,,,,,,,,,,,,,,,,,,,,,,,,2.0,2.0,60577.0,55140.0,,,DB0-m3_o440_o155_f0_fsc.sym.26,DB0-m3_o152_o155_f0_fsc.sym.27,DB0-m3_o152_o155_f0_fsc.sym.27,DB0-m3_o440_o155_f0_fsc.sym.26,55140 <-> 60577,evidence_be778f10924fcf1e,family_1ec36c6054b1705c,1,1,1,methane_purification_CO2,298.0,0.1,1.279835,0.097624,1.720879,0.185946,True,True,True,True,0.441044,0.441044,279609,4e-06,4e-08,3.9999999999999994e-09,0.22937,0.816658,0.4353506300963677,0.441044,0.2961040354146993,0.2961040426237832,1.013077665472477,DB0-m3_o152_o155_f0_fsc.sym.27 || DB0-m3_o440_o155_f0_fsc.sym.26
DB0-m3_o152_o155_f0_fsc.sym.27 || DB0-m3_o440_o155_f0_fsc.sym.26,DB0-m3_o440_o155_f0_fsc.sym.26,DB0-m3_o152_o155_f0_fsc.sym.27,DB0-m3_o152_o155_f0_fsc.sym.27,DB0-m3_o440_o155_f0_fsc.sym.26,linker_family_change,composition_clean,stringent,fsc,3D framework,Zn,Zn,,,1.0,0.0206435786360789,0.0026325185927608,0.0206435786360789,0.0002292082825522,0.039506784619002,0.0185799999999999,0.0074999999999999,,,,,,,,,,,,,,,,,,,,,,,,2.0,2.0,60577.0,55140.0,,,DB0-m3_o440_o155_f0_fsc.sym.26,DB0-m3_o152_o155_f0_fsc.sym.27,DB0-m3_o152_o155_f0_fsc.sym.27,DB0-m3_o440_o155_f0_fsc.sym.26,55140 <-> 60577,evidence_be778f10924fcf1e,family_1ec36c6054b1705c,1,1,1,methane_purification_CO2,298.0,1.0,4.967141,0.299186,5.310852,0.269105,True,True,True,True,0.3437109999999999,0.3437109999999999,279610,4e-06,4e-08,3.9999999999999994e-09,1.85381575,3.8324775,1.4667618606375092,0.3437109999999999,0.0669078507601796,0.0669078512292362,0.234333199699241,DB0-m3_o152_o155_f0_fsc.sym.27 || DB0-m3_o440_o155_f0_fsc.sym.26
DB0-m3_o152_o155_f0_fsc.sym.27 || DB0-m3_o440_o155_f0_fsc.sym.26,DB0-m3_o440_o155_f0_fsc.sym.26,DB0-m3_o152_o155_f0_fsc.sym.27,DB0-m3_o152_o155_f0_fsc.sym.27,DB0-m3_o440_o155_f0_fsc.sym.26,linker_family_change,composition_clean,stringent,fsc,3D framework,Zn,Zn,,,1.0,0.0206435786360789,0.0026325185927608,0.0206435786360789,0.0002292082825522,0.039506784619002,0.0185799999999999,0.0074999999999999,,,,,,,,,,,,,,,,,,,,,,,,2.0,2.0,60577.0,55140.0,,,DB0-m3_o440_o155_f0_fsc.sym.26,DB0-m3_o152_o155_f0_fsc.sym.27,DB0-m3_o152_o155_f0_fsc.sym.27,DB0-m3_o440_o155_f0_fsc.sym.26,55140 <-> 60577,evidence_be778f10924fcf1e,family_1ec36c6054b1705c,1,1,1,methane_storage_CH4,298.0,5.8,7.106831,0.122844,7.829938,0.205292,True,True,True,True,0.7231070000000006,0.7231070000000006,279610,5e-06,5e-08,5e-09,3.10265825,5.1876215,1.5455620830244623,0.7231070000000006,0.0968981568689588,0.0968981574537231,0.4678602095264753,DB0-m3_o152_o155_f0_fsc.sym.27 || DB0-m3_o440_o155_f0_fsc.sym.26
DB0-m3_o152_o155_f0_fsc.sym.27 || DB0-m3_o440_o155_f0_fsc.sym.26,DB0-m3_o440_o155_f0_fsc.sym.26,DB0-m3_o152_o155_f0_fsc.sym.27,DB0-m3_o152_o155_f0_fsc.sym.27,DB0-m3_o440_o155_f0_fsc.sym.26,linker_family_change,composition_clean,stringent,fsc,3D framework,Zn,Zn,,,1.0,0.0206435786360789,0.0026325185927608,0.0206435786360789,0.0002292082825522,0.039506784619002,0.0185799999999999,0.0074999999999999,,,,,,,,,,,,,,,,,,,,,,,,2.0,2.0,60577.0,55140.0,,,DB0-m3_o440_o155_f0_fsc.sym.26,DB0-m3_o152_o155_f0_fsc.sym.27,DB0-m3_o152_o155_f0_fsc.sym.27,DB0-m3_o440_o155_f0_fsc.sym.26,55140 <-> 60577,evidence_be778f10924fcf1e,family_1ec36c6054b1705c,1,1,1,methane_storage_CH4,298.0,65.0,12.592898,0.251993,13.070619,0.198591,True,True,True,True,0.4777210000000007,0.4777210000000007,279610,4e-06,4e-08,3.9999999999999994e-09,10.7545755,19.84731525,6.740355633802818,0.4777210000000007,0.0372338825128655,0.0372338826173508,0.0708747469650168,DB0-m3_o152_o155_f0_fsc.sym.27 || DB0-m3_o440_o155_f0_fsc.sym.26
DB0-m3_o152_o155_f0_fsc.sym.27 || DB0-m3_o440_o155_f0_fsc.sym.26,DB0-m3_o440_o155_f0_fsc.sym.26,DB0-m3_o152_o155_f0_fsc.sym.27,DB0-m3_o152_o155_f0_fsc.sym.27,DB0-m3_o440_o155_f0_fsc.sym.26,linker_family_change,composition_clean,stringent,fsc,3D framework,Zn,Zn,,,1.0,0.0206435786360789,0.0026325185927608,0.0206435786360789,0.0002292082825522,0.039506784619002,0.0185799999999999,0.0074999999999999,,,,,,,,,,,,,,,,,,,,,,,,2.0,2.0,60577.0,55140.0,,,DB0-m3_o440_o155_f0_fsc.sym.26,DB0-m3_o152_o155_f0_fsc.sym.27,DB0-m3_o152_o155_f0_fsc.sym.27,DB0-m3_o440_o155_f0_fsc.sym.26,55140 <-> 60577,evidence_be778f10924fcf1e,family_1ec36c6054b1705c,1,1,1,post_combustion_CO2,298.0,0.015,0.265789,0.055611,0.269257,0.087869,True,True,True,True,0.003468,0.003468,279610,3e-06,3.0000000000000004e-08,3e-09,0.057355,0.15771675,0.0743971460340993,0.003468,0.0129635514646109,0.0129635527730056,0.0466146913540271,DB0-m3_o152_o155_f0_fsc.sym.27 || DB0-m3_o440_o155_f0_fsc.sym.26
DB0-m3_o152_o155_f0_fsc.sym.27 || DB0-m3_o440_o155_f0_fsc.sym.26,DB0-m3_o440_o155_f0_fsc.sym.26,DB0-m3_o152_o155_f0_fsc.sym.27,DB0-m3_o152_o155_f0_fsc.sym.27,DB0-m3_o440_o155_f0_fsc.sym.26,linker_family_change,composition_clean,stringent,fsc,3D framework,Zn,Zn,,,1.0,0.0206435786360789,0.0026325185927608,0.0206435786360789,0.0002292082825522,0.039506784619002,0.0185799999999999,0.0074999999999999,,,,,,,,,,,,,,,,,,,,,,,,2.0,2.0,60577.0,55140.0,,,DB0-m3_o440_o155_f0_fsc.sym.26,DB0-m3_o152_o155_f0_fsc.sym.27,DB0-m3_o152_o155_f0_fsc.sym.27,DB0-m3_o440_o155_f0_fsc.sym.26,55140 <-> 60577,evidence_be778f10924fcf1e,family_1ec36c6054b1705c,1,1,1,post_combustion_CO2,298.0,0.15,2.086371,0.090408,2.453397,0.156961,True,True,True,True,0.3670259999999996,0.3670259999999996,279610,1e-06,1e-08,9.999999999999999e-10,0.32161925,1.28842775,0.7166853224610823,0.3670259999999996,0.1620474009921576,0.162047401637485,0.5121159712600784,DB0-m3_o152_o155_f0_fsc.sym.27 || DB0-m3_o440_o155_f0_fsc.sym.26
DB0-m3_o152_o155_f0_fsc.sym.27 || DB0-m3_o440_o155_f0_fsc.sym.26,DB0-m3_o440_o155_f0_fsc.sym.26,DB0-m3_o152_o155_f0_fsc.sym.27,DB0-m3_o152_o155_f0_fsc.sym.27,DB0-m3_o440_o155_f0_fsc.sym.26,linker_family_change,composition_clean,stringent,fsc,3D framework,Zn,Zn,,,1.0,0.0206435786360789,0.0026325185927608,0.0206435786360789,0.0002292082825522,0.039506784619002,0.0185799999999999,0.0074999999999999,,,,,,,,,,,,,,,,,,,,,,,,2.0,2.0,60577.0,55140.0,,,DB0-m3_o440_o155_f0_fsc.sym.26,DB0-m3_o152_o155_f0_fsc.sym.27,DB0-m3_o152_o155_f0_fsc.sym.27,DB0-m3_o440_o155_f0_fsc.sym.26,55140 <-> 60577,evidence_be778f10924fcf1e,family_1ec36c6054b1705c,1,1,1,post_combustion_N2,298.0,0.075,0.037096,0.001639,0.038677,0.001766,True,True,True,True,0.001581,0.001581,279610,5e-06,5e-08,5e-09,0.0272,0.03577,0.0063528539659006,0.001581,0.0417359059296154,0.0417359555161653,0.2488645274212376,DB0-m3_o152_o155_f0_fsc.sym.27 || DB0-m3_o440_o155_f0_fsc.sym.26
DB0-m3_o152_o155_f0_fsc.sym.27 || DB0-m3_o440_o155_f0_fsc.sym.26,DB0-m3_o440_o155_f0_fsc.sym.26,DB0-m3_o152_o155_f0_fsc.sym.27,DB0-m3_o152_o155_f0_fsc.sym.27,DB0-m3_o440_o155_f0_fsc.sym.26,linker_family_change,composition_clean,stringent,fsc,3D framework,Zn,Zn,,,1.0,0.0206435786360789,0.0026325185927608,0.0206435786360789,0.0002292082825522,0.039506784619002,0.0185799999999999,0.0074999999999999,,,,,,,,,,,,,,,,,,,,,,,,2.0,2.0,60577.0,55140.0,,,DB0-m3_o440_o155_f0_fsc.sym.26,DB0-m3_o152_o155_f0_fsc.sym.27,DB0-m3_o152_o155_f0_fsc.sym.27,DB0-m3_o440_o155_f0_fsc.sym.26,55140 <-> 60577,evidence_be778f10924fcf1e,family_1ec36c6054b1705c,1,1,1,post_combustion_N2,298.0,0.75,0.166363,0.008312,0.184935,0.007122,True,True,True,True,0.0185719999999999,0.0185719999999999,279610,1.3e-05,1.3e-07,1.3e-08,0.130173,0.174595,0.0329295774647887,0.0185719999999999,0.1058321856214465,0.1058322562480509,0.5639914456800679,DB0-m3_o152_o155_f0_fsc.sym.27 || DB0-m3_o440_o155_f0_fsc.sym.26
DB0-m3_o152_o155_f0_fsc.sym.27 || DB0-m3_o440_o155_f0_fsc.sym.26,DB0-m3_o440_o155_f0_fsc.sym.26,DB0-m3_o152_o155_f0_fsc.sym.27,DB0-m3_o152_o155_f0_fsc.sym.27,DB0-m3_o440_o155_f0_fsc.sym.26,linker_family_change,composition_clean,stringent,fsc,3D framework,Zn,Zn,,,1.0,0.0206435786360789,0.0026325185927608,0.0206435786360789,0.0002292082825522,0.039506784619002,0.0185799999999999,0.0074999999999999,,,,,,,,,,,,,,,,,,,,,,,,2.0,2.0,60577.0,55140.0,,,DB0-m3_o440_o155_f0_fsc.sym.26,DB0-m3_o152_o155_f0_fsc.sym.27,DB0-m3_o152_o155_f0_fsc.sym.27,DB0-m3_o440_o155_f0_fsc.sym.26,55140 <-> 60577,evidence_be778f10924fcf1e,family_1ec36c6054b1705c,1,1,1,pre_combustion_CO2,313.0,0.4,3.379471,0.170168,4.217558,0.267803,True,True,True,True,0.8380870000000002,0.8380870000000002,279610,4e-06,4e-08,3.9999999999999994e-09,0.580207,1.99224775,1.046731467753892,0.8380870000000002,0.2215370968438998,0.2215370989607095,0.8006704926893932,DB0-m3_o152_o155_f0_fsc.sym.27 || DB0-m3_o440_o155_f0_fsc.sym.26
DB0-m3_o152_o155_f0_fsc.sym.27 || DB0-m3_o440_o155_f0_fsc.sym.26,DB0-m3_o440_o155_f0_fsc.sym.26,DB0-m3_o152_o155_f0_fsc.sym.27,DB0-m3_o152_o155_f0_fsc.sym.27,DB0-m3_o440_o155_f0_fsc.sym.26,linker_family_change,composition_clean,stringent,fsc,3D framework,Zn,Zn,,,1.0,0.0206435786360789,0.0026325185927608,0.0206435786360789,0.0002292082825522,0.039506784619002,0.0185799999999999,0.0074999999999999,,,,,,,,,,,,,,,,,,,,,,,,2.0,2.0,60577.0,55140.0,,,DB0-m3_o440_o155_f0_fsc.sym.26,DB0-m3_o152_o155_f0_fsc.sym.27,DB0-m3_o152_o155_f0_fsc.sym.27,DB0-m3_o440_o155_f0_fsc.sym.26,55140 <-> 60577,evidence_be778f10924fcf1e,family_1ec36c6054b1705c,1,1,1,pre_combustion_CO2,313.0,16.0,14.616756,0.161672,14.99405,0.153181,True,True,True,True,0.3772939999999991,0.3772939999999991,279485,2e-06,2e-08,1.9999999999999997e-09,12.337041,20.473715,6.031633802816901,0.3772939999999991,0.0254849138320905,0.0254849138630777,0.0625525375601872,DB0-m3_o152_o155_f0_fsc.sym.27 || DB0-m3_o440_o155_f0_fsc.sym.26
DB0-m3_o152_o155_f0_fsc.sym.27 || DB0-m3_o440_o155_f0_fsc.sym.26,DB0-m3_o440_o155_f0_fsc.sym.26,DB0-m3_o152_o155_f0_fsc.sym.27,DB0-m3_o152_o155_f0_fsc.sym.27,DB0-m3_o440_o155_f0_fsc.sym.26,linker_family_change,composition_clean,stringent,fsc,3D framework,Zn,Zn,,,1.0,0.0206435786360789,0.0026325185927608,0.0206435786360789,0.0002292082825522,0.039506784619002,0.0185799999999999,0.0074999999999999,,,,,,,,,,,,,,,,,,,,,,,,2.0,2.0,60577.0,55140.0,,,DB0-m3_o440_o155_f0_fsc.sym.26,DB0-m3_o152_o155_f0_fsc.sym.27,DB0-m3_o152_o155_f0_fsc.sym.27,DB0-m3_o440_o155_f0_fsc.sym.26,55140 <-> 60577,evidence_be778f10924fcf1e,family_1ec36c6054b1705c,1,1,1,pre_combustion_H2,313.0,0.6,0.055844,0.001177,0.0562,0.000944,True,True,True,True,0.000356,0.000356,279610,5e-06,5e-08,5e-09,0.046524,0.08545275,0.0288574870274277,0.000356,0.0063546621016286,0.0063546672060819,0.0123364865298783,DB0-m3_o152_o155_f0_fsc.sym.27 || DB0-m3_o440_o155_f0_fsc.sym.26
DB0-m3_o152_o155_f0_fsc.sym.27 || DB0-m3_o440_o155_f0_fsc.sym.26,DB0-m3_o440_o155_f0_fsc.sym.26,DB0-m3_o152_o155_f0_fsc.sym.27,DB0-m3_o152_o155_f0_fsc.sym.27,DB0-m3_o440_o155_f0_fsc.sym.26,linker_family_change,composition_clean,stringent,fsc,3D framework,Zn,Zn,,,1.0,0.0206435786360789,0.0026325185927608,0.0206435786360789,0.0002292082825522,0.039506784619002,0.0185799999999999,0.0074999999999999,,,,,,,,,,,,,,,,,,,,,,,,2.0,2.0,60577.0,55140.0,,,DB0-m3_o440_o155_f0_fsc.sym.26,DB0-m3_o152_o155_f0_fsc.sym.27,DB0-m3_o152_o155_f0_fsc.sym.27,DB0-m3_o440_o155_f0_fsc.sym.26,55140 <-> 60577,evidence_be778f10924fcf1e,family_1ec36c6054b1705c,1,1,1,pre_combustion_H2,313.0,24.0,0.128411,0.00967,0.134762,0.013682,True,True,True,True,0.0063509999999999,0.0063509999999999,279485,6e-06,6.000000000000002e-08,6e-09,0.143488,0.865489,0.535212008895478,0.0063509999999999,0.0482741802387325,0.0482742000570133,0.011866325669909,DB0-m3_o152_o155_f0_fsc.sym.27 || DB0-m3_o440_o155_f0_fsc.sym.26
DB0-m9_o17_o27_f0_sra.sym.116 || DB0-m9_o17_o27_f0_sra.sym.117,DB0-m9_o17_o27_f0_sra.sym.117,DB0-m9_o17_o27_f0_sra.sym.116,DB0-m9_o17_o27_f0_sra.sym.116,DB0-m9_o17_o27_f0_sra.sym.117,functional_motif_change,composition_clean,stringent,sra,3D framework,V,V,,,1.0,0.0057643525019912,0.0134790778368874,0.0034788623882087,3.7855227252037794e-05,3.907570918658174e-05,0.00844,0.003,,,,,,,,,,,,,,,,,,,,,,,,4.0,4.0,,,15980.0,-2360.0,DB0-m9_o17_o27_f0_sra.sym.117,DB0-m9_o17_o27_f0_sra.sym.116,DB0-m9_o17_o27_f0_sra.sym.116,DB0-m9_o17_o27_f0_sra.sym.117,-2360 <-> 15980,evidence_480499b8dfc8a196,family_5bbc53ffa596bb37,1,1,1,landfill_CH4,338.0,0.01,0.011021,0.001056,0.011178,0.000514,True,True,True,True,0.000157,0.000157,279610,1e-06,1e-08,9.999999999999999e-10,0.009666,0.017173,0.0055648628613788,0.000157,0.014145004393856,0.0141450158636757,0.0282127347808713,DB0-m9_o17_o27_f0_sra.sym.116 || DB0-m9_o17_o27_f0_sra.sym.117
DB0-m9_o17_o27_f0_sra.sym.116 || DB0-m9_o17_o27_f0_sra.sym.117,DB0-m9_o17_o27_f0_sra.sym.117,DB0-m9_o17_o27_f0_sra.sym.116,DB0-m9_o17_o27_f0_sra.sym.116,DB0-m9_o17_o27_f0_sra.sym.117,functional_motif_change,composition_clean,stringent,sra,3D framework,V,V,,,1.0,0.0057643525019912,0.0134790778368874,0.0034788623882087,3.7855227252037794e-05,3.907570918658174e-05,0.00844,0.003,,,,,,,,,,,,,,,,,,,,,,,,4.0,4.0,,,15980.0,-2360.0,DB0-m9_o17_o27_f0_sra.sym.117,DB0-m9_o17_o27_f0_sra.sym.116,DB0-m9_o17_o27_f0_sra.sym.116,DB0-m9_o17_o27_f0_sra.sym.117,-2360 <-> 15980,evidence_480499b8dfc8a196,family_5bbc53ffa596bb37,1,1,1,landfill_CH4,338.0,4.4,1.515984,0.039477,1.496338,0.056361,True,True,True,True,-0.019646,0.019646,279610,1e-06,1e-08,9.999999999999999e-10,1.25872725,1.8114855,0.4097540770941437,0.019646,0.0130439431266621,0.0130439432046078,0.047945831654254,DB0-m9_o17_o27_f0_sra.sym.116 || DB0-m9_o17_o27_f0_sra.sym.117
DB0-m9_o17_o27_f0_sra.sym.116 || DB0-m9_o17_o27_f0_sra.sym.117,DB0-m9_o17_o27_f0_sra.sym.117,DB0-m9_o17_o27_f0_sra.sym.116,DB0-m9_o17_o27_f0_sra.sym.116,DB0-m9_o17_o27_f0_sra.sym.117,functional_motif_change,composition_clean,stringent,sra,3D framework,V,V,,,1.0,0.0057643525019912,0.0134790778368874,0.0034788623882087,3.7855227252037794e-05,3.907570918658174e-05,0.00844,0.003,,,,,,,,,,,,,,,,,,,,,,,,4.0,4.0,,,15980.0,-2360.0,DB0-m9_o17_o27_f0_sra.sym.117,DB0-m9_o17_o27_f0_sra.sym.116,DB0-m9_o17_o27_f0_sra.sym.116,DB0-m9_o17_o27_f0_sra.sym.117,-2360 <-> 15980,evidence_480499b8dfc8a196,family_5bbc53ffa596bb37,1,1,1,landfill_CO2,338.0,0.26,0.342125,0.039279,0.274518,0.055612,True,True,True,True,-0.067607,0.067607,279610,4e-06,4e-08,3.9999999999999994e-09,0.247956,0.704353,0.3383224610822832,0.067607,0.2201593059970321,0.2201593319112715,0.199830066805873,DB0-m9_o17_o27_f0_sra.sym.116 || DB0-m9_o17_o27_f0_sra.sym.117
DB0-m9_o17_o27_f0_sra.sym.116 || DB0-m9_o17_o27_f0_sra.sym.117,DB0-m9_o17_o27_f0_sra.sym.117,DB0-m9_o17_o27_f0_sra.sym.116,DB0-m9_o17_o27_f0_sra.sym.116,DB0-m9_o17_o27_f0_sra.sym.117,functional_motif_change,composition_clean,stringent,sra,3D framework,V,V,,,1.0,0.0057643525019912,0.0134790778368874,0.0034788623882087,3.7855227252037794e-05,3.907570918658174e-05,0.00844,0.003,,,,,,,,,,,,,,,,,,,,,,,,4.0,4.0,,,15980.0,-2360.0,DB0-m9_o17_o27_f0_sra.sym.117,DB0-m9_o17_o27_f0_sra.sym.116,DB0-m9_o17_o27_f0_sra.sym.116,DB0-m9_o17_o27_f0_sra.sym.117,-2360 <-> 15980,evidence_480499b8dfc8a196,family_5bbc53ffa596bb37,1,1,1,landfill_CO2,338.0,3.2,3.662342,0.143972,3.314074,0.199505,True,True,True,True,-0.348268,0.348268,279610,4e-06,4e-08,3.9999999999999994e-09,2.650561,5.085138499999999,1.8047275759822088,0.348268,0.0999245840668916,0.0999245850998789,0.1929753856675337,DB0-m9_o17_o27_f0_sra.sym.116 || DB0-m9_o17_o27_f0_sra.sym.117
DB0-m9_o17_o27_f0_sra.sym.116 || DB0-m9_o17_o27_f0_sra.sym.117,DB0-m9_o17_o27_f0_sra.sym.117,DB0-m9_o17_o27_f0_sra.sym.116,DB0-m9_o17_o27_f0_sra.sym.116,DB0-m9_o17_o27_f0_sra.sym.117,functional_motif_change,composition_clean,stringent,sra,3D framework,V,V,,,1.0,0.0057643525019912,0.0134790778368874,0.0034788623882087,3.7855227252037794e-05,3.907570918658174e-05,0.00844,0.003,,,,,,,,,,,,,,,,,,,,,,,,4.0,4.0,,,15980.0,-2360.0,DB0-m9_o17_o27_f0_sra.sym.117,DB0-m9_o17_o27_f0_sra.sym.116,DB0-m9_o17_o27_f0_sra.sym.116,DB0-m9_o17_o27_f0_sra.sym.117,-2360 <-> 15980,evidence_480499b8dfc8a196,family_5bbc53ffa596bb37,1,1,1,methane_purification_CH4,298.0,0.9,0.864761,0.077714,0.777688,0.056958,True,True,True,True,-0.0870729999999999,0.0870729999999999,279609,2e-06,2e-08,1.9999999999999997e-09,0.527931,1.193629,0.4934751667902149,0.0870729999999999,0.1061277501189185,0.1061277524494474,0.1764485953089838,DB0-m9_o17_o27_f0_sra.sym.116 || DB0-m9_o17_o27_f0_sra.sym.117
DB0-m9_o17_o27_f0_sra.sym.116 || DB0-m9_o17_o27_f0_sra.sym.117,DB0-m9_o17_o27_f0_sra.sym.117,DB0-m9_o17_o27_f0_sra.sym.116,DB0-m9_o17_o27_f0_sra.sym.116,DB0-m9_o17_o27_f0_sra.sym.117,functional_motif_change,composition_clean,stringent,sra,3D framework,V,V,,,1.0,0.0057643525019912,0.0134790778368874,0.0034788623882087,3.7855227252037794e-05,3.907570918658174e-05,0.00844,0.003,,,,,,,,,,,,,,,,,,,,,,,,4.0,4.0,,,15980.0,-2360.0,DB0-m9_o17_o27_f0_sra.sym.117,DB0-m9_o17_o27_f0_sra.sym.116,DB0-m9_o17_o27_f0_sra.sym.116,DB0-m9_o17_o27_f0_sra.sym.117,-2360 <-> 15980,evidence_480499b8dfc8a196,family_5bbc53ffa596bb37,1,1,1,methane_purification_CH4,298.0,9.0,5.101879,0.183958,4.82727,0.169068,True,True,True,True,-0.2746089999999999,0.2746089999999999,279610,4e-06,4e-08,3.9999999999999994e-09,3.93594425,5.77881075,1.3660982209043735,0.2746089999999999,0.0553278123250369,0.0553278127264442,0.2010170248360366,DB0-m9_o17_o27_f0_sra.sym.116 || DB0-m9_o17_o27_f0_sra.sym.117
DB0-m9_o17_o27_f0_sra.sym.116 || DB0-m9_o17_o27_f0_sra.sym.117,DB0-m9_o17_o27_f0_sra.sym.117,DB0-m9_o17_o27_f0_sra.sym.116,DB0-m9_o17_o27_f0_sra.sym.116,DB0-m9_o17_o27_f0_sra.sym.117,functional_motif_change,composition_clean,stringent,sra,3D framework,V,V,,,1.0,0.0057643525019912,0.0134790778368874,0.0034788623882087,3.7855227252037794e-05,3.907570918658174e-05,0.00844,0.003,,,,,,,,,,,,,,,,,,,,,,,,4.0,4.0,,,15980.0,-2360.0,DB0-m9_o17_o27_f0_sra.sym.117,DB0-m9_o17_o27_f0_sra.sym.116,DB0-m9_o17_o27_f0_sra.sym.116,DB0-m9_o17_o27_f0_sra.sym.117,-2360 <-> 15980,evidence_480499b8dfc8a196,family_5bbc53ffa596bb37,1,1,1,methane_purification_CO2,298.0,0.1,0.387599,0.022215,0.350752,0.042657,True,True,True,True,-0.036847,0.036847,279609,4e-06,4e-08,3.9999999999999994e-09,0.22937,0.816658,0.4353506300963677,0.036847,0.0998918681593621,0.0998918779164852,0.0846375253708572,DB0-m9_o17_o27_f0_sra.sym.116 || DB0-m9_o17_o27_f0_sra.sym.117
DB0-m9_o17_o27_f0_sra.sym.116 || DB0-m9_o17_o27_f0_sra.sym.117,DB0-m9_o17_o27_f0_sra.sym.117,DB0-m9_o17_o27_f0_sra.sym.116,DB0-m9_o17_o27_f0_sra.sym.116,DB0-m9_o17_o27_f0_sra.sym.117,functional_motif_change,composition_clean,stringent,sra,3D framework,V,V,,,1.0,0.0057643525019912,0.0134790778368874,0.0034788623882087,3.7855227252037794e-05,3.907570918658174e-05,0.00844,0.003,,,,,,,,,,,,,,,,,,,,,,,,4.0,4.0,,,15980.0,-2360.0,DB0-m9_o17_o27_f0_sra.sym.117,DB0-m9_o17_o27_f0_sra.sym.116,DB0-m9_o17_o27_f0_sra.sym.116,DB0-m9_o17_o27_f0_sra.sym.117,-2360 <-> 15980,evidence_480499b8dfc8a196,family_5bbc53ffa596bb37,1,1,1,methane_purification_CO2,298.0,1.0,2.47264,0.253598,2.599972,0.211756,True,True,True,True,0.127332,0.127332,279610,4e-06,4e-08,3.9999999999999994e-09,1.85381575,3.8324775,1.4667618606375092,0.127332,0.050214269183336,0.0502142698963705,0.0868116382196199,DB0-m9_o17_o27_f0_sra.sym.116 || DB0-m9_o17_o27_f0_sra.sym.117
DB0-m9_o17_o27_f0_sra.sym.116 || DB0-m9_o17_o27_f0_sra.sym.117,DB0-m9_o17_o27_f0_sra.sym.117,DB0-m9_o17_o27_f0_sra.sym.116,DB0-m9_o17_o27_f0_sra.sym.116,DB0-m9_o17_o27_f0_sra.sym.117,functional_motif_change,composition_clean,stringent,sra,3D framework,V,V,,,1.0,0.0057643525019912,0.0134790778368874,0.0034788623882087,3.7855227252037794e-05,3.907570918658174e-05,0.00844,0.003,,,,,,,,,,,,,,,,,,,,,,,,4.0,4.0,,,15980.0,-2360.0,DB0-m9_o17_o27_f0_sra.sym.117,DB0-m9_o17_o27_f0_sra.sym.116,DB0-m9_o17_o27_f0_sra.sym.116,DB0-m9_o17_o27_f0_sra.sym.117,-2360 <-> 15980,evidence_480499b8dfc8a196,family_5bbc53ffa596bb37,1,1,1,methane_storage_CH4,298.0,5.8,4.311925,0.143273,4.045004,0.082949,True,True,True,True,-0.2669209999999999,0.2669209999999999,279610,5e-06,5e-08,5e-09,3.10265825,5.1876215,1.5455620830244623,0.2669209999999999,0.0639018999841669,0.0639019006728274,0.1727015711188194,DB0-m9_o17_o27_f0_sra.sym.116 || DB0-m9_o17_o27_f0_sra.sym.117
DB0-m9_o17_o27_f0_sra.sym.116 || DB0-m9_o17_o27_f0_sra.sym.117,DB0-m9_o17_o27_f0_sra.sym.117,DB0-m9_o17_o27_f0_sra.sym.116,DB0-m9_o17_o27_f0_sra.sym.116,DB0-m9_o17_o27_f0_sra.sym.117,functional_motif_change,composition_clean,stringent,sra,3D framework,V,V,,,1.0,0.0057643525019912,0.0134790778368874,0.0034788623882087,3.7855227252037794e-05,3.907570918658174e-05,0.00844,0.003,,,,,,,,,,,,,,,,,,,,,,,,4.0,4.0,,,15980.0,-2360.0,DB0-m9_o17_o27_f0_sra.sym.117,DB0-m9_o17_o27_f0_sra.sym.116,DB0-m9_o17_o27_f0_sra.sym.116,DB0-m9_o17_o27_f0_sra.sym.117,-2360 <-> 15980,evidence_480499b8dfc8a196,family_5bbc53ffa596bb37,1,1,1,methane_storage_CH4,298.0,65.0,11.933088,0.136309,11.81244,0.100932,True,True,True,True,-0.1206479999999992,0.1206479999999992,279610,4e-06,4e-08,3.9999999999999994e-09,10.7545755,19.84731525,6.740355633802818,0.1206479999999992,0.0101618323918764,0.0101618324226895,0.0178993522826823,DB0-m9_o17_o27_f0_sra.sym.116 || DB0-m9_o17_o27_f0_sra.sym.117
DB0-m9_o17_o27_f0_sra.sym.116 || DB0-m9_o17_o27_f0_sra.sym.117,DB0-m9_o17_o27_f0_sra.sym.117,DB0-m9_o17_o27_f0_sra.sym.116,DB0-m9_o17_o27_f0_sra.sym.116,DB0-m9_o17_o27_f0_sra.sym.117,functional_motif_change,composition_clean,stringent,sra,3D framework,V,V,,,1.0,0.0057643525019912,0.0134790778368874,0.0034788623882087,3.7855227252037794e-05,3.907570918658174e-05,0.00844,0.003,,,,,,,,,,,,,,,,,,,,,,,,4.0,4.0,,,15980.0,-2360.0,DB0-m9_o17_o27_f0_sra.sym.117,DB0-m9_o17_o27_f0_sra.sym.116,DB0-m9_o17_o27_f0_sra.sym.116,DB0-m9_o17_o27_f0_sra.sym.117,-2360 <-> 15980,evidence_480499b8dfc8a196,family_5bbc53ffa596bb37,1,1,1,post_combustion_CO2,298.0,0.015,0.078693,0.013263,0.06346,0.007818,True,True,True,True,-0.0152329999999999,0.0152329999999999,279610,3e-06,3.0000000000000004e-08,3e-09,0.057355,0.15771675,0.0743971460340993,0.0152329999999999,0.2151443284399237,0.2151444107992586,0.2047524779111564,DB0-m9_o17_o27_f0_sra.sym.116 || DB0-m9_o17_o27_f0_sra.sym.117
DB0-m9_o17_o27_f0_sra.sym.116 || DB0-m9_o17_o27_f0_sra.sym.117,DB0-m9_o17_o27_f0_sra.sym.117,DB0-m9_o17_o27_f0_sra.sym.116,DB0-m9_o17_o27_f0_sra.sym.116,DB0-m9_o17_o27_f0_sra.sym.117,functional_motif_change,composition_clean,stringent,sra,3D framework,V,V,,,1.0,0.0057643525019912,0.0134790778368874,0.0034788623882087,3.7855227252037794e-05,3.907570918658174e-05,0.00844,0.003,,,,,,,,,,,,,,,,,,,,,,,,4.0,4.0,,,15980.0,-2360.0,DB0-m9_o17_o27_f0_sra.sym.117,DB0-m9_o17_o27_f0_sra.sym.116,DB0-m9_o17_o27_f0_sra.sym.116,DB0-m9_o17_o27_f0_sra.sym.117,-2360 <-> 15980,evidence_480499b8dfc8a196,family_5bbc53ffa596bb37,1,1,1,post_combustion_CO2,298.0,0.15,0.513143,0.01916,0.460739,0.023452,True,True,True,True,-0.052404,0.052404,279610,1e-06,1e-08,9.999999999999999e-10,0.32161925,1.28842775,0.7166853224610823,0.052404,0.1077228344000019,0.1077228363948669,0.073119957054577,DB0-m9_o17_o27_f0_sra.sym.116 || DB0-m9_o17_o27_f0_sra.sym.117
DB0-m9_o17_o27_f0_sra.sym.116 || DB0-m9_o17_o27_f0_sra.sym.117,DB0-m9_o17_o27_f0_sra.sym.117,DB0-m9_o17_o27_f0_sra.sym.116,DB0-m9_o17_o27_f0_sra.sym.116,DB0-m9_o17_o27_f0_sra.sym.117,functional_motif_change,composition_clean,stringent,sra,3D framework,V,V,,,1.0,0.0057643525019912,0.0134790778368874,0.0034788623882087,3.7855227252037794e-05,3.907570918658174e-05,0.00844,0.003,,,,,,,,,,,,,,,,,,,,,,,,4.0,4.0,,,15980.0,-2360.0,DB0-m9_o17_o27_f0_sra.sym.117,DB0-m9_o17_o27_f0_sra.sym.116,DB0-m9_o17_o27_f0_sra.sym.116,DB0-m9_o17_o27_f0_sra.sym.117,-2360 <-> 15980,evidence_480499b8dfc8a196,family_5bbc53ffa596bb37,1,1,1,post_combustion_N2,298.0,0.075,0.022276,0.002836,0.02185,0.001736,True,True,True,True,-0.0004259999999999,0.0004259999999999,279610,5e-06,5e-08,5e-09,0.0272,0.03577,0.0063528539659006,0.0004259999999999,0.0193089004245479,0.0193089398096866,0.0670564760793464,DB0-m9_o17_o27_f0_sra.sym.116 || DB0-m9_o17_o27_f0_sra.sym.117
DB0-m9_o17_o27_f0_sra.sym.116 || DB0-m9_o17_o27_f0_sra.sym.117,DB0-m9_o17_o27_f0_sra.sym.117,DB0-m9_o17_o27_f0_sra.sym.116,DB0-m9_o17_o27_f0_sra.sym.116,DB0-m9_o17_o27_f0_sra.sym.117,functional_motif_change,composition_clean,stringent,sra,3D framework,V,V,,,1.0,0.0057643525019912,0.0134790778368874,0.0034788623882087,3.7855227252037794e-05,3.907570918658174e-05,0.00844,0.003,,,,,,,,,,,,,,,,,,,,,,,,4.0,4.0,,,15980.0,-2360.0,DB0-m9_o17_o27_f0_sra.sym.117,DB0-m9_o17_o27_f0_sra.sym.116,DB0-m9_o17_o27_f0_sra.sym.116,DB0-m9_o17_o27_f0_sra.sym.117,-2360 <-> 15980,evidence_480499b8dfc8a196,family_5bbc53ffa596bb37,1,1,1,post_combustion_N2,298.0,0.75,0.113407,0.005301,0.110503,0.003339,True,True,True,True,-0.0029039999999999,0.0029039999999999,279610,1.3e-05,1.3e-07,1.3e-08,0.130173,0.174595,0.0329295774647887,0.0029039999999999,0.0259404177481621,0.0259404448605633,0.0881881950384941,DB0-m9_o17_o27_f0_sra.sym.116 || DB0-m9_o17_o27_f0_sra.sym.117
DB0-m9_o17_o27_f0_sra.sym.116 || DB0-m9_o17_o27_f0_sra.sym.117,DB0-m9_o17_o27_f0_sra.sym.117,DB0-m9_o17_o27_f0_sra.sym.116,DB0-m9_o17_o27_f0_sra.sym.116,DB0-m9_o17_o27_f0_sra.sym.117,functional_motif_change,composition_clean,stringent,sra,3D framework,V,V,,,1.0,0.0057643525019912,0.0134790778368874,0.0034788623882087,3.7855227252037794e-05,3.907570918658174e-05,0.00844,0.003,,,,,,,,,,,,,,,,,,,,,,,,4.0,4.0,,,15980.0,-2360.0,DB0-m9_o17_o27_f0_sra.sym.117,DB0-m9_o17_o27_f0_sra.sym.116,DB0-m9_o17_o27_f0_sra.sym.116,DB0-m9_o17_o27_f0_sra.sym.117,-2360 <-> 15980,evidence_480499b8dfc8a196,family_5bbc53ffa596bb37,1,1,1,pre_combustion_CO2,313.0,0.4,0.96414,0.12228,0.726308,0.047607,True,True,True,True,-0.237832,0.237832,279610,4e-06,4e-08,3.9999999999999994e-09,0.580207,1.99224775,1.046731467753892,0.237832,0.2832623314127488,0.2832623436395214,0.227213958237395,DB0-m9_o17_o27_f0_sra.sym.116 || DB0-m9_o17_o27_f0_sra.sym.117
DB0-m9_o17_o27_f0_sra.sym.116 || DB0-m9_o17_o27_f0_sra.sym.117,DB0-m9_o17_o27_f0_sra.sym.117,DB0-m9_o17_o27_f0_sra.sym.116,DB0-m9_o17_o27_f0_sra.sym.116,DB0-m9_o17_o27_f0_sra.sym.117,functional_motif_change,composition_clean,stringent,sra,3D framework,V,V,,,1.0,0.0057643525019912,0.0134790778368874,0.0034788623882087,3.7855227252037794e-05,3.907570918658174e-05,0.00844,0.003,,,,,,,,,,,,,,,,,,,,,,,,4.0,4.0,,,15980.0,-2360.0,DB0-m9_o17_o27_f0_sra.sym.117,DB0-m9_o17_o27_f0_sra.sym.116,DB0-m9_o17_o27_f0_sra.sym.116,DB0-m9_o17_o27_f0_sra.sym.117,-2360 <-> 15980,evidence_480499b8dfc8a196,family_5bbc53ffa596bb37,1,1,1,pre_combustion_CO2,313.0,16.0,14.986001,0.27114,14.202206,0.231337,True,True,True,True,-0.7837949999999996,0.7837949999999996,279485,2e-06,2e-08,1.9999999999999997e-09,12.337041,20.473715,6.031633802816901,0.7837949999999996,0.0537191939434094,0.0537191940096972,0.12994737837598,DB0-m9_o17_o27_f0_sra.sym.116 || DB0-m9_o17_o27_f0_sra.sym.117
DB0-m9_o17_o27_f0_sra.sym.116 || DB0-m9_o17_o27_f0_sra.sym.117,DB0-m9_o17_o27_f0_sra.sym.117,DB0-m9_o17_o27_f0_sra.sym.116,DB0-m9_o17_o27_f0_sra.sym.116,DB0-m9_o17_o27_f0_sra.sym.117,functional_motif_change,composition_clean,stringent,sra,3D framework,V,V,,,1.0,0.0057643525019912,0.0134790778368874,0.0034788623882087,3.7855227252037794e-05,3.907570918658174e-05,0.00844,0.003,,,,,,,,,,,,,,,,,,,,,,,,4.0,4.0,,,15980.0,-2360.0,DB0-m9_o17_o27_f0_sra.sym.117,DB0-m9_o17_o27_f0_sra.sym.116,DB0-m9_o17_o27_f0_sra.sym.116,DB0-m9_o17_o27_f0_sra.sym.117,-2360 <-> 15980,evidence_480499b8dfc8a196,family_5bbc53ffa596bb37,1,1,1,pre_combustion_H2,313.0,0.6,0.044569,0.000995,0.044603,0.001308,True,True,True,True,3.399999999999931e-05,3.399999999999931e-05,279610,5e-06,5e-08,5e-09,0.046524,0.08545275,0.0288574870274277,3.399999999999931e-05,0.0007625703924798,0.0007625711621308,0.0011782037697074,DB0-m9_o17_o27_f0_sra.sym.116 || DB0-m9_o17_o27_f0_sra.sym.117
DB0-m9_o17_o27_f0_sra.sym.116 || DB0-m9_o17_o27_f0_sra.sym.117,DB0-m9_o17_o27_f0_sra.sym.117,DB0-m9_o17_o27_f0_sra.sym.116,DB0-m9_o17_o27_f0_sra.sym.116,DB0-m9_o17_o27_f0_sra.sym.117,functional_motif_change,composition_clean,stringent,sra,3D framework,V,V,,,1.0,0.0057643525019912,0.0134790778368874,0.0034788623882087,3.7855227252037794e-05,3.907570918658174e-05,0.00844,0.003,,,,,,,,,,,,,,,,,,,,,,,,4.0,4.0,,,15980.0,-2360.0,DB0-m9_o17_o27_f0_sra.sym.117,DB0-m9_o17_o27_f0_sra.sym.116,DB0-m9_o17_o27_f0_sra.sym.116,DB0-m9_o17_o27_f0_sra.sym.117,-2360 <-> 15980,evidence_480499b8dfc8a196,family_5bbc53ffa596bb37,1,1,1,pre_combustion_H2,313.0,24.0,0.184164,0.023044,0.224013,0.025164,True,True,True,True,0.0398489999999999,0.0398489999999999,279485,6e-06,6.000000000000002e-08,6e-09,0.143488,0.865489,0.535212008895478,0.0398489999999999,0.1958773629494035,0.1958774151088631,0.0744546074035908,DB0-m9_o17_o27_f0_sra.sym.116 || DB0-m9_o17_o27_f0_sra.sym.117
