mof_id,atom_row,label,element,occupancy,repeat_charge,is_metal,occupancy_weighted_charge
DB0-m2_o23_o28_f0_nbo.sym.21,0,O1,O,1.0,-0.640049,False,-0.640049
DB0-m2_o23_o28_f0_nbo.sym.21,1,O2,O,1.0,-0.640049,False,-0.640049
DB0-m2_o23_o28_f0_nbo.sym.21,2,O3,O,1.0,-0.640019,False,-0.640019
DB0-m2_o23_o28_f0_nbo.sym.21,3,O4,O,1.0,-0.640031,False,-0.640031
DB0-m2_o23_o28_f0_nbo.sym.21,4,O5,O,1.0,-0.62404,False,-0.62404
DB0-m2_o23_o28_f0_nbo.sym.21,5,O6,O,1.0,-0.624051,False,-0.624051
DB0-m2_o23_o28_f0_nbo.sym.21,6,O7,O,1.0,-0.624039,False,-0.624039
DB0-m2_o23_o28_f0_nbo.sym.21,7,O8,O,1.0,-0.624025,False,-0.624025
DB0-m2_o23_o28_f0_nbo.sym.21,8,C1,C,1.0,0.91753,False,0.91753
DB0-m2_o23_o28_f0_nbo.sym.21,9,C2,C,1.0,0.91757,False,0.91757
DB0-m2_o23_o28_f0_nbo.sym.21,10,C3,C,1.0,0.917437,False,0.917437
DB0-m2_o23_o28_f0_nbo.sym.21,11,C4,C,1.0,0.917473,False,0.917473
DB0-m2_o23_o28_f0_nbo.sym.21,12,O9,O,1.0,-0.565349,False,-0.565349
DB0-m2_o23_o28_f0_nbo.sym.21,13,O10,O,1.0,-0.565338,False,-0.565338
DB0-m2_o23_o28_f0_nbo.sym.21,14,O11,O,1.0,-0.565345,False,-0.565345
DB0-m2_o23_o28_f0_nbo.sym.21,15,O12,O,1.0,-0.565366,False,-0.565366
DB0-m2_o23_o28_f0_nbo.sym.21,16,O13,O,1.0,-0.565419,False,-0.565419
DB0-m2_o23_o28_f0_nbo.sym.21,17,O14,O,1.0,-0.565395,False,-0.565395
DB0-m2_o23_o28_f0_nbo.sym.21,18,O15,O,1.0,-0.565425,False,-0.565425
DB0-m2_o23_o28_f0_nbo.sym.21,19,O16,O,1.0,-0.565368,False,-0.565368
DB0-m2_o23_o28_f0_nbo.sym.21,20,C5,C,1.0,0.601762,False,0.601762
DB0-m2_o23_o28_f0_nbo.sym.21,21,C6,C,1.0,0.601707,False,0.601707
DB0-m2_o23_o28_f0_nbo.sym.21,22,C7,C,1.0,0.601795,False,0.601795
DB0-m2_o23_o28_f0_nbo.sym.21,23,C8,C,1.0,0.601728,False,0.601728
DB0-m2_o23_o28_f0_nbo.sym.21,24,Cu1,Cu,1.0,1.009483,True,1.009483
DB0-m2_o23_o28_f0_nbo.sym.21,25,Cu2,Cu,1.0,1.009511,True,1.009511
DB0-m2_o23_o28_f0_nbo.sym.21,26,Cu3,Cu,1.0,1.009557,True,1.009557
DB0-m2_o23_o28_f0_nbo.sym.21,27,Cu4,Cu,1.0,1.009423,True,1.009423
DB0-m2_o23_o28_f0_nbo.sym.21,28,Cu5,Cu,1.0,0.996907,True,0.996907
DB0-m2_o23_o28_f0_nbo.sym.21,29,Cu6,Cu,1.0,0.996901,True,0.996901
DB0-m2_o23_o28_f0_nbo.sym.21,30,Cu7,Cu,1.0,0.996822,True,0.996822
DB0-m2_o23_o28_f0_nbo.sym.21,31,Cu8,Cu,1.0,0.996888,True,0.996888
DB0-m2_o23_o28_f0_nbo.sym.21,32,O17,O,1.0,-0.637274,False,-0.637274
DB0-m2_o23_o28_f0_nbo.sym.21,33,O18,O,1.0,-0.637267,False,-0.637267
DB0-m2_o23_o28_f0_nbo.sym.21,34,O19,O,1.0,-0.637256,False,-0.637256
DB0-m2_o23_o28_f0_nbo.sym.21,35,O20,O,1.0,-0.637258,False,-0.637258
DB0-m2_o23_o28_f0_nbo.sym.21,36,O21,O,1.0,-0.656962,False,-0.656962
DB0-m2_o23_o28_f0_nbo.sym.21,37,O22,O,1.0,-0.656955,False,-0.656955
DB0-m2_o23_o28_f0_nbo.sym.21,38,O23,O,1.0,-0.656966,False,-0.656966
DB0-m2_o23_o28_f0_nbo.sym.21,39,O24,O,1.0,-0.656939,False,-0.656939
DB0-m2_o23_o28_f0_nbo.sym.21,40,O25,O,1.0,-0.612769,False,-0.612769
DB0-m2_o23_o28_f0_nbo.sym.21,41,O26,O,1.0,-0.612789,False,-0.612789
DB0-m2_o23_o28_f0_nbo.sym.21,42,O27,O,1.0,-0.612819,False,-0.612819
DB0-m2_o23_o28_f0_nbo.sym.21,43,O28,O,1.0,-0.612854,False,-0.612854
DB0-m2_o23_o28_f0_nbo.sym.21,44,O29,O,1.0,-0.567244,False,-0.567244
DB0-m2_o23_o28_f0_nbo.sym.21,45,O30,O,1.0,-0.567254,False,-0.567254
DB0-m2_o23_o28_f0_nbo.sym.21,46,O31,O,1.0,-0.567293,False,-0.567293
DB0-m2_o23_o28_f0_nbo.sym.21,47,O32,O,1.0,-0.567236,False,-0.567236
DB0-m2_o23_o28_f0_nbo.sym.21,48,C9,C,1.0,0.862752,False,0.862752
DB0-m2_o23_o28_f0_nbo.sym.21,49,C10,C,1.0,0.862735,False,0.862735
DB0-m2_o23_o28_f0_nbo.sym.21,50,C11,C,1.0,0.862657,False,0.862657
DB0-m2_o23_o28_f0_nbo.sym.21,51,C12,C,1.0,0.862621,False,0.862621
DB0-m2_o23_o28_f0_nbo.sym.21,52,C13,C,1.0,0.659181,False,0.659181
DB0-m2_o23_o28_f0_nbo.sym.21,53,C14,C,1.0,0.65922,False,0.65922
DB0-m2_o23_o28_f0_nbo.sym.21,54,C15,C,1.0,0.659372,False,0.659372
DB0-m2_o23_o28_f0_nbo.sym.21,55,C16,C,1.0,0.659349,False,0.659349
DB0-m2_o23_o28_f0_nbo.sym.21,56,C17,C,1.0,0.432997,False,0.432997
DB0-m2_o23_o28_f0_nbo.sym.21,57,C18,C,1.0,0.43308,False,0.43308
DB0-m2_o23_o28_f0_nbo.sym.21,58,C19,C,1.0,0.433044,False,0.433044
DB0-m2_o23_o28_f0_nbo.sym.21,59,C20,C,1.0,0.433128,False,0.433128
DB0-m2_o23_o28_f0_nbo.sym.21,60,N1,N,1.0,-0.108022,False,-0.108022
DB0-m2_o23_o28_f0_nbo.sym.21,61,N2,N,1.0,-0.108134,False,-0.108134
DB0-m2_o23_o28_f0_nbo.sym.21,62,N3,N,1.0,-0.108027,False,-0.108027
DB0-m2_o23_o28_f0_nbo.sym.21,63,N4,N,1.0,-0.108145,False,-0.108145
DB0-m2_o23_o28_f0_nbo.sym.21,64,C21,C,1.0,0.438646,False,0.438646
DB0-m2_o23_o28_f0_nbo.sym.21,65,C22,C,1.0,0.43866,False,0.43866
DB0-m2_o23_o28_f0_nbo.sym.21,66,C23,C,1.0,0.438643,False,0.438643
DB0-m2_o23_o28_f0_nbo.sym.21,67,C24,C,1.0,0.438659,False,0.438659
DB0-m2_o23_o28_f0_nbo.sym.21,68,C25,C,1.0,-0.10302,False,-0.10302
DB0-m2_o23_o28_f0_nbo.sym.21,69,C26,C,1.0,-0.102995,False,-0.102995
DB0-m2_o23_o28_f0_nbo.sym.21,70,C27,C,1.0,-0.103004,False,-0.103004
DB0-m2_o23_o28_f0_nbo.sym.21,71,C28,C,1.0,-0.102974,False,-0.102974
DB0-m2_o23_o28_f0_nbo.sym.21,72,C29,C,1.0,0.115421,False,0.115421
DB0-m2_o23_o28_f0_nbo.sym.21,73,C30,C,1.0,0.115428,False,0.115428
DB0-m2_o23_o28_f0_nbo.sym.21,74,C31,C,1.0,0.115423,False,0.115423
DB0-m2_o23_o28_f0_nbo.sym.21,75,C32,C,1.0,0.115428,False,0.115428
DB0-m2_o23_o28_f0_nbo.sym.21,76,C33,C,1.0,-0.102045,False,-0.102045
DB0-m2_o23_o28_f0_nbo.sym.21,77,C34,C,1.0,-0.102096,False,-0.102096
DB0-m2_o23_o28_f0_nbo.sym.21,78,C35,C,1.0,-0.102049,False,-0.102049
DB0-m2_o23_o28_f0_nbo.sym.21,79,C36,C,1.0,-0.102097,False,-0.102097
DB0-m2_o23_o28_f0_nbo.sym.21,80,C37,C,1.0,-0.09504,False,-0.09504
DB0-m2_o23_o28_f0_nbo.sym.21,81,C38,C,1.0,-0.095071,False,-0.095071
DB0-m2_o23_o28_f0_nbo.sym.21,82,C39,C,1.0,-0.095023,False,-0.095023
DB0-m2_o23_o28_f0_nbo.sym.21,83,C40,C,1.0,-0.09506,False,-0.09506
DB0-m2_o23_o28_f0_nbo.sym.21,84,C41,C,1.0,-0.088352,False,-0.088352
DB0-m2_o23_o28_f0_nbo.sym.21,85,C42,C,1.0,-0.088355,False,-0.088355
DB0-m2_o23_o28_f0_nbo.sym.21,86,C43,C,1.0,-0.088331,False,-0.088331
DB0-m2_o23_o28_f0_nbo.sym.21,87,C44,C,1.0,-0.088334,False,-0.088334
DB0-m2_o23_o28_f0_nbo.sym.21,88,O33,O,1.0,-0.509095,False,-0.509095
DB0-m2_o23_o28_f0_nbo.sym.21,89,O34,O,1.0,-0.509118,False,-0.509118
DB0-m2_o23_o28_f0_nbo.sym.21,90,O35,O,1.0,-0.509101,False,-0.509101
DB0-m2_o23_o28_f0_nbo.sym.21,91,O36,O,1.0,-0.509122,False,-0.509122
DB0-m2_o23_o28_f0_nbo.sym.21,92,O37,O,1.0,-0.511815,False,-0.511815
DB0-m2_o23_o28_f0_nbo.sym.21,93,O38,O,1.0,-0.511826,False,-0.511826
DB0-m2_o23_o28_f0_nbo.sym.21,94,O39,O,1.0,-0.511798,False,-0.511798
DB0-m2_o23_o28_f0_nbo.sym.21,95,O40,O,1.0,-0.511808,False,-0.511808
DB0-m2_o23_o28_f0_nbo.sym.21,96,H1,H,1.0,0.161856,False,0.161856
DB0-m2_o23_o28_f0_nbo.sym.21,97,H2,H,1.0,0.161875,False,0.161875
DB0-m2_o23_o28_f0_nbo.sym.21,98,H3,H,1.0,0.161853,False,0.161853
DB0-m2_o23_o28_f0_nbo.sym.21,99,H4,H,1.0,0.161873,False,0.161873
DB0-m2_o23_o28_f0_nbo.sym.21,100,H5,H,1.0,0.156246,False,0.156246
DB0-m2_o23_o28_f0_nbo.sym.21,101,H6,H,1.0,0.156236,False,0.156236
DB0-m2_o23_o28_f0_nbo.sym.21,102,H7,H,1.0,0.156241,False,0.156241
DB0-m2_o23_o28_f0_nbo.sym.21,103,H8,H,1.0,0.156232,False,0.156232
DB0-m2_o23_o28_f0_nbo.sym.21,104,C45,C,1.0,-0.1911,False,-0.1911
DB0-m2_o23_o28_f0_nbo.sym.21,105,C46,C,1.0,-0.191101,False,-0.191101
DB0-m2_o23_o28_f0_nbo.sym.21,106,C47,C,1.0,-0.19109,False,-0.19109
DB0-m2_o23_o28_f0_nbo.sym.21,107,C48,C,1.0,-0.191099,False,-0.191099
DB0-m2_o23_o28_f0_nbo.sym.21,108,H9,H,1.0,0.161708,False,0.161708
DB0-m2_o23_o28_f0_nbo.sym.21,109,H10,H,1.0,0.161724,False,0.161724
DB0-m2_o23_o28_f0_nbo.sym.21,110,H11,H,1.0,0.161706,False,0.161706
DB0-m2_o23_o28_f0_nbo.sym.21,111,H12,H,1.0,0.161724,False,0.161724
DB0-m2_o23_o28_f0_nbo.sym.21,112,C49,C,1.0,-0.072176,False,-0.072176
DB0-m2_o23_o28_f0_nbo.sym.21,113,C50,C,1.0,-0.072134,False,-0.072134
DB0-m2_o23_o28_f0_nbo.sym.21,114,C51,C,1.0,-0.072179,False,-0.072179
DB0-m2_o23_o28_f0_nbo.sym.21,115,C52,C,1.0,-0.072122,False,-0.072122
DB0-m2_o23_o28_f0_nbo.sym.21,116,H13,H,1.0,0.104468,False,0.104468
DB0-m2_o23_o28_f0_nbo.sym.21,117,H14,H,1.0,0.104442,False,0.104442
DB0-m2_o23_o28_f0_nbo.sym.21,118,H15,H,1.0,0.10447,False,0.10447
DB0-m2_o23_o28_f0_nbo.sym.21,119,H16,H,1.0,0.104435,False,0.104435
DB0-m2_o23_o28_f0_nbo.sym.21,120,C53,C,1.0,0.009992,False,0.009992
DB0-m2_o23_o28_f0_nbo.sym.21,121,C54,C,1.0,0.010029,False,0.010029
DB0-m2_o23_o28_f0_nbo.sym.21,122,C55,C,1.0,0.009963,False,0.009963
DB0-m2_o23_o28_f0_nbo.sym.21,123,C56,C,1.0,0.009998,False,0.009998
DB0-m2_o23_o28_f0_nbo.sym.21,124,C57,C,1.0,-0.085561,False,-0.085561
DB0-m2_o23_o28_f0_nbo.sym.21,125,C58,C,1.0,-0.085589,False,-0.085589
DB0-m2_o23_o28_f0_nbo.sym.21,126,C59,C,1.0,-0.085552,False,-0.085552
DB0-m2_o23_o28_f0_nbo.sym.21,127,C60,C,1.0,-0.085584,False,-0.085584
DB0-m2_o23_o28_f0_nbo.sym.21,128,H17,H,1.0,0.12803,False,0.12803
DB0-m2_o23_o28_f0_nbo.sym.21,129,H18,H,1.0,0.128021,False,0.128021
DB0-m2_o23_o28_f0_nbo.sym.21,130,H19,H,1.0,0.128028,False,0.128028
DB0-m2_o23_o28_f0_nbo.sym.21,131,H20,H,1.0,0.128019,False,0.128019
DB0-m2_o23_o28_f0_nbo.sym.21,132,C61,C,1.0,-0.193603,False,-0.193603
DB0-m2_o23_o28_f0_nbo.sym.21,133,C62,C,1.0,-0.19348,False,-0.19348
DB0-m2_o23_o28_f0_nbo.sym.21,134,C63,C,1.0,-0.193603,False,-0.193603
DB0-m2_o23_o28_f0_nbo.sym.21,135,C64,C,1.0,-0.193473,False,-0.193473
DB0-m2_o23_o28_f0_nbo.sym.21,136,H21,H,1.0,0.155755,False,0.155755
DB0-m2_o23_o28_f0_nbo.sym.21,137,H22,H,1.0,0.155726,False,0.155726
DB0-m2_o23_o28_f0_nbo.sym.21,138,H23,H,1.0,0.155753,False,0.155753
DB0-m2_o23_o28_f0_nbo.sym.21,139,H24,H,1.0,0.155723,False,0.155723
DB0-m2_o23_o28_f0_nbo.sym.21,140,C65,C,1.0,0.230834,False,0.230834
DB0-m2_o23_o28_f0_nbo.sym.21,141,C66,C,1.0,0.230668,False,0.230668
DB0-m2_o23_o28_f0_nbo.sym.21,142,C67,C,1.0,0.230836,False,0.230836
DB0-m2_o23_o28_f0_nbo.sym.21,143,C68,C,1.0,0.23067,False,0.23067
DB0-m2_o23_o28_f0_nbo.sym.21,144,C69,C,1.0,-0.277646,False,-0.277646
DB0-m2_o23_o28_f0_nbo.sym.21,145,C70,C,1.0,-0.277611,False,-0.277611
DB0-m2_o23_o28_f0_nbo.sym.21,146,C71,C,1.0,-0.277624,False,-0.277624
DB0-m2_o23_o28_f0_nbo.sym.21,147,C72,C,1.0,-0.277654,False,-0.277654
DB0-m2_o23_o28_f0_nbo.sym.21,148,C73,C,1.0,-0.093086,False,-0.093086
DB0-m2_o23_o28_f0_nbo.sym.21,149,C74,C,1.0,-0.093034,False,-0.093034
DB0-m2_o23_o28_f0_nbo.sym.21,150,C75,C,1.0,-0.093073,False,-0.093073
DB0-m2_o23_o28_f0_nbo.sym.21,151,C76,C,1.0,-0.09299,False,-0.09299
DB0-m2_o23_o28_f0_nbo.sym.21,152,C77,C,1.0,-0.27994,False,-0.27994
DB0-m2_o23_o28_f0_nbo.sym.21,153,C78,C,1.0,-0.279993,False,-0.279993
DB0-m2_o23_o28_f0_nbo.sym.21,154,C79,C,1.0,-0.279911,False,-0.279911
DB0-m2_o23_o28_f0_nbo.sym.21,155,C80,C,1.0,-0.279994,False,-0.279994
DB0-m2_o23_o28_f0_nbo.sym.21,156,H25,H,1.0,0.030009,False,0.030009
DB0-m2_o23_o28_f0_nbo.sym.21,157,H26,H,1.0,0.030048,False,0.030048
DB0-m2_o23_o28_f0_nbo.sym.21,158,H27,H,1.0,0.03006,False,0.03006
DB0-m2_o23_o28_f0_nbo.sym.21,159,H28,H,1.0,0.030033,False,0.030033
DB0-m2_o23_o28_f0_nbo.sym.21,160,H29,H,1.0,0.089845,False,0.089845
DB0-m2_o23_o28_f0_nbo.sym.21,161,H30,H,1.0,0.089854,False,0.089854
DB0-m2_o23_o28_f0_nbo.sym.21,162,H31,H,1.0,0.089833,False,0.089833
DB0-m2_o23_o28_f0_nbo.sym.21,163,H32,H,1.0,0.089859,False,0.089859
DB0-m2_o23_o28_f0_nbo.sym.21,164,H33,H,1.0,0.001482,False,0.001482
DB0-m2_o23_o28_f0_nbo.sym.21,165,H34,H,1.0,0.001476,False,0.001476
DB0-m2_o23_o28_f0_nbo.sym.21,166,H35,H,1.0,0.001471,False,0.001471
DB0-m2_o23_o28_f0_nbo.sym.21,167,H36,H,1.0,0.001458,False,0.001458
DB0-m2_o23_o28_f0_nbo.sym.21,168,H37,H,1.0,0.04413,False,0.04413
DB0-m2_o23_o28_f0_nbo.sym.21,169,H38,H,1.0,0.044124,False,0.044124
DB0-m2_o23_o28_f0_nbo.sym.21,170,H39,H,1.0,0.044126,False,0.044126
DB0-m2_o23_o28_f0_nbo.sym.21,171,H40,H,1.0,0.04411,False,0.04411
DB0-m2_o23_o28_f0_nbo.sym.21,172,H41,H,1.0,0.047478,False,0.047478
DB0-m2_o23_o28_f0_nbo.sym.21,173,H42,H,1.0,0.047486,False,0.047486
DB0-m2_o23_o28_f0_nbo.sym.21,174,H43,H,1.0,0.047464,False,0.047464
DB0-m2_o23_o28_f0_nbo.sym.21,175,H44,H,1.0,0.04748,False,0.04748
DB0-m2_o23_o28_f0_nbo.sym.21,176,H45,H,1.0,0.08877,False,0.08877
DB0-m2_o23_o28_f0_nbo.sym.21,177,H46,H,1.0,0.088767,False,0.088767
DB0-m2_o23_o28_f0_nbo.sym.21,178,H47,H,1.0,0.088763,False,0.088763
DB0-m2_o23_o28_f0_nbo.sym.21,179,H48,H,1.0,0.088764,False,0.088764
DB0-m2_o23_o28_f0_nbo.sym.21,180,C81,C,1.0,-0.125424,False,-0.125424
DB0-m2_o23_o28_f0_nbo.sym.21,181,C82,C,1.0,-0.125322,False,-0.125322
DB0-m2_o23_o28_f0_nbo.sym.21,182,C83,C,1.0,-0.12542,False,-0.12542
DB0-m2_o23_o28_f0_nbo.sym.21,183,C84,C,1.0,-0.125285,False,-0.125285
DB0-m2_o23_o28_f0_nbo.sym.21,184,C85,C,1.0,0.625885,False,0.625885
DB0-m2_o23_o28_f0_nbo.sym.21,185,C86,C,1.0,0.62571,False,0.62571
DB0-m2_o23_o28_f0_nbo.sym.21,186,C87,C,1.0,0.625941,False,0.625941
DB0-m2_o23_o28_f0_nbo.sym.21,187,C88,C,1.0,0.625664,False,0.625664
DB0-m2_o23_o28_f0_nbo.sym.21,188,C89,C,1.0,-0.137325,False,-0.137325
DB0-m2_o23_o28_f0_nbo.sym.21,189,C90,C,1.0,-0.137519,False,-0.137519
DB0-m2_o23_o28_f0_nbo.sym.21,190,C91,C,1.0,-0.137434,False,-0.137434
DB0-m2_o23_o28_f0_nbo.sym.21,191,C92,C,1.0,-0.13746,False,-0.13746
DB0-m2_o23_o28_f0_nbo.sym.21,192,C93,C,1.0,0.844784,False,0.844784
DB0-m2_o23_o28_f0_nbo.sym.21,193,C94,C,1.0,0.84503,False,0.84503
DB0-m2_o23_o28_f0_nbo.sym.21,194,C95,C,1.0,0.84476,False,0.84476
DB0-m2_o23_o28_f0_nbo.sym.21,195,C96,C,1.0,0.845068,False,0.845068
DB0-m2_o23_o28_f0_nbo.sym.21,196,C97,C,1.0,-0.214332,False,-0.214332
DB0-m2_o23_o28_f0_nbo.sym.21,197,C98,C,1.0,-0.214298,False,-0.214298
DB0-m2_o23_o28_f0_nbo.sym.21,198,C99,C,1.0,-0.214303,False,-0.214303
DB0-m2_o23_o28_f0_nbo.sym.21,199,C100,C,1.0,-0.214334,False,-0.214334
DB0-m2_o23_o28_f0_nbo.sym.21,200,C101,C,1.0,-0.110398,False,-0.110398
DB0-m2_o23_o28_f0_nbo.sym.21,201,C102,C,1.0,-0.110415,False,-0.110415
DB0-m2_o23_o28_f0_nbo.sym.21,202,C103,C,1.0,-0.11037,False,-0.11037
DB0-m2_o23_o28_f0_nbo.sym.21,203,C104,C,1.0,-0.110324,False,-0.110324
DB0-m2_o23_o28_f0_nbo.sym.21,204,C105,C,1.0,-0.470626,False,-0.470626
DB0-m2_o23_o28_f0_nbo.sym.21,205,C106,C,1.0,-0.470803,False,-0.470803
DB0-m2_o23_o28_f0_nbo.sym.21,206,C107,C,1.0,-0.470621,False,-0.470621
DB0-m2_o23_o28_f0_nbo.sym.21,207,C108,C,1.0,-0.470846,False,-0.470846
DB0-m2_o23_o28_f0_nbo.sym.21,208,C109,C,1.0,-0.280605,False,-0.280605
DB0-m2_o23_o28_f0_nbo.sym.21,209,C110,C,1.0,-0.280496,False,-0.280496
DB0-m2_o23_o28_f0_nbo.sym.21,210,C111,C,1.0,-0.280676,False,-0.280676
DB0-m2_o23_o28_f0_nbo.sym.21,211,C112,C,1.0,-0.280443,False,-0.280443
DB0-m2_o23_o28_f0_nbo.sym.21,212,C113,C,1.0,-0.275911,False,-0.275911
DB0-m2_o23_o28_f0_nbo.sym.21,213,C114,C,1.0,-0.275965,False,-0.275965
DB0-m2_o23_o28_f0_nbo.sym.21,214,C115,C,1.0,-0.275835,False,-0.275835
DB0-m2_o23_o28_f0_nbo.sym.21,215,C116,C,1.0,-0.27597,False,-0.27597
DB0-m2_o23_o28_f0_nbo.sym.21,216,H49,H,1.0,0.01101,False,0.01101
DB0-m2_o23_o28_f0_nbo.sym.21,217,H50,H,1.0,0.011024,False,0.011024
DB0-m2_o23_o28_f0_nbo.sym.21,218,H51,H,1.0,0.010998,False,0.010998
DB0-m2_o23_o28_f0_nbo.sym.21,219,H52,H,1.0,0.010997,False,0.010997
DB0-m2_o23_o28_f0_nbo.sym.21,220,H53,H,1.0,0.043249,False,0.043249
DB0-m2_o23_o28_f0_nbo.sym.21,221,H54,H,1.0,0.043254,False,0.043254
DB0-m2_o23_o28_f0_nbo.sym.21,222,H55,H,1.0,0.04324,False,0.04324
DB0-m2_o23_o28_f0_nbo.sym.21,223,H56,H,1.0,0.043233,False,0.043233
DB0-m2_o23_o28_f0_nbo.sym.21,224,H57,H,1.0,0.061587,False,0.061587
DB0-m2_o23_o28_f0_nbo.sym.21,225,H58,H,1.0,0.061562,False,0.061562
DB0-m2_o23_o28_f0_nbo.sym.21,226,H59,H,1.0,0.061582,False,0.061582
DB0-m2_o23_o28_f0_nbo.sym.21,227,H60,H,1.0,0.061563,False,0.061563
DB0-m2_o23_o28_f0_nbo.sym.21,228,H61,H,1.0,0.072099,False,0.072099
DB0-m2_o23_o28_f0_nbo.sym.21,229,H62,H,1.0,0.072104,False,0.072104
DB0-m2_o23_o28_f0_nbo.sym.21,230,H63,H,1.0,0.0721,False,0.0721
DB0-m2_o23_o28_f0_nbo.sym.21,231,H64,H,1.0,0.072108,False,0.072108
DB0-m2_o23_o28_f0_nbo.sym.21,232,H65,H,1.0,0.041142,False,0.041142
DB0-m2_o23_o28_f0_nbo.sym.21,233,H66,H,1.0,0.041207,False,0.041207
DB0-m2_o23_o28_f0_nbo.sym.21,234,H67,H,1.0,0.041166,False,0.041166
DB0-m2_o23_o28_f0_nbo.sym.21,235,H68,H,1.0,0.041191,False,0.041191
DB0-m2_o23_o28_f0_nbo.sym.21,236,H69,H,1.0,0.045427,False,0.045427
DB0-m2_o23_o28_f0_nbo.sym.21,237,H70,H,1.0,0.045425,False,0.045425
DB0-m2_o23_o28_f0_nbo.sym.21,238,H71,H,1.0,0.045416,False,0.045416
DB0-m2_o23_o28_f0_nbo.sym.21,239,H72,H,1.0,0.045424,False,0.045424
DB0-m2_o23_o28_f0_nbo.sym.21,240,C117,C,1.0,0.469226,False,0.469226
DB0-m2_o23_o28_f0_nbo.sym.21,241,C118,C,1.0,0.469185,False,0.469185
DB0-m2_o23_o28_f0_nbo.sym.21,242,C119,C,1.0,0.469284,False,0.469284
DB0-m2_o23_o28_f0_nbo.sym.21,243,C120,C,1.0,0.469247,False,0.469247
DB0-m2_o23_o28_f0_nbo.sym.21,244,N5,N,1.0,-0.143345,False,-0.143345
DB0-m2_o23_o28_f0_nbo.sym.21,245,N6,N,1.0,-0.143284,False,-0.143284
DB0-m2_o23_o28_f0_nbo.sym.21,246,N7,N,1.0,-0.143353,False,-0.143353
DB0-m2_o23_o28_f0_nbo.sym.21,247,N8,N,1.0,-0.143302,False,-0.143302
DB0-m2_o23_o28_f0_nbo.sym.21,248,C121,C,1.0,0.484679,False,0.484679
DB0-m2_o23_o28_f0_nbo.sym.21,249,C122,C,1.0,0.484665,False,0.484665
DB0-m2_o23_o28_f0_nbo.sym.21,250,C123,C,1.0,0.484684,False,0.484684
DB0-m2_o23_o28_f0_nbo.sym.21,251,C124,C,1.0,0.484682,False,0.484682
DB0-m2_o23_o28_f0_nbo.sym.21,252,C125,C,1.0,-0.114365,False,-0.114365
DB0-m2_o23_o28_f0_nbo.sym.21,253,C126,C,1.0,-0.114388,False,-0.114388
DB0-m2_o23_o28_f0_nbo.sym.21,254,C127,C,1.0,-0.114392,False,-0.114392
DB0-m2_o23_o28_f0_nbo.sym.21,255,C128,C,1.0,-0.114424,False,-0.114424
DB0-m2_o23_o28_f0_nbo.sym.21,256,C129,C,1.0,0.118912,False,0.118912
DB0-m2_o23_o28_f0_nbo.sym.21,257,C130,C,1.0,0.118955,False,0.118955
DB0-m2_o23_o28_f0_nbo.sym.21,258,C131,C,1.0,0.118962,False,0.118962
DB0-m2_o23_o28_f0_nbo.sym.21,259,C132,C,1.0,0.11901,False,0.11901
DB0-m2_o23_o28_f0_nbo.sym.21,260,C133,C,1.0,-0.119371,False,-0.119371
DB0-m2_o23_o28_f0_nbo.sym.21,261,C134,C,1.0,-0.119373,False,-0.119373
DB0-m2_o23_o28_f0_nbo.sym.21,262,C135,C,1.0,-0.119554,False,-0.119554
DB0-m2_o23_o28_f0_nbo.sym.21,263,C136,C,1.0,-0.119558,False,-0.119558
DB0-m2_o23_o28_f0_nbo.sym.21,264,C137,C,1.0,-0.058988,False,-0.058988
DB0-m2_o23_o28_f0_nbo.sym.21,265,C138,C,1.0,-0.058974,False,-0.058974
DB0-m2_o23_o28_f0_nbo.sym.21,266,C139,C,1.0,-0.05905,False,-0.05905
DB0-m2_o23_o28_f0_nbo.sym.21,267,C140,C,1.0,-0.05903,False,-0.05903
DB0-m2_o23_o28_f0_nbo.sym.21,268,C141,C,1.0,-0.114718,False,-0.114718
DB0-m2_o23_o28_f0_nbo.sym.21,269,C142,C,1.0,-0.114718,False,-0.114718
DB0-m2_o23_o28_f0_nbo.sym.21,270,C143,C,1.0,-0.114554,False,-0.114554
DB0-m2_o23_o28_f0_nbo.sym.21,271,C144,C,1.0,-0.114553,False,-0.114553
DB0-m2_o23_o28_f0_nbo.sym.21,272,O41,O,1.0,-0.528036,False,-0.528036
DB0-m2_o23_o28_f0_nbo.sym.21,273,O42,O,1.0,-0.528018,False,-0.528018
DB0-m2_o23_o28_f0_nbo.sym.21,274,O43,O,1.0,-0.528061,False,-0.528061
DB0-m2_o23_o28_f0_nbo.sym.21,275,O44,O,1.0,-0.528044,False,-0.528044
DB0-m2_o23_o28_f0_nbo.sym.21,276,O45,O,1.0,-0.550324,False,-0.550324
DB0-m2_o23_o28_f0_nbo.sym.21,277,O46,O,1.0,-0.550318,False,-0.550318
DB0-m2_o23_o28_f0_nbo.sym.21,278,O47,O,1.0,-0.550334,False,-0.550334
DB0-m2_o23_o28_f0_nbo.sym.21,279,O48,O,1.0,-0.55033,False,-0.55033
DB0-m2_o23_o28_f0_nbo.sym.21,280,H73,H,1.0,0.15176,False,0.15176
DB0-m2_o23_o28_f0_nbo.sym.21,281,H74,H,1.0,0.151745,False,0.151745
DB0-m2_o23_o28_f0_nbo.sym.21,282,H75,H,1.0,0.15176,False,0.15176
DB0-m2_o23_o28_f0_nbo.sym.21,283,H76,H,1.0,0.151743,False,0.151743
DB0-m2_o23_o28_f0_nbo.sym.21,284,H77,H,1.0,0.16209,False,0.16209
DB0-m2_o23_o28_f0_nbo.sym.21,285,H78,H,1.0,0.1621,False,0.1621
DB0-m2_o23_o28_f0_nbo.sym.21,286,H79,H,1.0,0.162044,False,0.162044
DB0-m2_o23_o28_f0_nbo.sym.21,287,H80,H,1.0,0.162051,False,0.162051
DB0-m2_o23_o28_f0_nbo.sym.21,288,C145,C,1.0,-0.170048,False,-0.170048
DB0-m2_o23_o28_f0_nbo.sym.21,289,C146,C,1.0,-0.170018,False,-0.170018
DB0-m2_o23_o28_f0_nbo.sym.21,290,C147,C,1.0,-0.17001,False,-0.17001
DB0-m2_o23_o28_f0_nbo.sym.21,291,C148,C,1.0,-0.170014,False,-0.170014
DB0-m2_o23_o28_f0_nbo.sym.21,292,H81,H,1.0,0.157306,False,0.157306
DB0-m2_o23_o28_f0_nbo.sym.21,293,H82,H,1.0,0.15729,False,0.15729
DB0-m2_o23_o28_f0_nbo.sym.21,294,H83,H,1.0,0.15729,False,0.15729
DB0-m2_o23_o28_f0_nbo.sym.21,295,H84,H,1.0,0.157291,False,0.157291
DB0-m2_o23_o28_f0_nbo.sym.21,296,C149,C,1.0,-0.112848,False,-0.112848
DB0-m2_o23_o28_f0_nbo.sym.21,297,C150,C,1.0,-0.112903,False,-0.112903
DB0-m2_o23_o28_f0_nbo.sym.21,298,C151,C,1.0,-0.112857,False,-0.112857
DB0-m2_o23_o28_f0_nbo.sym.21,299,C152,C,1.0,-0.112851,False,-0.112851
DB0-m2_o23_o28_f0_nbo.sym.21,300,H85,H,1.0,0.128869,False,0.128869
DB0-m2_o23_o28_f0_nbo.sym.21,301,H86,H,1.0,0.128896,False,0.128896
DB0-m2_o23_o28_f0_nbo.sym.21,302,H87,H,1.0,0.128887,False,0.128887
DB0-m2_o23_o28_f0_nbo.sym.21,303,H88,H,1.0,0.128871,False,0.128871
DB0-m2_o23_o28_f0_nbo.sym.21,304,C153,C,1.0,-0.012459,False,-0.012459
DB0-m2_o23_o28_f0_nbo.sym.21,305,C154,C,1.0,-0.012456,False,-0.012456
DB0-m2_o23_o28_f0_nbo.sym.21,306,C155,C,1.0,-0.01258,False,-0.01258
DB0-m2_o23_o28_f0_nbo.sym.21,307,C156,C,1.0,-0.012565,False,-0.012565
DB0-m2_o23_o28_f0_nbo.sym.21,308,C157,C,1.0,-0.089126,False,-0.089126
DB0-m2_o23_o28_f0_nbo.sym.21,309,C158,C,1.0,-0.089188,False,-0.089188
DB0-m2_o23_o28_f0_nbo.sym.21,310,C159,C,1.0,-0.089117,False,-0.089117
DB0-m2_o23_o28_f0_nbo.sym.21,311,C160,C,1.0,-0.089192,False,-0.089192
DB0-m2_o23_o28_f0_nbo.sym.21,312,H89,H,1.0,0.134361,False,0.134361
DB0-m2_o23_o28_f0_nbo.sym.21,313,H90,H,1.0,0.134395,False,0.134395
DB0-m2_o23_o28_f0_nbo.sym.21,314,H91,H,1.0,0.134363,False,0.134363
DB0-m2_o23_o28_f0_nbo.sym.21,315,H92,H,1.0,0.134407,False,0.134407
DB0-m2_o23_o28_f0_nbo.sym.21,316,C161,C,1.0,-0.200376,False,-0.200376
DB0-m2_o23_o28_f0_nbo.sym.21,317,C162,C,1.0,-0.20032,False,-0.20032
DB0-m2_o23_o28_f0_nbo.sym.21,318,C163,C,1.0,-0.200329,False,-0.200329
DB0-m2_o23_o28_f0_nbo.sym.21,319,C164,C,1.0,-0.200276,False,-0.200276
DB0-m2_o23_o28_f0_nbo.sym.21,320,H93,H,1.0,0.160936,False,0.160936
DB0-m2_o23_o28_f0_nbo.sym.21,321,H94,H,1.0,0.160902,False,0.160902
DB0-m2_o23_o28_f0_nbo.sym.21,322,H95,H,1.0,0.160918,False,0.160918
DB0-m2_o23_o28_f0_nbo.sym.21,323,H96,H,1.0,0.160889,False,0.160889
DB0-m2_o23_o28_f0_nbo.sym.21,324,C165,C,1.0,0.262306,False,0.262306
DB0-m2_o23_o28_f0_nbo.sym.21,325,C166,C,1.0,0.262345,False,0.262345
DB0-m2_o23_o28_f0_nbo.sym.21,326,C167,C,1.0,0.262274,False,0.262274
DB0-m2_o23_o28_f0_nbo.sym.21,327,C168,C,1.0,0.262312,False,0.262312
DB0-m2_o23_o28_f0_nbo.sym.21,328,C169,C,1.0,-0.015175,False,-0.015175
DB0-m2_o23_o28_f0_nbo.sym.21,329,C170,C,1.0,-0.015177,False,-0.015177
DB0-m2_o23_o28_f0_nbo.sym.21,330,C171,C,1.0,-0.015217,False,-0.015217
DB0-m2_o23_o28_f0_nbo.sym.21,331,C172,C,1.0,-0.015184,False,-0.015184
DB0-m2_o23_o28_f0_nbo.sym.21,332,C173,C,1.0,-0.08378,False,-0.08378
DB0-m2_o23_o28_f0_nbo.sym.21,333,C174,C,1.0,-0.083761,False,-0.083761
DB0-m2_o23_o28_f0_nbo.sym.21,334,C175,C,1.0,-0.083759,False,-0.083759
DB0-m2_o23_o28_f0_nbo.sym.21,335,C176,C,1.0,-0.083738,False,-0.083738
DB0-m2_o23_o28_f0_nbo.sym.21,336,C177,C,1.0,-0.178883,False,-0.178883
DB0-m2_o23_o28_f0_nbo.sym.21,337,C178,C,1.0,-0.178925,False,-0.178925
DB0-m2_o23_o28_f0_nbo.sym.21,338,C179,C,1.0,-0.178891,False,-0.178891
DB0-m2_o23_o28_f0_nbo.sym.21,339,C180,C,1.0,-0.17895,False,-0.17895
DB0-m2_o23_o28_f0_nbo.sym.21,340,H97,H,1.0,0.058464,False,0.058464
DB0-m2_o23_o28_f0_nbo.sym.21,341,H98,H,1.0,0.058461,False,0.058461
DB0-m2_o23_o28_f0_nbo.sym.21,342,H99,H,1.0,0.05846,False,0.05846
DB0-m2_o23_o28_f0_nbo.sym.21,343,H100,H,1.0,0.05847,False,0.05847
DB0-m2_o23_o28_f0_nbo.sym.21,344,H101,H,1.0,0.051371,False,0.051371
DB0-m2_o23_o28_f0_nbo.sym.21,345,H102,H,1.0,0.051375,False,0.051375
DB0-m2_o23_o28_f0_nbo.sym.21,346,H103,H,1.0,0.051377,False,0.051377
DB0-m2_o23_o28_f0_nbo.sym.21,347,H104,H,1.0,0.051373,False,0.051373
DB0-m2_o23_o28_f0_nbo.sym.21,348,H105,H,1.0,0.007073,False,0.007073
DB0-m2_o23_o28_f0_nbo.sym.21,349,H106,H,1.0,0.007067,False,0.007067
DB0-m2_o23_o28_f0_nbo.sym.21,350,H107,H,1.0,0.007059,False,0.007059
DB0-m2_o23_o28_f0_nbo.sym.21,351,H108,H,1.0,0.007056,False,0.007056
DB0-m2_o23_o28_f0_nbo.sym.21,352,H109,H,1.0,0.053196,False,0.053196
DB0-m2_o23_o28_f0_nbo.sym.21,353,H110,H,1.0,0.05319,False,0.05319
DB0-m2_o23_o28_f0_nbo.sym.21,354,H111,H,1.0,0.053192,False,0.053192
DB0-m2_o23_o28_f0_nbo.sym.21,355,H112,H,1.0,0.05318,False,0.05318
DB0-m2_o23_o28_f0_nbo.sym.21,356,H113,H,1.0,0.035555,False,0.035555
DB0-m2_o23_o28_f0_nbo.sym.21,357,H114,H,1.0,0.035561,False,0.035561
DB0-m2_o23_o28_f0_nbo.sym.21,358,H115,H,1.0,0.035555,False,0.035555
DB0-m2_o23_o28_f0_nbo.sym.21,359,H116,H,1.0,0.035568,False,0.035568
DB0-m2_o23_o28_f0_nbo.sym.21,360,H117,H,1.0,0.036583,False,0.036583
DB0-m2_o23_o28_f0_nbo.sym.21,361,H118,H,1.0,0.036584,False,0.036584
DB0-m2_o23_o28_f0_nbo.sym.21,362,H119,H,1.0,0.036581,False,0.036581
DB0-m2_o23_o28_f0_nbo.sym.21,363,H120,H,1.0,0.036591,False,0.036591
DB0-m2_o23_o28_f0_nbo.sym.21,364,C181,C,1.0,-0.156473,False,-0.156473
DB0-m2_o23_o28_f0_nbo.sym.21,365,C182,C,1.0,-0.156459,False,-0.156459
DB0-m2_o23_o28_f0_nbo.sym.21,366,C183,C,1.0,-0.156512,False,-0.156512
DB0-m2_o23_o28_f0_nbo.sym.21,367,C184,C,1.0,-0.156507,False,-0.156507
DB0-m2_o23_o28_f0_nbo.sym.21,368,C185,C,1.0,0.310335,False,0.310335
DB0-m2_o23_o28_f0_nbo.sym.21,369,C186,C,1.0,0.310397,False,0.310397
DB0-m2_o23_o28_f0_nbo.sym.21,370,C187,C,1.0,0.310421,False,0.310421
DB0-m2_o23_o28_f0_nbo.sym.21,371,C188,C,1.0,0.310528,False,0.310528
DB0-m2_o23_o28_f0_nbo.sym.21,372,C189,C,1.0,-0.343436,False,-0.343436
DB0-m2_o23_o28_f0_nbo.sym.21,373,C190,C,1.0,-0.34347,False,-0.34347
DB0-m2_o23_o28_f0_nbo.sym.21,374,C191,C,1.0,-0.343416,False,-0.343416
DB0-m2_o23_o28_f0_nbo.sym.21,375,C192,C,1.0,-0.343495,False,-0.343495
DB0-m2_o23_o28_f0_nbo.sym.21,376,C193,C,1.0,0.842706,False,0.842706
DB0-m2_o23_o28_f0_nbo.sym.21,377,C194,C,1.0,0.842791,False,0.842791
DB0-m2_o23_o28_f0_nbo.sym.21,378,C195,C,1.0,0.842679,False,0.842679
DB0-m2_o23_o28_f0_nbo.sym.21,379,C196,C,1.0,0.842751,False,0.842751
DB0-m2_o23_o28_f0_nbo.sym.21,380,C197,C,1.0,-0.325632,False,-0.325632
DB0-m2_o23_o28_f0_nbo.sym.21,381,C198,C,1.0,-0.325881,False,-0.325881
DB0-m2_o23_o28_f0_nbo.sym.21,382,C199,C,1.0,-0.325581,False,-0.325581
DB0-m2_o23_o28_f0_nbo.sym.21,383,C200,C,1.0,-0.325875,False,-0.325875
DB0-m2_o23_o28_f0_nbo.sym.21,384,C201,C,1.0,0.252062,False,0.252062
DB0-m2_o23_o28_f0_nbo.sym.21,385,C202,C,1.0,0.252153,False,0.252153
DB0-m2_o23_o28_f0_nbo.sym.21,386,C203,C,1.0,0.251909,False,0.251909
DB0-m2_o23_o28_f0_nbo.sym.21,387,C204,C,1.0,0.252122,False,0.252122
DB0-m2_o23_o28_f0_nbo.sym.21,388,C205,C,1.0,-0.423137,False,-0.423137
DB0-m2_o23_o28_f0_nbo.sym.21,389,C206,C,1.0,-0.423151,False,-0.423151
DB0-m2_o23_o28_f0_nbo.sym.21,390,C207,C,1.0,-0.423104,False,-0.423104
DB0-m2_o23_o28_f0_nbo.sym.21,391,C208,C,1.0,-0.423097,False,-0.423097
DB0-m2_o23_o28_f0_nbo.sym.21,392,C209,C,1.0,-0.241284,False,-0.241284
DB0-m2_o23_o28_f0_nbo.sym.21,393,C210,C,1.0,-0.241372,False,-0.241372
DB0-m2_o23_o28_f0_nbo.sym.21,394,C211,C,1.0,-0.241354,False,-0.241354
DB0-m2_o23_o28_f0_nbo.sym.21,395,C212,C,1.0,-0.241494,False,-0.241494
DB0-m2_o23_o28_f0_nbo.sym.21,396,C213,C,1.0,-0.232249,False,-0.232249
DB0-m2_o23_o28_f0_nbo.sym.21,397,C214,C,1.0,-0.232205,False,-0.232205
DB0-m2_o23_o28_f0_nbo.sym.21,398,C215,C,1.0,-0.232151,False,-0.232151
DB0-m2_o23_o28_f0_nbo.sym.21,399,C216,C,1.0,-0.232087,False,-0.232087
DB0-m2_o23_o28_f0_nbo.sym.21,400,H121,H,1.0,-0.036869,False,-0.036869
DB0-m2_o23_o28_f0_nbo.sym.21,401,H122,H,1.0,-0.036919,False,-0.036919
DB0-m2_o23_o28_f0_nbo.sym.21,402,H123,H,1.0,-0.036848,False,-0.036848
DB0-m2_o23_o28_f0_nbo.sym.21,403,H124,H,1.0,-0.036923,False,-0.036923
DB0-m2_o23_o28_f0_nbo.sym.21,404,H125,H,1.0,0.052314,False,0.052314
DB0-m2_o23_o28_f0_nbo.sym.21,405,H126,H,1.0,0.052358,False,0.052358
DB0-m2_o23_o28_f0_nbo.sym.21,406,H127,H,1.0,0.052315,False,0.052315
DB0-m2_o23_o28_f0_nbo.sym.21,407,H128,H,1.0,0.052359,False,0.052359
DB0-m2_o23_o28_f0_nbo.sym.21,408,H129,H,1.0,-0.009067,False,-0.009067
DB0-m2_o23_o28_f0_nbo.sym.21,409,H130,H,1.0,-0.00906,False,-0.00906
DB0-m2_o23_o28_f0_nbo.sym.21,410,H131,H,1.0,-0.009052,False,-0.009052
DB0-m2_o23_o28_f0_nbo.sym.21,411,H132,H,1.0,-0.009066,False,-0.009066
DB0-m2_o23_o28_f0_nbo.sym.21,412,H133,H,1.0,0.100063,False,0.100063
DB0-m2_o23_o28_f0_nbo.sym.21,413,H134,H,1.0,0.100078,False,0.100078
DB0-m2_o23_o28_f0_nbo.sym.21,414,H135,H,1.0,0.100059,False,0.100059
DB0-m2_o23_o28_f0_nbo.sym.21,415,H136,H,1.0,0.10009,False,0.10009
DB0-m2_o23_o28_f0_nbo.sym.21,416,H137,H,1.0,0.082359,False,0.082359
DB0-m2_o23_o28_f0_nbo.sym.21,417,H138,H,1.0,0.082408,False,0.082408
DB0-m2_o23_o28_f0_nbo.sym.21,418,H139,H,1.0,0.082339,False,0.082339
DB0-m2_o23_o28_f0_nbo.sym.21,419,H140,H,1.0,0.082403,False,0.082403
DB0-m2_o23_o28_f0_nbo.sym.21,420,O49,O,1.0,-0.645348,False,-0.645348
DB0-m2_o23_o28_f0_nbo.sym.21,421,O50,O,1.0,-0.645385,False,-0.645385
DB0-m2_o23_o28_f0_nbo.sym.21,422,O51,O,1.0,-0.645327,False,-0.645327
DB0-m2_o23_o28_f0_nbo.sym.21,423,O52,O,1.0,-0.64535,False,-0.64535
DB0-m2_o23_o28_f0_nbo.sym.21,424,O53,O,1.0,-0.639204,False,-0.639204
DB0-m2_o23_o28_f0_nbo.sym.21,425,O54,O,1.0,-0.639175,False,-0.639175
DB0-m2_o23_o28_f0_nbo.sym.21,426,O55,O,1.0,-0.639163,False,-0.639163
DB0-m2_o23_o28_f0_nbo.sym.21,427,O56,O,1.0,-0.639168,False,-0.639168
DB0-m2_o23_o28_f0_nbo.sym.21,428,C217,C,1.0,0.81563,False,0.81563
DB0-m2_o23_o28_f0_nbo.sym.21,429,C218,C,1.0,0.815651,False,0.815651
DB0-m2_o23_o28_f0_nbo.sym.21,430,C219,C,1.0,0.815577,False,0.815577
DB0-m2_o23_o28_f0_nbo.sym.21,431,C220,C,1.0,0.815634,False,0.815634
DB0-m2_o23_o28_f0_nbo.sym.21,432,Cu9,Cu,1.0,1.104813,True,1.104813
DB0-m2_o23_o28_f0_nbo.sym.21,433,Cu10,Cu,1.0,1.104716,True,1.104716
DB0-m2_o23_o28_f0_nbo.sym.21,434,Cu11,Cu,1.0,1.104982,True,1.104982
DB0-m2_o23_o28_f0_nbo.sym.21,435,Cu12,Cu,1.0,1.104693,True,1.104693
DB0-m2_o23_o28_f0_nbo.sym.21,436,O57,O,1.0,-0.637949,False,-0.637949
DB0-m2_o23_o28_f0_nbo.sym.21,437,O58,O,1.0,-0.637975,False,-0.637975
DB0-m2_o23_o28_f0_nbo.sym.21,438,O59,O,1.0,-0.637942,False,-0.637942
DB0-m2_o23_o28_f0_nbo.sym.21,439,O60,O,1.0,-0.637991,False,-0.637991
DB0-m2_o23_o28_f0_nbo.sym.21,440,O61,O,1.0,-0.653668,False,-0.653668
DB0-m2_o23_o28_f0_nbo.sym.21,441,O62,O,1.0,-0.653678,False,-0.653678
DB0-m2_o23_o28_f0_nbo.sym.21,442,O63,O,1.0,-0.653695,False,-0.653695
DB0-m2_o23_o28_f0_nbo.sym.21,443,O64,O,1.0,-0.653682,False,-0.653682
DB0-m2_o23_o28_f0_nbo.sym.21,444,C221,C,1.0,0.834417,False,0.834417
DB0-m2_o23_o28_f0_nbo.sym.21,445,C222,C,1.0,0.834439,False,0.834439
DB0-m2_o23_o28_f0_nbo.sym.21,446,C223,C,1.0,0.834456,False,0.834456
DB0-m2_o23_o28_f0_nbo.sym.21,447,C224,C,1.0,0.834479,False,0.834479
DB0-m2_o23_o28_f0_nbo.sym.21,448,C225,C,1.0,0.057926,False,0.057926
DB0-m2_o23_o28_f0_nbo.sym.21,449,C226,C,1.0,-0.331116,False,-0.331116
DB0-m2_o23_o28_f0_nbo.sym.21,450,H141,H,1.0,0.058576,False,0.058576
DB0-m2_o23_o28_f0_nbo.sym.21,451,H142,H,1.0,0.079934,False,0.079934
DB0-m2_o23_o28_f0_nbo.sym.21,452,H143,H,1.0,0.105128,False,0.105128
DB0-m2_o23_o28_f0_nbo.sym.21,453,H144,H,1.0,0.013254,False,0.013254
DB0-m2_o23_o28_f0_nbo.sym.21,454,H145,H,1.0,-0.011126,False,-0.011126
DB0-m2_o23_o28_f0_nbo.sym.21,455,C227,C,1.0,0.058231,False,0.058231
DB0-m2_o23_o28_f0_nbo.sym.21,456,C228,C,1.0,-0.331033,False,-0.331033
DB0-m2_o23_o28_f0_nbo.sym.21,457,H146,H,1.0,0.058553,False,0.058553
DB0-m2_o23_o28_f0_nbo.sym.21,458,H147,H,1.0,0.079885,False,0.079885
DB0-m2_o23_o28_f0_nbo.sym.21,459,H148,H,1.0,0.10508,False,0.10508
DB0-m2_o23_o28_f0_nbo.sym.21,460,H149,H,1.0,0.013145,False,0.013145
DB0-m2_o23_o28_f0_nbo.sym.21,461,H150,H,1.0,-0.011228,False,-0.011228
DB0-m2_o23_o28_f0_nbo.sym.21,462,C229,C,1.0,0.058069,False,0.058069
DB0-m2_o23_o28_f0_nbo.sym.21,463,C230,C,1.0,-0.331107,False,-0.331107
DB0-m2_o23_o28_f0_nbo.sym.21,464,H151,H,1.0,0.05857,False,0.05857
DB0-m2_o23_o28_f0_nbo.sym.21,465,H152,H,1.0,0.079925,False,0.079925
DB0-m2_o23_o28_f0_nbo.sym.21,466,H153,H,1.0,0.105115,False,0.105115
DB0-m2_o23_o28_f0_nbo.sym.21,467,H154,H,1.0,0.01321,False,0.01321
DB0-m2_o23_o28_f0_nbo.sym.21,468,H155,H,1.0,-0.01114,False,-0.01114
DB0-m2_o23_o28_f0_nbo.sym.21,469,C231,C,1.0,0.058258,False,0.058258
DB0-m2_o23_o28_f0_nbo.sym.21,470,C232,C,1.0,-0.331033,False,-0.331033
DB0-m2_o23_o28_f0_nbo.sym.21,471,H156,H,1.0,0.058552,False,0.058552
DB0-m2_o23_o28_f0_nbo.sym.21,472,H157,H,1.0,0.079885,False,0.079885
DB0-m2_o23_o28_f0_nbo.sym.21,473,H158,H,1.0,0.105078,False,0.105078
DB0-m2_o23_o28_f0_nbo.sym.21,474,H159,H,1.0,0.013133,False,0.013133
DB0-m2_o23_o28_f0_nbo.sym.21,475,H160,H,1.0,-0.011234,False,-0.011234
DB0-m2_o23_o28_f0_nbo.sym.4,0,O1,O,1.0,-0.628119,False,-0.628119
DB0-m2_o23_o28_f0_nbo.sym.4,1,O2,O,1.0,-0.628095,False,-0.628095
DB0-m2_o23_o28_f0_nbo.sym.4,2,O3,O,1.0,-0.628085,False,-0.628085
DB0-m2_o23_o28_f0_nbo.sym.4,3,O4,O,1.0,-0.628069,False,-0.628069
DB0-m2_o23_o28_f0_nbo.sym.4,4,O5,O,1.0,-0.629729,False,-0.629729
DB0-m2_o23_o28_f0_nbo.sym.4,5,O6,O,1.0,-0.629705,False,-0.629705
DB0-m2_o23_o28_f0_nbo.sym.4,6,O7,O,1.0,-0.629686,False,-0.629686
DB0-m2_o23_o28_f0_nbo.sym.4,7,O8,O,1.0,-0.629668,False,-0.629668
DB0-m2_o23_o28_f0_nbo.sym.4,8,C1,C,1.0,0.860305,False,0.860305
DB0-m2_o23_o28_f0_nbo.sym.4,9,C2,C,1.0,0.860178,False,0.860178
DB0-m2_o23_o28_f0_nbo.sym.4,10,C3,C,1.0,0.860231,False,0.860231
DB0-m2_o23_o28_f0_nbo.sym.4,11,C4,C,1.0,0.860177,False,0.860177
DB0-m2_o23_o28_f0_nbo.sym.4,12,O9,O,1.0,-0.608057,False,-0.608057
DB0-m2_o23_o28_f0_nbo.sym.4,13,O10,O,1.0,-0.608094,False,-0.608094
DB0-m2_o23_o28_f0_nbo.sym.4,14,O11,O,1.0,-0.608062,False,-0.608062
DB0-m2_o23_o28_f0_nbo.sym.4,15,O12,O,1.0,-0.608074,False,-0.608074
DB0-m2_o23_o28_f0_nbo.sym.4,16,O13,O,1.0,-0.562715,False,-0.562715
DB0-m2_o23_o28_f0_nbo.sym.4,17,O14,O,1.0,-0.562757,False,-0.562757
DB0-m2_o23_o28_f0_nbo.sym.4,18,O15,O,1.0,-0.562754,False,-0.562754
DB0-m2_o23_o28_f0_nbo.sym.4,19,O16,O,1.0,-0.562718,False,-0.562718
DB0-m2_o23_o28_f0_nbo.sym.4,20,C5,C,1.0,0.687132,False,0.687132
DB0-m2_o23_o28_f0_nbo.sym.4,21,C6,C,1.0,0.687512,False,0.687512
DB0-m2_o23_o28_f0_nbo.sym.4,22,C7,C,1.0,0.687465,False,0.687465
DB0-m2_o23_o28_f0_nbo.sym.4,23,C8,C,1.0,0.687517,False,0.687517
DB0-m2_o23_o28_f0_nbo.sym.4,24,Cu1,Cu,1.0,0.993183,True,0.993183
DB0-m2_o23_o28_f0_nbo.sym.4,25,Cu2,Cu,1.0,0.993171,True,0.993171
DB0-m2_o23_o28_f0_nbo.sym.4,26,Cu3,Cu,1.0,0.993267,True,0.993267
DB0-m2_o23_o28_f0_nbo.sym.4,27,Cu4,Cu,1.0,0.993266,True,0.993266
DB0-m2_o23_o28_f0_nbo.sym.4,28,Cu5,Cu,1.0,0.988215,True,0.988215
DB0-m2_o23_o28_f0_nbo.sym.4,29,Cu6,Cu,1.0,0.988232,True,0.988232
DB0-m2_o23_o28_f0_nbo.sym.4,30,Cu7,Cu,1.0,0.988349,True,0.988349
DB0-m2_o23_o28_f0_nbo.sym.4,31,Cu8,Cu,1.0,0.988359,True,0.988359
DB0-m2_o23_o28_f0_nbo.sym.4,32,O17,O,1.0,-0.614125,False,-0.614125
DB0-m2_o23_o28_f0_nbo.sym.4,33,O18,O,1.0,-0.614124,False,-0.614124
DB0-m2_o23_o28_f0_nbo.sym.4,34,O19,O,1.0,-0.614088,False,-0.614088
DB0-m2_o23_o28_f0_nbo.sym.4,35,O20,O,1.0,-0.614102,False,-0.614102
DB0-m2_o23_o28_f0_nbo.sym.4,36,O21,O,1.0,-0.661391,False,-0.661391
DB0-m2_o23_o28_f0_nbo.sym.4,37,O22,O,1.0,-0.66145,False,-0.66145
DB0-m2_o23_o28_f0_nbo.sym.4,38,O23,O,1.0,-0.661374,False,-0.661374
DB0-m2_o23_o28_f0_nbo.sym.4,39,O24,O,1.0,-0.661422,False,-0.661422
DB0-m2_o23_o28_f0_nbo.sym.4,40,O25,O,1.0,-0.627563,False,-0.627563
DB0-m2_o23_o28_f0_nbo.sym.4,41,O26,O,1.0,-0.627546,False,-0.627546
DB0-m2_o23_o28_f0_nbo.sym.4,42,O27,O,1.0,-0.627538,False,-0.627538
DB0-m2_o23_o28_f0_nbo.sym.4,43,O28,O,1.0,-0.627529,False,-0.627529
DB0-m2_o23_o28_f0_nbo.sym.4,44,O29,O,1.0,-0.584573,False,-0.584573
DB0-m2_o23_o28_f0_nbo.sym.4,45,O30,O,1.0,-0.584527,False,-0.584527
DB0-m2_o23_o28_f0_nbo.sym.4,46,O31,O,1.0,-0.584517,False,-0.584517
DB0-m2_o23_o28_f0_nbo.sym.4,47,O32,O,1.0,-0.584488,False,-0.584488
DB0-m2_o23_o28_f0_nbo.sym.4,48,C9,C,1.0,0.887645,False,0.887645
DB0-m2_o23_o28_f0_nbo.sym.4,49,C10,C,1.0,0.887748,False,0.887748
DB0-m2_o23_o28_f0_nbo.sym.4,50,C11,C,1.0,0.887501,False,0.887501
DB0-m2_o23_o28_f0_nbo.sym.4,51,C12,C,1.0,0.887745,False,0.887745
DB0-m2_o23_o28_f0_nbo.sym.4,52,C13,C,1.0,0.710745,False,0.710745
DB0-m2_o23_o28_f0_nbo.sym.4,53,C14,C,1.0,0.710749,False,0.710749
DB0-m2_o23_o28_f0_nbo.sym.4,54,C15,C,1.0,0.710768,False,0.710768
DB0-m2_o23_o28_f0_nbo.sym.4,55,C16,C,1.0,0.710758,False,0.710758
DB0-m2_o23_o28_f0_nbo.sym.4,56,C17,C,1.0,0.432247,False,0.432247
DB0-m2_o23_o28_f0_nbo.sym.4,57,C18,C,1.0,0.432255,False,0.432255
DB0-m2_o23_o28_f0_nbo.sym.4,58,C19,C,1.0,0.432155,False,0.432155
DB0-m2_o23_o28_f0_nbo.sym.4,59,C20,C,1.0,0.432279,False,0.432279
DB0-m2_o23_o28_f0_nbo.sym.4,60,N1,N,1.0,-0.120268,False,-0.120268
DB0-m2_o23_o28_f0_nbo.sym.4,61,N2,N,1.0,-0.120246,False,-0.120246
DB0-m2_o23_o28_f0_nbo.sym.4,62,N3,N,1.0,-0.120222,False,-0.120222
DB0-m2_o23_o28_f0_nbo.sym.4,63,N4,N,1.0,-0.120304,False,-0.120304
DB0-m2_o23_o28_f0_nbo.sym.4,64,C21,C,1.0,0.439021,False,0.439021
DB0-m2_o23_o28_f0_nbo.sym.4,65,C22,C,1.0,0.439029,False,0.439029
DB0-m2_o23_o28_f0_nbo.sym.4,66,C23,C,1.0,0.438879,False,0.438879
DB0-m2_o23_o28_f0_nbo.sym.4,67,C24,C,1.0,0.439095,False,0.439095
DB0-m2_o23_o28_f0_nbo.sym.4,68,C25,C,1.0,-0.106215,False,-0.106215
DB0-m2_o23_o28_f0_nbo.sym.4,69,C26,C,1.0,-0.10624,False,-0.10624
DB0-m2_o23_o28_f0_nbo.sym.4,70,C27,C,1.0,-0.105856,False,-0.105856
DB0-m2_o23_o28_f0_nbo.sym.4,71,C28,C,1.0,-0.106392,False,-0.106392
DB0-m2_o23_o28_f0_nbo.sym.4,72,C29,C,1.0,0.114079,False,0.114079
DB0-m2_o23_o28_f0_nbo.sym.4,73,C30,C,1.0,0.114102,False,0.114102
DB0-m2_o23_o28_f0_nbo.sym.4,74,C31,C,1.0,0.113771,False,0.113771
DB0-m2_o23_o28_f0_nbo.sym.4,75,C32,C,1.0,0.114296,False,0.114296
DB0-m2_o23_o28_f0_nbo.sym.4,76,C33,C,1.0,-0.092553,False,-0.092553
DB0-m2_o23_o28_f0_nbo.sym.4,77,C34,C,1.0,-0.092576,False,-0.092576
DB0-m2_o23_o28_f0_nbo.sym.4,78,C35,C,1.0,-0.092413,False,-0.092413
DB0-m2_o23_o28_f0_nbo.sym.4,79,C36,C,1.0,-0.092649,False,-0.092649
DB0-m2_o23_o28_f0_nbo.sym.4,80,C37,C,1.0,-0.092697,False,-0.092697
DB0-m2_o23_o28_f0_nbo.sym.4,81,C38,C,1.0,-0.092676,False,-0.092676
DB0-m2_o23_o28_f0_nbo.sym.4,82,C39,C,1.0,-0.092915,False,-0.092915
DB0-m2_o23_o28_f0_nbo.sym.4,83,C40,C,1.0,-0.092555,False,-0.092555
DB0-m2_o23_o28_f0_nbo.sym.4,84,C41,C,1.0,-0.093675,False,-0.093675
DB0-m2_o23_o28_f0_nbo.sym.4,85,C42,C,1.0,-0.093689,False,-0.093689
DB0-m2_o23_o28_f0_nbo.sym.4,86,C43,C,1.0,-0.093642,False,-0.093642
DB0-m2_o23_o28_f0_nbo.sym.4,87,C44,C,1.0,-0.09373,False,-0.09373
DB0-m2_o23_o28_f0_nbo.sym.4,88,O33,O,1.0,-0.510734,False,-0.510734
DB0-m2_o23_o28_f0_nbo.sym.4,89,O34,O,1.0,-0.51073,False,-0.51073
DB0-m2_o23_o28_f0_nbo.sym.4,90,O35,O,1.0,-0.510719,False,-0.510719
DB0-m2_o23_o28_f0_nbo.sym.4,91,O36,O,1.0,-0.510731,False,-0.510731
DB0-m2_o23_o28_f0_nbo.sym.4,92,O37,O,1.0,-0.506004,False,-0.506004
DB0-m2_o23_o28_f0_nbo.sym.4,93,O38,O,1.0,-0.506003,False,-0.506003
DB0-m2_o23_o28_f0_nbo.sym.4,94,O39,O,1.0,-0.506,False,-0.506
DB0-m2_o23_o28_f0_nbo.sym.4,95,O40,O,1.0,-0.506026,False,-0.506026
DB0-m2_o23_o28_f0_nbo.sym.4,96,H1,H,1.0,0.159343,False,0.159343
DB0-m2_o23_o28_f0_nbo.sym.4,97,H2,H,1.0,0.159339,False,0.159339
DB0-m2_o23_o28_f0_nbo.sym.4,98,H3,H,1.0,0.15938,False,0.15938
DB0-m2_o23_o28_f0_nbo.sym.4,99,H4,H,1.0,0.159328,False,0.159328
DB0-m2_o23_o28_f0_nbo.sym.4,100,H5,H,1.0,0.158243,False,0.158243
DB0-m2_o23_o28_f0_nbo.sym.4,101,H6,H,1.0,0.158246,False,0.158246
DB0-m2_o23_o28_f0_nbo.sym.4,102,H7,H,1.0,0.158238,False,0.158238
DB0-m2_o23_o28_f0_nbo.sym.4,103,H8,H,1.0,0.158251,False,0.158251
DB0-m2_o23_o28_f0_nbo.sym.4,104,C45,C,1.0,-0.202779,False,-0.202779
DB0-m2_o23_o28_f0_nbo.sym.4,105,C46,C,1.0,-0.202889,False,-0.202889
DB0-m2_o23_o28_f0_nbo.sym.4,106,C47,C,1.0,-0.202821,False,-0.202821
DB0-m2_o23_o28_f0_nbo.sym.4,107,C48,C,1.0,-0.202918,False,-0.202918
DB0-m2_o23_o28_f0_nbo.sym.4,108,H9,H,1.0,0.164905,False,0.164905
DB0-m2_o23_o28_f0_nbo.sym.4,109,H10,H,1.0,0.164921,False,0.164921
DB0-m2_o23_o28_f0_nbo.sym.4,110,H11,H,1.0,0.164903,False,0.164903
DB0-m2_o23_o28_f0_nbo.sym.4,111,H12,H,1.0,0.164926,False,0.164926
DB0-m2_o23_o28_f0_nbo.sym.4,112,C49,C,1.0,-0.056849,False,-0.056849
DB0-m2_o23_o28_f0_nbo.sym.4,113,C50,C,1.0,-0.056528,False,-0.056528
DB0-m2_o23_o28_f0_nbo.sym.4,114,C51,C,1.0,-0.056694,False,-0.056694
DB0-m2_o23_o28_f0_nbo.sym.4,115,C52,C,1.0,-0.056512,False,-0.056512
DB0-m2_o23_o28_f0_nbo.sym.4,116,H13,H,1.0,0.102649,False,0.102649
DB0-m2_o23_o28_f0_nbo.sym.4,117,H14,H,1.0,0.102543,False,0.102543
DB0-m2_o23_o28_f0_nbo.sym.4,118,H15,H,1.0,0.102615,False,0.102615
DB0-m2_o23_o28_f0_nbo.sym.4,119,H16,H,1.0,0.102538,False,0.102538
DB0-m2_o23_o28_f0_nbo.sym.4,120,C53,C,1.0,-0.055631,False,-0.055631
DB0-m2_o23_o28_f0_nbo.sym.4,121,C54,C,1.0,-0.056149,False,-0.056149
DB0-m2_o23_o28_f0_nbo.sym.4,122,C55,C,1.0,-0.056009,False,-0.056009
DB0-m2_o23_o28_f0_nbo.sym.4,123,C56,C,1.0,-0.056153,False,-0.056153
DB0-m2_o23_o28_f0_nbo.sym.4,124,C57,C,1.0,-0.050361,False,-0.050361
DB0-m2_o23_o28_f0_nbo.sym.4,125,C58,C,1.0,-0.050122,False,-0.050122
DB0-m2_o23_o28_f0_nbo.sym.4,126,C59,C,1.0,-0.050185,False,-0.050185
DB0-m2_o23_o28_f0_nbo.sym.4,127,C60,C,1.0,-0.050111,False,-0.050111
DB0-m2_o23_o28_f0_nbo.sym.4,128,H17,H,1.0,0.12312,False,0.12312
DB0-m2_o23_o28_f0_nbo.sym.4,129,H18,H,1.0,0.123057,False,0.123057
DB0-m2_o23_o28_f0_nbo.sym.4,130,H19,H,1.0,0.123068,False,0.123068
DB0-m2_o23_o28_f0_nbo.sym.4,131,H20,H,1.0,0.123057,False,0.123057
DB0-m2_o23_o28_f0_nbo.sym.4,132,C61,C,1.0,-0.21923,False,-0.21923
DB0-m2_o23_o28_f0_nbo.sym.4,133,C62,C,1.0,-0.219323,False,-0.219323
DB0-m2_o23_o28_f0_nbo.sym.4,134,C63,C,1.0,-0.219281,False,-0.219281
DB0-m2_o23_o28_f0_nbo.sym.4,135,C64,C,1.0,-0.219346,False,-0.219346
DB0-m2_o23_o28_f0_nbo.sym.4,136,H21,H,1.0,0.159499,False,0.159499
DB0-m2_o23_o28_f0_nbo.sym.4,137,H22,H,1.0,0.159512,False,0.159512
DB0-m2_o23_o28_f0_nbo.sym.4,138,H23,H,1.0,0.159504,False,0.159504
DB0-m2_o23_o28_f0_nbo.sym.4,139,H24,H,1.0,0.159518,False,0.159518
DB0-m2_o23_o28_f0_nbo.sym.4,140,C65,C,1.0,0.256037,False,0.256037
DB0-m2_o23_o28_f0_nbo.sym.4,141,C66,C,1.0,0.256132,False,0.256132
DB0-m2_o23_o28_f0_nbo.sym.4,142,C67,C,1.0,0.256112,False,0.256112
DB0-m2_o23_o28_f0_nbo.sym.4,143,C68,C,1.0,0.256181,False,0.256181
DB0-m2_o23_o28_f0_nbo.sym.4,144,C69,C,1.0,-0.260634,False,-0.260634
DB0-m2_o23_o28_f0_nbo.sym.4,145,C70,C,1.0,-0.260628,False,-0.260628
DB0-m2_o23_o28_f0_nbo.sym.4,146,C71,C,1.0,-0.260658,False,-0.260658
DB0-m2_o23_o28_f0_nbo.sym.4,147,C72,C,1.0,-0.26064,False,-0.26064
DB0-m2_o23_o28_f0_nbo.sym.4,148,C73,C,1.0,-0.080886,False,-0.080886
DB0-m2_o23_o28_f0_nbo.sym.4,149,C74,C,1.0,-0.08088,False,-0.08088
DB0-m2_o23_o28_f0_nbo.sym.4,150,C75,C,1.0,-0.080878,False,-0.080878
DB0-m2_o23_o28_f0_nbo.sym.4,151,C76,C,1.0,-0.080876,False,-0.080876
DB0-m2_o23_o28_f0_nbo.sym.4,152,C77,C,1.0,-0.290432,False,-0.290432
DB0-m2_o23_o28_f0_nbo.sym.4,153,C78,C,1.0,-0.290452,False,-0.290452
DB0-m2_o23_o28_f0_nbo.sym.4,154,C79,C,1.0,-0.290455,False,-0.290455
DB0-m2_o23_o28_f0_nbo.sym.4,155,C80,C,1.0,-0.290464,False,-0.290464
DB0-m2_o23_o28_f0_nbo.sym.4,156,H25,H,1.0,0.032112,False,0.032112
DB0-m2_o23_o28_f0_nbo.sym.4,157,H26,H,1.0,0.032115,False,0.032115
DB0-m2_o23_o28_f0_nbo.sym.4,158,H27,H,1.0,0.032106,False,0.032106
DB0-m2_o23_o28_f0_nbo.sym.4,159,H28,H,1.0,0.032114,False,0.032114
DB0-m2_o23_o28_f0_nbo.sym.4,160,H29,H,1.0,0.085868,False,0.085868
DB0-m2_o23_o28_f0_nbo.sym.4,161,H30,H,1.0,0.085871,False,0.085871
DB0-m2_o23_o28_f0_nbo.sym.4,162,H31,H,1.0,0.085878,False,0.085878
DB0-m2_o23_o28_f0_nbo.sym.4,163,H32,H,1.0,0.085876,False,0.085876
DB0-m2_o23_o28_f0_nbo.sym.4,164,H33,H,1.0,-0.004231,False,-0.004231
DB0-m2_o23_o28_f0_nbo.sym.4,165,H34,H,1.0,-0.004228,False,-0.004228
DB0-m2_o23_o28_f0_nbo.sym.4,166,H35,H,1.0,-0.004228,False,-0.004228
DB0-m2_o23_o28_f0_nbo.sym.4,167,H36,H,1.0,-0.004227,False,-0.004227
DB0-m2_o23_o28_f0_nbo.sym.4,168,H37,H,1.0,0.040619,False,0.040619
DB0-m2_o23_o28_f0_nbo.sym.4,169,H38,H,1.0,0.040616,False,0.040616
DB0-m2_o23_o28_f0_nbo.sym.4,170,H39,H,1.0,0.040622,False,0.040622
DB0-m2_o23_o28_f0_nbo.sym.4,171,H40,H,1.0,0.04062,False,0.04062
DB0-m2_o23_o28_f0_nbo.sym.4,172,H41,H,1.0,0.0486,False,0.0486
DB0-m2_o23_o28_f0_nbo.sym.4,173,H42,H,1.0,0.048608,False,0.048608
DB0-m2_o23_o28_f0_nbo.sym.4,174,H43,H,1.0,0.048605,False,0.048605
DB0-m2_o23_o28_f0_nbo.sym.4,175,H44,H,1.0,0.048611,False,0.048611
DB0-m2_o23_o28_f0_nbo.sym.4,176,H45,H,1.0,0.092091,False,0.092091
DB0-m2_o23_o28_f0_nbo.sym.4,177,H46,H,1.0,0.092094,False,0.092094
DB0-m2_o23_o28_f0_nbo.sym.4,178,H47,H,1.0,0.092095,False,0.092095
DB0-m2_o23_o28_f0_nbo.sym.4,179,H48,H,1.0,0.092095,False,0.092095
DB0-m2_o23_o28_f0_nbo.sym.4,180,C81,C,1.0,-0.130684,False,-0.130684
DB0-m2_o23_o28_f0_nbo.sym.4,181,C82,C,1.0,-0.130662,False,-0.130662
DB0-m2_o23_o28_f0_nbo.sym.4,182,C83,C,1.0,-0.130706,False,-0.130706
DB0-m2_o23_o28_f0_nbo.sym.4,183,C84,C,1.0,-0.130702,False,-0.130702
DB0-m2_o23_o28_f0_nbo.sym.4,184,C85,C,1.0,0.662219,False,0.662219
DB0-m2_o23_o28_f0_nbo.sym.4,185,C86,C,1.0,0.662208,False,0.662208
DB0-m2_o23_o28_f0_nbo.sym.4,186,C87,C,1.0,0.662209,False,0.662209
DB0-m2_o23_o28_f0_nbo.sym.4,187,C88,C,1.0,0.662216,False,0.662216
DB0-m2_o23_o28_f0_nbo.sym.4,188,C89,C,1.0,-0.153611,False,-0.153611
DB0-m2_o23_o28_f0_nbo.sym.4,189,C90,C,1.0,-0.153627,False,-0.153627
DB0-m2_o23_o28_f0_nbo.sym.4,190,C91,C,1.0,-0.153609,False,-0.153609
DB0-m2_o23_o28_f0_nbo.sym.4,191,C92,C,1.0,-0.153634,False,-0.153634
DB0-m2_o23_o28_f0_nbo.sym.4,192,C93,C,1.0,0.834614,False,0.834614
DB0-m2_o23_o28_f0_nbo.sym.4,193,C94,C,1.0,0.834657,False,0.834657
DB0-m2_o23_o28_f0_nbo.sym.4,194,C95,C,1.0,0.834641,False,0.834641
DB0-m2_o23_o28_f0_nbo.sym.4,195,C96,C,1.0,0.834666,False,0.834666
DB0-m2_o23_o28_f0_nbo.sym.4,196,C97,C,1.0,-0.181815,False,-0.181815
DB0-m2_o23_o28_f0_nbo.sym.4,197,C98,C,1.0,-0.181777,False,-0.181777
DB0-m2_o23_o28_f0_nbo.sym.4,198,C99,C,1.0,-0.181816,False,-0.181816
DB0-m2_o23_o28_f0_nbo.sym.4,199,C100,C,1.0,-0.181808,False,-0.181808
DB0-m2_o23_o28_f0_nbo.sym.4,200,C101,C,1.0,-0.135876,False,-0.135876
DB0-m2_o23_o28_f0_nbo.sym.4,201,C102,C,1.0,-0.13595,False,-0.13595
DB0-m2_o23_o28_f0_nbo.sym.4,202,C103,C,1.0,-0.135911,False,-0.135911
DB0-m2_o23_o28_f0_nbo.sym.4,203,C104,C,1.0,-0.135937,False,-0.135937
DB0-m2_o23_o28_f0_nbo.sym.4,204,C105,C,1.0,-0.464991,False,-0.464991
DB0-m2_o23_o28_f0_nbo.sym.4,205,C106,C,1.0,-0.465022,False,-0.465022
DB0-m2_o23_o28_f0_nbo.sym.4,206,C107,C,1.0,-0.464985,False,-0.464985
DB0-m2_o23_o28_f0_nbo.sym.4,207,C108,C,1.0,-0.464994,False,-0.464994
DB0-m2_o23_o28_f0_nbo.sym.4,208,C109,C,1.0,-0.322784,False,-0.322784
DB0-m2_o23_o28_f0_nbo.sym.4,209,C110,C,1.0,-0.322808,False,-0.322808
DB0-m2_o23_o28_f0_nbo.sym.4,210,C111,C,1.0,-0.322767,False,-0.322767
DB0-m2_o23_o28_f0_nbo.sym.4,211,C112,C,1.0,-0.322799,False,-0.322799
DB0-m2_o23_o28_f0_nbo.sym.4,212,C113,C,1.0,-0.223277,False,-0.223277
DB0-m2_o23_o28_f0_nbo.sym.4,213,C114,C,1.0,-0.2232,False,-0.2232
DB0-m2_o23_o28_f0_nbo.sym.4,214,C115,C,1.0,-0.22325,False,-0.22325
DB0-m2_o23_o28_f0_nbo.sym.4,215,C116,C,1.0,-0.223202,False,-0.223202
DB0-m2_o23_o28_f0_nbo.sym.4,216,H49,H,1.0,0.011885,False,0.011885
DB0-m2_o23_o28_f0_nbo.sym.4,217,H50,H,1.0,0.011903,False,0.011903
DB0-m2_o23_o28_f0_nbo.sym.4,218,H51,H,1.0,0.011892,False,0.011892
DB0-m2_o23_o28_f0_nbo.sym.4,219,H52,H,1.0,0.0119,False,0.0119
DB0-m2_o23_o28_f0_nbo.sym.4,220,H53,H,1.0,0.047529,False,0.047529
DB0-m2_o23_o28_f0_nbo.sym.4,221,H54,H,1.0,0.047549,False,0.047549
DB0-m2_o23_o28_f0_nbo.sym.4,222,H55,H,1.0,0.04754,False,0.04754
DB0-m2_o23_o28_f0_nbo.sym.4,223,H56,H,1.0,0.047545,False,0.047545
DB0-m2_o23_o28_f0_nbo.sym.4,224,H57,H,1.0,0.054581,False,0.054581
DB0-m2_o23_o28_f0_nbo.sym.4,225,H58,H,1.0,0.054575,False,0.054575
DB0-m2_o23_o28_f0_nbo.sym.4,226,H59,H,1.0,0.054585,False,0.054585
DB0-m2_o23_o28_f0_nbo.sym.4,227,H60,H,1.0,0.054583,False,0.054583
DB0-m2_o23_o28_f0_nbo.sym.4,228,H61,H,1.0,0.067851,False,0.067851
DB0-m2_o23_o28_f0_nbo.sym.4,229,H62,H,1.0,0.067853,False,0.067853
DB0-m2_o23_o28_f0_nbo.sym.4,230,H63,H,1.0,0.067862,False,0.067862
DB0-m2_o23_o28_f0_nbo.sym.4,231,H64,H,1.0,0.067858,False,0.067858
DB0-m2_o23_o28_f0_nbo.sym.4,232,H65,H,1.0,0.043905,False,0.043905
DB0-m2_o23_o28_f0_nbo.sym.4,233,H66,H,1.0,0.043909,False,0.043909
DB0-m2_o23_o28_f0_nbo.sym.4,234,H67,H,1.0,0.043906,False,0.043906
DB0-m2_o23_o28_f0_nbo.sym.4,235,H68,H,1.0,0.043912,False,0.043912
DB0-m2_o23_o28_f0_nbo.sym.4,236,H69,H,1.0,0.036768,False,0.036768
DB0-m2_o23_o28_f0_nbo.sym.4,237,H70,H,1.0,0.036759,False,0.036759
DB0-m2_o23_o28_f0_nbo.sym.4,238,H71,H,1.0,0.036771,False,0.036771
DB0-m2_o23_o28_f0_nbo.sym.4,239,H72,H,1.0,0.036767,False,0.036767
DB0-m2_o23_o28_f0_nbo.sym.4,240,C117,C,1.0,0.468443,False,0.468443
DB0-m2_o23_o28_f0_nbo.sym.4,241,C118,C,1.0,0.468198,False,0.468198
DB0-m2_o23_o28_f0_nbo.sym.4,242,C119,C,1.0,0.468458,False,0.468458
DB0-m2_o23_o28_f0_nbo.sym.4,243,C120,C,1.0,0.46822,False,0.46822
DB0-m2_o23_o28_f0_nbo.sym.4,244,N5,N,1.0,-0.150692,False,-0.150692
DB0-m2_o23_o28_f0_nbo.sym.4,245,N6,N,1.0,-0.150396,False,-0.150396
DB0-m2_o23_o28_f0_nbo.sym.4,246,N7,N,1.0,-0.150701,False,-0.150701
DB0-m2_o23_o28_f0_nbo.sym.4,247,N8,N,1.0,-0.150407,False,-0.150407
DB0-m2_o23_o28_f0_nbo.sym.4,248,C121,C,1.0,0.487391,False,0.487391
DB0-m2_o23_o28_f0_nbo.sym.4,249,C122,C,1.0,0.487088,False,0.487088
DB0-m2_o23_o28_f0_nbo.sym.4,250,C123,C,1.0,0.487389,False,0.487389
DB0-m2_o23_o28_f0_nbo.sym.4,251,C124,C,1.0,0.487092,False,0.487092
DB0-m2_o23_o28_f0_nbo.sym.4,252,C125,C,1.0,-0.118955,False,-0.118955
DB0-m2_o23_o28_f0_nbo.sym.4,253,C126,C,1.0,-0.118755,False,-0.118755
DB0-m2_o23_o28_f0_nbo.sym.4,254,C127,C,1.0,-0.118954,False,-0.118954
DB0-m2_o23_o28_f0_nbo.sym.4,255,C128,C,1.0,-0.118759,False,-0.118759
DB0-m2_o23_o28_f0_nbo.sym.4,256,C129,C,1.0,0.119579,False,0.119579
DB0-m2_o23_o28_f0_nbo.sym.4,257,C130,C,1.0,0.119414,False,0.119414
DB0-m2_o23_o28_f0_nbo.sym.4,258,C131,C,1.0,0.119589,False,0.119589
DB0-m2_o23_o28_f0_nbo.sym.4,259,C132,C,1.0,0.119426,False,0.119426
DB0-m2_o23_o28_f0_nbo.sym.4,260,C133,C,1.0,-0.115786,False,-0.115786
DB0-m2_o23_o28_f0_nbo.sym.4,261,C134,C,1.0,-0.11558,False,-0.11558
DB0-m2_o23_o28_f0_nbo.sym.4,262,C135,C,1.0,-0.115804,False,-0.115804
DB0-m2_o23_o28_f0_nbo.sym.4,263,C136,C,1.0,-0.115603,False,-0.115603
DB0-m2_o23_o28_f0_nbo.sym.4,264,C137,C,1.0,-0.055654,False,-0.055654
DB0-m2_o23_o28_f0_nbo.sym.4,265,C138,C,1.0,-0.055709,False,-0.055709
DB0-m2_o23_o28_f0_nbo.sym.4,266,C139,C,1.0,-0.055645,False,-0.055645
DB0-m2_o23_o28_f0_nbo.sym.4,267,C140,C,1.0,-0.055696,False,-0.055696
DB0-m2_o23_o28_f0_nbo.sym.4,268,C141,C,1.0,-0.117627,False,-0.117627
DB0-m2_o23_o28_f0_nbo.sym.4,269,C142,C,1.0,-0.117544,False,-0.117544
DB0-m2_o23_o28_f0_nbo.sym.4,270,C143,C,1.0,-0.117603,False,-0.117603
DB0-m2_o23_o28_f0_nbo.sym.4,271,C144,C,1.0,-0.117522,False,-0.117522
DB0-m2_o23_o28_f0_nbo.sym.4,272,O41,O,1.0,-0.527334,False,-0.527334
DB0-m2_o23_o28_f0_nbo.sym.4,273,O42,O,1.0,-0.527278,False,-0.527278
DB0-m2_o23_o28_f0_nbo.sym.4,274,O43,O,1.0,-0.527334,False,-0.527334
DB0-m2_o23_o28_f0_nbo.sym.4,275,O44,O,1.0,-0.527284,False,-0.527284
DB0-m2_o23_o28_f0_nbo.sym.4,276,O45,O,1.0,-0.545547,False,-0.545547
DB0-m2_o23_o28_f0_nbo.sym.4,277,O46,O,1.0,-0.545429,False,-0.545429
DB0-m2_o23_o28_f0_nbo.sym.4,278,O47,O,1.0,-0.545547,False,-0.545547
DB0-m2_o23_o28_f0_nbo.sym.4,279,O48,O,1.0,-0.545435,False,-0.545435
DB0-m2_o23_o28_f0_nbo.sym.4,280,H73,H,1.0,0.150482,False,0.150482
DB0-m2_o23_o28_f0_nbo.sym.4,281,H74,H,1.0,0.150463,False,0.150463
DB0-m2_o23_o28_f0_nbo.sym.4,282,H75,H,1.0,0.150478,False,0.150478
DB0-m2_o23_o28_f0_nbo.sym.4,283,H76,H,1.0,0.150458,False,0.150458
DB0-m2_o23_o28_f0_nbo.sym.4,284,H77,H,1.0,0.162931,False,0.162931
DB0-m2_o23_o28_f0_nbo.sym.4,285,H78,H,1.0,0.162926,False,0.162926
DB0-m2_o23_o28_f0_nbo.sym.4,286,H79,H,1.0,0.162922,False,0.162922
DB0-m2_o23_o28_f0_nbo.sym.4,287,H80,H,1.0,0.162916,False,0.162916
DB0-m2_o23_o28_f0_nbo.sym.4,288,C145,C,1.0,-0.168588,False,-0.168588
DB0-m2_o23_o28_f0_nbo.sym.4,289,C146,C,1.0,-0.168555,False,-0.168555
DB0-m2_o23_o28_f0_nbo.sym.4,290,C147,C,1.0,-0.168582,False,-0.168582
DB0-m2_o23_o28_f0_nbo.sym.4,291,C148,C,1.0,-0.168555,False,-0.168555
DB0-m2_o23_o28_f0_nbo.sym.4,292,H81,H,1.0,0.155517,False,0.155517
DB0-m2_o23_o28_f0_nbo.sym.4,293,H82,H,1.0,0.155511,False,0.155511
DB0-m2_o23_o28_f0_nbo.sym.4,294,H83,H,1.0,0.155519,False,0.155519
DB0-m2_o23_o28_f0_nbo.sym.4,295,H84,H,1.0,0.155512,False,0.155512
DB0-m2_o23_o28_f0_nbo.sym.4,296,C149,C,1.0,-0.11344,False,-0.11344
DB0-m2_o23_o28_f0_nbo.sym.4,297,C150,C,1.0,-0.113441,False,-0.113441
DB0-m2_o23_o28_f0_nbo.sym.4,298,C151,C,1.0,-0.113432,False,-0.113432
DB0-m2_o23_o28_f0_nbo.sym.4,299,C152,C,1.0,-0.11345,False,-0.11345
DB0-m2_o23_o28_f0_nbo.sym.4,300,H85,H,1.0,0.129058,False,0.129058
DB0-m2_o23_o28_f0_nbo.sym.4,301,H86,H,1.0,0.129042,False,0.129042
DB0-m2_o23_o28_f0_nbo.sym.4,302,H87,H,1.0,0.12905,False,0.12905
DB0-m2_o23_o28_f0_nbo.sym.4,303,H88,H,1.0,0.129045,False,0.129045
DB0-m2_o23_o28_f0_nbo.sym.4,304,C153,C,1.0,-0.035238,False,-0.035238
DB0-m2_o23_o28_f0_nbo.sym.4,305,C154,C,1.0,-0.035267,False,-0.035267
DB0-m2_o23_o28_f0_nbo.sym.4,306,C155,C,1.0,-0.035278,False,-0.035278
DB0-m2_o23_o28_f0_nbo.sym.4,307,C156,C,1.0,-0.035265,False,-0.035265
DB0-m2_o23_o28_f0_nbo.sym.4,308,C157,C,1.0,-0.085408,False,-0.085408
DB0-m2_o23_o28_f0_nbo.sym.4,309,C158,C,1.0,-0.0854,False,-0.0854
DB0-m2_o23_o28_f0_nbo.sym.4,310,C159,C,1.0,-0.08539,False,-0.08539
DB0-m2_o23_o28_f0_nbo.sym.4,311,C160,C,1.0,-0.085397,False,-0.085397
DB0-m2_o23_o28_f0_nbo.sym.4,312,H89,H,1.0,0.13405,False,0.13405
DB0-m2_o23_o28_f0_nbo.sym.4,313,H90,H,1.0,0.134049,False,0.134049
DB0-m2_o23_o28_f0_nbo.sym.4,314,H91,H,1.0,0.134047,False,0.134047
DB0-m2_o23_o28_f0_nbo.sym.4,315,H92,H,1.0,0.134051,False,0.134051
DB0-m2_o23_o28_f0_nbo.sym.4,316,C161,C,1.0,-0.203948,False,-0.203948
DB0-m2_o23_o28_f0_nbo.sym.4,317,C162,C,1.0,-0.203985,False,-0.203985
DB0-m2_o23_o28_f0_nbo.sym.4,318,C163,C,1.0,-0.203956,False,-0.203956
DB0-m2_o23_o28_f0_nbo.sym.4,319,C164,C,1.0,-0.203994,False,-0.203994
DB0-m2_o23_o28_f0_nbo.sym.4,320,H93,H,1.0,0.162866,False,0.162866
DB0-m2_o23_o28_f0_nbo.sym.4,321,H94,H,1.0,0.162883,False,0.162883
DB0-m2_o23_o28_f0_nbo.sym.4,322,H95,H,1.0,0.162865,False,0.162865
DB0-m2_o23_o28_f0_nbo.sym.4,323,H96,H,1.0,0.16288,False,0.16288
DB0-m2_o23_o28_f0_nbo.sym.4,324,C165,C,1.0,0.270352,False,0.270352
DB0-m2_o23_o28_f0_nbo.sym.4,325,C166,C,1.0,0.270456,False,0.270456
DB0-m2_o23_o28_f0_nbo.sym.4,326,C167,C,1.0,0.270376,False,0.270376
DB0-m2_o23_o28_f0_nbo.sym.4,327,C168,C,1.0,0.270484,False,0.270484
DB0-m2_o23_o28_f0_nbo.sym.4,328,C169,C,1.0,0.409001,False,0.409001
DB0-m2_o23_o28_f0_nbo.sym.4,329,C170,C,1.0,0.409125,False,0.409125
DB0-m2_o23_o28_f0_nbo.sym.4,330,C171,C,1.0,0.408924,False,0.408924
DB0-m2_o23_o28_f0_nbo.sym.4,331,C172,C,1.0,0.409099,False,0.409099
DB0-m2_o23_o28_f0_nbo.sym.4,332,C173,C,1.0,-0.099515,False,-0.099515
DB0-m2_o23_o28_f0_nbo.sym.4,333,C174,C,1.0,-0.099442,False,-0.099442
DB0-m2_o23_o28_f0_nbo.sym.4,334,C175,C,1.0,-0.099483,False,-0.099483
DB0-m2_o23_o28_f0_nbo.sym.4,335,C176,C,1.0,-0.099474,False,-0.099474
DB0-m2_o23_o28_f0_nbo.sym.4,336,C177,C,1.0,-0.247628,False,-0.247628
DB0-m2_o23_o28_f0_nbo.sym.4,337,C178,C,1.0,-0.247692,False,-0.247692
DB0-m2_o23_o28_f0_nbo.sym.4,338,C179,C,1.0,-0.247665,False,-0.247665
DB0-m2_o23_o28_f0_nbo.sym.4,339,C180,C,1.0,-0.247676,False,-0.247676
DB0-m2_o23_o28_f0_nbo.sym.4,340,H97,H,1.0,0.056326,False,0.056326
DB0-m2_o23_o28_f0_nbo.sym.4,341,H98,H,1.0,0.056421,False,0.056421
DB0-m2_o23_o28_f0_nbo.sym.4,342,H99,H,1.0,0.056313,False,0.056313
DB0-m2_o23_o28_f0_nbo.sym.4,343,H100,H,1.0,0.056418,False,0.056418
DB0-m2_o23_o28_f0_nbo.sym.4,344,H101,H,1.0,0.033958,False,0.033958
DB0-m2_o23_o28_f0_nbo.sym.4,345,H102,H,1.0,0.033956,False,0.033956
DB0-m2_o23_o28_f0_nbo.sym.4,346,H103,H,1.0,0.033969,False,0.033969
DB0-m2_o23_o28_f0_nbo.sym.4,347,H104,H,1.0,0.033971,False,0.033971
DB0-m2_o23_o28_f0_nbo.sym.4,348,H105,H,1.0,0.058757,False,0.058757
DB0-m2_o23_o28_f0_nbo.sym.4,349,H106,H,1.0,0.058776,False,0.058776
DB0-m2_o23_o28_f0_nbo.sym.4,350,H107,H,1.0,0.058764,False,0.058764
DB0-m2_o23_o28_f0_nbo.sym.4,351,H108,H,1.0,0.058789,False,0.058789
DB0-m2_o23_o28_f0_nbo.sym.4,352,H109,H,1.0,0.037481,False,0.037481
DB0-m2_o23_o28_f0_nbo.sym.4,353,H110,H,1.0,0.037487,False,0.037487
DB0-m2_o23_o28_f0_nbo.sym.4,354,H111,H,1.0,0.037482,False,0.037482
DB0-m2_o23_o28_f0_nbo.sym.4,355,H112,H,1.0,0.037479,False,0.037479
DB0-m2_o23_o28_f0_nbo.sym.4,356,H113,H,1.0,0.066974,False,0.066974
DB0-m2_o23_o28_f0_nbo.sym.4,357,H114,H,1.0,0.066987,False,0.066987
DB0-m2_o23_o28_f0_nbo.sym.4,358,H115,H,1.0,0.066977,False,0.066977
DB0-m2_o23_o28_f0_nbo.sym.4,359,H116,H,1.0,0.066981,False,0.066981
DB0-m2_o23_o28_f0_nbo.sym.4,360,C181,C,1.0,-0.161037,False,-0.161037
DB0-m2_o23_o28_f0_nbo.sym.4,361,C182,C,1.0,-0.161036,False,-0.161036
DB0-m2_o23_o28_f0_nbo.sym.4,362,C183,C,1.0,-0.161012,False,-0.161012
DB0-m2_o23_o28_f0_nbo.sym.4,363,C184,C,1.0,-0.160995,False,-0.160995
DB0-m2_o23_o28_f0_nbo.sym.4,364,C185,C,1.0,0.307377,False,0.307377
DB0-m2_o23_o28_f0_nbo.sym.4,365,C186,C,1.0,0.307059,False,0.307059
DB0-m2_o23_o28_f0_nbo.sym.4,366,C187,C,1.0,0.307285,False,0.307285
DB0-m2_o23_o28_f0_nbo.sym.4,367,C188,C,1.0,0.307049,False,0.307049
DB0-m2_o23_o28_f0_nbo.sym.4,368,C189,C,1.0,-0.378811,False,-0.378811
DB0-m2_o23_o28_f0_nbo.sym.4,369,C190,C,1.0,-0.379093,False,-0.379093
DB0-m2_o23_o28_f0_nbo.sym.4,370,C191,C,1.0,-0.378779,False,-0.378779
DB0-m2_o23_o28_f0_nbo.sym.4,371,C192,C,1.0,-0.379095,False,-0.379095
DB0-m2_o23_o28_f0_nbo.sym.4,372,C193,C,1.0,0.873147,False,0.873147
DB0-m2_o23_o28_f0_nbo.sym.4,373,C194,C,1.0,0.873171,False,0.873171
DB0-m2_o23_o28_f0_nbo.sym.4,374,C195,C,1.0,0.873203,False,0.873203
DB0-m2_o23_o28_f0_nbo.sym.4,375,C196,C,1.0,0.873217,False,0.873217
DB0-m2_o23_o28_f0_nbo.sym.4,376,C197,C,1.0,-0.219083,False,-0.219083
DB0-m2_o23_o28_f0_nbo.sym.4,377,C198,C,1.0,-0.219012,False,-0.219012
DB0-m2_o23_o28_f0_nbo.sym.4,378,C199,C,1.0,-0.219134,False,-0.219134
DB0-m2_o23_o28_f0_nbo.sym.4,379,C200,C,1.0,-0.219021,False,-0.219021
DB0-m2_o23_o28_f0_nbo.sym.4,380,C201,C,1.0,-0.107763,False,-0.107763
DB0-m2_o23_o28_f0_nbo.sym.4,381,C202,C,1.0,-0.107701,False,-0.107701
DB0-m2_o23_o28_f0_nbo.sym.4,382,C203,C,1.0,-0.107727,False,-0.107727
DB0-m2_o23_o28_f0_nbo.sym.4,383,C204,C,1.0,-0.107711,False,-0.107711
DB0-m2_o23_o28_f0_nbo.sym.4,384,C205,C,1.0,-0.421822,False,-0.421822
DB0-m2_o23_o28_f0_nbo.sym.4,385,C206,C,1.0,-0.421787,False,-0.421787
DB0-m2_o23_o28_f0_nbo.sym.4,386,C207,C,1.0,-0.421848,False,-0.421848
DB0-m2_o23_o28_f0_nbo.sym.4,387,C208,C,1.0,-0.421836,False,-0.421836
DB0-m2_o23_o28_f0_nbo.sym.4,388,C209,C,1.0,-0.199174,False,-0.199174
DB0-m2_o23_o28_f0_nbo.sym.4,389,C210,C,1.0,-0.198773,False,-0.198773
DB0-m2_o23_o28_f0_nbo.sym.4,390,C211,C,1.0,-0.19918,False,-0.19918
DB0-m2_o23_o28_f0_nbo.sym.4,391,C212,C,1.0,-0.198742,False,-0.198742
DB0-m2_o23_o28_f0_nbo.sym.4,392,C213,C,1.0,-0.268795,False,-0.268795
DB0-m2_o23_o28_f0_nbo.sym.4,393,C214,C,1.0,-0.269111,False,-0.269111
DB0-m2_o23_o28_f0_nbo.sym.4,394,C215,C,1.0,-0.268674,False,-0.268674
DB0-m2_o23_o28_f0_nbo.sym.4,395,C216,C,1.0,-0.269113,False,-0.269113
DB0-m2_o23_o28_f0_nbo.sym.4,396,H117,H,1.0,0.019328,False,0.019328
DB0-m2_o23_o28_f0_nbo.sym.4,397,H118,H,1.0,0.019308,False,0.019308
DB0-m2_o23_o28_f0_nbo.sym.4,398,H119,H,1.0,0.019328,False,0.019328
DB0-m2_o23_o28_f0_nbo.sym.4,399,H120,H,1.0,0.019319,False,0.019319
DB0-m2_o23_o28_f0_nbo.sym.4,400,H121,H,1.0,0.05681,False,0.05681
DB0-m2_o23_o28_f0_nbo.sym.4,401,H122,H,1.0,0.05681,False,0.05681
DB0-m2_o23_o28_f0_nbo.sym.4,402,H123,H,1.0,0.056814,False,0.056814
DB0-m2_o23_o28_f0_nbo.sym.4,403,H124,H,1.0,0.056811,False,0.056811
DB0-m2_o23_o28_f0_nbo.sym.4,404,H125,H,1.0,0.054354,False,0.054354
DB0-m2_o23_o28_f0_nbo.sym.4,405,H126,H,1.0,0.054344,False,0.054344
DB0-m2_o23_o28_f0_nbo.sym.4,406,H127,H,1.0,0.05436,False,0.05436
DB0-m2_o23_o28_f0_nbo.sym.4,407,H128,H,1.0,0.05434,False,0.05434
DB0-m2_o23_o28_f0_nbo.sym.4,408,H129,H,1.0,-0.075653,False,-0.075653
DB0-m2_o23_o28_f0_nbo.sym.4,409,H130,H,1.0,-0.075606,False,-0.075606
DB0-m2_o23_o28_f0_nbo.sym.4,410,H131,H,1.0,-0.075599,False,-0.075599
DB0-m2_o23_o28_f0_nbo.sym.4,411,H132,H,1.0,-0.075594,False,-0.075594
DB0-m2_o23_o28_f0_nbo.sym.4,412,H133,H,1.0,0.071274,False,0.071274
DB0-m2_o23_o28_f0_nbo.sym.4,413,H134,H,1.0,0.071348,False,0.071348
DB0-m2_o23_o28_f0_nbo.sym.4,414,H135,H,1.0,0.071258,False,0.071258
DB0-m2_o23_o28_f0_nbo.sym.4,415,H136,H,1.0,0.071344,False,0.071344
DB0-m2_o23_o28_f0_nbo.sym.4,416,H137,H,1.0,0.048947,False,0.048947
DB0-m2_o23_o28_f0_nbo.sym.4,417,H138,H,1.0,0.048924,False,0.048924
DB0-m2_o23_o28_f0_nbo.sym.4,418,H139,H,1.0,0.048956,False,0.048956
DB0-m2_o23_o28_f0_nbo.sym.4,419,H140,H,1.0,0.048925,False,0.048925
DB0-m2_o23_o28_f0_nbo.sym.4,420,O49,O,1.0,-0.649189,False,-0.649189
DB0-m2_o23_o28_f0_nbo.sym.4,421,O50,O,1.0,-0.649177,False,-0.649177
DB0-m2_o23_o28_f0_nbo.sym.4,422,O51,O,1.0,-0.649194,False,-0.649194
DB0-m2_o23_o28_f0_nbo.sym.4,423,O52,O,1.0,-0.649177,False,-0.649177
DB0-m2_o23_o28_f0_nbo.sym.4,424,O53,O,1.0,-0.638849,False,-0.638849
DB0-m2_o23_o28_f0_nbo.sym.4,425,O54,O,1.0,-0.638843,False,-0.638843
DB0-m2_o23_o28_f0_nbo.sym.4,426,O55,O,1.0,-0.638847,False,-0.638847
DB0-m2_o23_o28_f0_nbo.sym.4,427,O56,O,1.0,-0.638841,False,-0.638841
DB0-m2_o23_o28_f0_nbo.sym.4,428,C217,C,1.0,0.823103,False,0.823103
DB0-m2_o23_o28_f0_nbo.sym.4,429,C218,C,1.0,0.823106,False,0.823106
DB0-m2_o23_o28_f0_nbo.sym.4,430,C219,C,1.0,0.823153,False,0.823153
DB0-m2_o23_o28_f0_nbo.sym.4,431,C220,C,1.0,0.823139,False,0.823139
DB0-m2_o23_o28_f0_nbo.sym.4,432,Cu9,Cu,1.0,1.104731,True,1.104731
DB0-m2_o23_o28_f0_nbo.sym.4,433,Cu10,Cu,1.0,1.104803,True,1.104803
DB0-m2_o23_o28_f0_nbo.sym.4,434,Cu11,Cu,1.0,1.104636,True,1.104636
DB0-m2_o23_o28_f0_nbo.sym.4,435,Cu12,Cu,1.0,1.104719,True,1.104719
DB0-m2_o23_o28_f0_nbo.sym.4,436,O57,O,1.0,-0.637029,False,-0.637029
DB0-m2_o23_o28_f0_nbo.sym.4,437,O58,O,1.0,-0.637036,False,-0.637036
DB0-m2_o23_o28_f0_nbo.sym.4,438,O59,O,1.0,-0.637026,False,-0.637026
DB0-m2_o23_o28_f0_nbo.sym.4,439,O60,O,1.0,-0.63704,False,-0.63704
DB0-m2_o23_o28_f0_nbo.sym.4,440,O61,O,1.0,-0.658132,False,-0.658132
DB0-m2_o23_o28_f0_nbo.sym.4,441,O62,O,1.0,-0.658125,False,-0.658125
DB0-m2_o23_o28_f0_nbo.sym.4,442,O63,O,1.0,-0.658138,False,-0.658138
DB0-m2_o23_o28_f0_nbo.sym.4,443,O64,O,1.0,-0.658128,False,-0.658128
DB0-m2_o23_o28_f0_nbo.sym.4,444,C221,C,1.0,0.838702,False,0.838702
DB0-m2_o23_o28_f0_nbo.sym.4,445,C222,C,1.0,0.838726,False,0.838726
DB0-m2_o23_o28_f0_nbo.sym.4,446,C223,C,1.0,0.83866,False,0.83866
DB0-m2_o23_o28_f0_nbo.sym.4,447,C224,C,1.0,0.838696,False,0.838696
DB0-m2_o23_o28_f0_nbo.sym.4,448,C225,C,1.0,-0.391047,False,-0.391047
DB0-m2_o23_o28_f0_nbo.sym.4,449,H141,H,1.0,0.085871,False,0.085871
DB0-m2_o23_o28_f0_nbo.sym.4,450,H142,H,1.0,0.086315,False,0.086315
DB0-m2_o23_o28_f0_nbo.sym.4,451,H143,H,1.0,0.095636,False,0.095636
DB0-m2_o23_o28_f0_nbo.sym.4,452,C226,C,1.0,-0.391379,False,-0.391379
DB0-m2_o23_o28_f0_nbo.sym.4,453,H144,H,1.0,0.085977,False,0.085977
DB0-m2_o23_o28_f0_nbo.sym.4,454,H145,H,1.0,0.086392,False,0.086392
DB0-m2_o23_o28_f0_nbo.sym.4,455,H146,H,1.0,0.095716,False,0.095716
DB0-m2_o23_o28_f0_nbo.sym.4,456,C227,C,1.0,-0.390968,False,-0.390968
DB0-m2_o23_o28_f0_nbo.sym.4,457,H147,H,1.0,0.085854,False,0.085854
DB0-m2_o23_o28_f0_nbo.sym.4,458,H148,H,1.0,0.086307,False,0.086307
DB0-m2_o23_o28_f0_nbo.sym.4,459,H149,H,1.0,0.09561,False,0.09561
DB0-m2_o23_o28_f0_nbo.sym.4,460,C228,C,1.0,-0.391347,False,-0.391347
DB0-m2_o23_o28_f0_nbo.sym.4,461,H150,H,1.0,0.08597,False,0.08597
DB0-m2_o23_o28_f0_nbo.sym.4,462,H151,H,1.0,0.086387,False,0.086387
DB0-m2_o23_o28_f0_nbo.sym.4,463,H152,H,1.0,0.09571,False,0.09571
DB0-m2_o6_o27_f0_nbo.sym.30,0,O1,O,1.0,-0.56579,False,-0.56579
DB0-m2_o6_o27_f0_nbo.sym.30,1,O2,O,1.0,-0.565803,False,-0.565803
DB0-m2_o6_o27_f0_nbo.sym.30,2,O3,O,1.0,-0.565778,False,-0.565778
DB0-m2_o6_o27_f0_nbo.sym.30,3,O4,O,1.0,-0.565777,False,-0.565777
DB0-m2_o6_o27_f0_nbo.sym.30,4,O5,O,1.0,-0.565788,False,-0.565788
DB0-m2_o6_o27_f0_nbo.sym.30,5,O6,O,1.0,-0.565787,False,-0.565787
DB0-m2_o6_o27_f0_nbo.sym.30,6,O7,O,1.0,-0.565787,False,-0.565787
DB0-m2_o6_o27_f0_nbo.sym.30,7,O8,O,1.0,-0.565806,False,-0.565806
DB0-m2_o6_o27_f0_nbo.sym.30,8,O9,O,1.0,-0.565818,False,-0.565818
DB0-m2_o6_o27_f0_nbo.sym.30,9,O10,O,1.0,-0.565798,False,-0.565798
DB0-m2_o6_o27_f0_nbo.sym.30,10,O11,O,1.0,-0.565772,False,-0.565772
DB0-m2_o6_o27_f0_nbo.sym.30,11,O12,O,1.0,-0.565781,False,-0.565781
DB0-m2_o6_o27_f0_nbo.sym.30,12,O13,O,1.0,-0.565799,False,-0.565799
DB0-m2_o6_o27_f0_nbo.sym.30,13,O14,O,1.0,-0.565803,False,-0.565803
DB0-m2_o6_o27_f0_nbo.sym.30,14,O15,O,1.0,-0.565801,False,-0.565801
DB0-m2_o6_o27_f0_nbo.sym.30,15,O16,O,1.0,-0.565786,False,-0.565786
DB0-m2_o6_o27_f0_nbo.sym.30,16,C1,C,1.0,0.729286,False,0.729286
DB0-m2_o6_o27_f0_nbo.sym.30,17,C2,C,1.0,0.729288,False,0.729288
DB0-m2_o6_o27_f0_nbo.sym.30,18,C3,C,1.0,0.729232,False,0.729232
DB0-m2_o6_o27_f0_nbo.sym.30,19,C4,C,1.0,0.729258,False,0.729258
DB0-m2_o6_o27_f0_nbo.sym.30,20,C5,C,1.0,0.729446,False,0.729446
DB0-m2_o6_o27_f0_nbo.sym.30,21,C6,C,1.0,0.72927,False,0.72927
DB0-m2_o6_o27_f0_nbo.sym.30,22,C7,C,1.0,0.729303,False,0.729303
DB0-m2_o6_o27_f0_nbo.sym.30,23,C8,C,1.0,0.729257,False,0.729257
DB0-m2_o6_o27_f0_nbo.sym.30,24,O17,O,1.0,-0.675449,False,-0.675449
DB0-m2_o6_o27_f0_nbo.sym.30,25,O18,O,1.0,-0.675456,False,-0.675456
DB0-m2_o6_o27_f0_nbo.sym.30,26,O19,O,1.0,-0.675463,False,-0.675463
DB0-m2_o6_o27_f0_nbo.sym.30,27,O20,O,1.0,-0.675455,False,-0.675455
DB0-m2_o6_o27_f0_nbo.sym.30,28,O21,O,1.0,-0.675444,False,-0.675444
DB0-m2_o6_o27_f0_nbo.sym.30,29,O22,O,1.0,-0.67545,False,-0.67545
DB0-m2_o6_o27_f0_nbo.sym.30,30,O23,O,1.0,-0.675458,False,-0.675458
DB0-m2_o6_o27_f0_nbo.sym.30,31,O24,O,1.0,-0.675458,False,-0.675458
DB0-m2_o6_o27_f0_nbo.sym.30,32,O25,O,1.0,-0.675451,False,-0.675451
DB0-m2_o6_o27_f0_nbo.sym.30,33,O26,O,1.0,-0.675438,False,-0.675438
DB0-m2_o6_o27_f0_nbo.sym.30,34,O27,O,1.0,-0.675437,False,-0.675437
DB0-m2_o6_o27_f0_nbo.sym.30,35,O28,O,1.0,-0.675453,False,-0.675453
DB0-m2_o6_o27_f0_nbo.sym.30,36,O29,O,1.0,-0.675458,False,-0.675458
DB0-m2_o6_o27_f0_nbo.sym.30,37,O30,O,1.0,-0.675453,False,-0.675453
DB0-m2_o6_o27_f0_nbo.sym.30,38,O31,O,1.0,-0.67546,False,-0.67546
DB0-m2_o6_o27_f0_nbo.sym.30,39,O32,O,1.0,-0.675459,False,-0.675459
DB0-m2_o6_o27_f0_nbo.sym.30,40,C9,C,1.0,1.035248,False,1.035248
DB0-m2_o6_o27_f0_nbo.sym.30,41,C10,C,1.0,1.035246,False,1.035246
DB0-m2_o6_o27_f0_nbo.sym.30,42,C11,C,1.0,1.035275,False,1.035275
DB0-m2_o6_o27_f0_nbo.sym.30,43,C12,C,1.0,1.035301,False,1.035301
DB0-m2_o6_o27_f0_nbo.sym.30,44,C13,C,1.0,1.035261,False,1.035261
DB0-m2_o6_o27_f0_nbo.sym.30,45,C14,C,1.0,1.035283,False,1.035283
DB0-m2_o6_o27_f0_nbo.sym.30,46,C15,C,1.0,1.035265,False,1.035265
DB0-m2_o6_o27_f0_nbo.sym.30,47,C16,C,1.0,1.035302,False,1.035302
DB0-m2_o6_o27_f0_nbo.sym.30,48,Cu1,Cu,1.0,0.985607,True,0.985607
DB0-m2_o6_o27_f0_nbo.sym.30,49,Cu2,Cu,1.0,0.985608,True,0.985608
DB0-m2_o6_o27_f0_nbo.sym.30,50,Cu3,Cu,1.0,0.985603,True,0.985603
DB0-m2_o6_o27_f0_nbo.sym.30,51,Cu4,Cu,1.0,0.985606,True,0.985606
DB0-m2_o6_o27_f0_nbo.sym.30,52,Cu5,Cu,1.0,0.985595,True,0.985595
DB0-m2_o6_o27_f0_nbo.sym.30,53,Cu6,Cu,1.0,0.985613,True,0.985613
DB0-m2_o6_o27_f0_nbo.sym.30,54,Cu7,Cu,1.0,0.985593,True,0.985593
DB0-m2_o6_o27_f0_nbo.sym.30,55,Cu8,Cu,1.0,0.985599,True,0.985599
DB0-m2_o6_o27_f0_nbo.sym.30,56,C17,C,1.0,0.519056,False,0.519056
DB0-m2_o6_o27_f0_nbo.sym.30,57,C18,C,1.0,0.51912,False,0.51912
DB0-m2_o6_o27_f0_nbo.sym.30,58,C19,C,1.0,0.519088,False,0.519088
DB0-m2_o6_o27_f0_nbo.sym.30,59,C20,C,1.0,0.519015,False,0.519015
DB0-m2_o6_o27_f0_nbo.sym.30,60,C21,C,1.0,0.519024,False,0.519024
DB0-m2_o6_o27_f0_nbo.sym.30,61,C22,C,1.0,0.519149,False,0.519149
DB0-m2_o6_o27_f0_nbo.sym.30,62,C23,C,1.0,0.519132,False,0.519132
DB0-m2_o6_o27_f0_nbo.sym.30,63,C24,C,1.0,0.519095,False,0.519095
DB0-m2_o6_o27_f0_nbo.sym.30,64,C25,C,1.0,0.519099,False,0.519099
DB0-m2_o6_o27_f0_nbo.sym.30,65,C26,C,1.0,0.519114,False,0.519114
DB0-m2_o6_o27_f0_nbo.sym.30,66,C27,C,1.0,0.519128,False,0.519128
DB0-m2_o6_o27_f0_nbo.sym.30,67,C28,C,1.0,0.51904,False,0.51904
DB0-m2_o6_o27_f0_nbo.sym.30,68,C29,C,1.0,0.51903,False,0.51903
DB0-m2_o6_o27_f0_nbo.sym.30,69,C30,C,1.0,0.519139,False,0.519139
DB0-m2_o6_o27_f0_nbo.sym.30,70,C31,C,1.0,0.519154,False,0.519154
DB0-m2_o6_o27_f0_nbo.sym.30,71,C32,C,1.0,0.519053,False,0.519053
DB0-m2_o6_o27_f0_nbo.sym.30,72,C33,C,1.0,-0.22296,False,-0.22296
DB0-m2_o6_o27_f0_nbo.sym.30,73,C34,C,1.0,-0.223004,False,-0.223004
DB0-m2_o6_o27_f0_nbo.sym.30,74,C35,C,1.0,-0.222955,False,-0.222955
DB0-m2_o6_o27_f0_nbo.sym.30,75,C36,C,1.0,-0.222904,False,-0.222904
DB0-m2_o6_o27_f0_nbo.sym.30,76,C37,C,1.0,-0.222952,False,-0.222952
DB0-m2_o6_o27_f0_nbo.sym.30,77,C38,C,1.0,-0.22302,False,-0.22302
DB0-m2_o6_o27_f0_nbo.sym.30,78,C39,C,1.0,-0.222985,False,-0.222985
DB0-m2_o6_o27_f0_nbo.sym.30,79,C40,C,1.0,-0.223004,False,-0.223004
DB0-m2_o6_o27_f0_nbo.sym.30,80,C41,C,1.0,-0.222899,False,-0.222899
DB0-m2_o6_o27_f0_nbo.sym.30,81,C42,C,1.0,-0.222921,False,-0.222921
DB0-m2_o6_o27_f0_nbo.sym.30,82,C43,C,1.0,-0.222946,False,-0.222946
DB0-m2_o6_o27_f0_nbo.sym.30,83,C44,C,1.0,-0.222828,False,-0.222828
DB0-m2_o6_o27_f0_nbo.sym.30,84,C45,C,1.0,-0.222944,False,-0.222944
DB0-m2_o6_o27_f0_nbo.sym.30,85,C46,C,1.0,-0.222981,False,-0.222981
DB0-m2_o6_o27_f0_nbo.sym.30,86,C47,C,1.0,-0.223029,False,-0.223029
DB0-m2_o6_o27_f0_nbo.sym.30,87,C48,C,1.0,-0.222944,False,-0.222944
DB0-m2_o6_o27_f0_nbo.sym.30,88,H1,H,1.0,0.075135,False,0.075135
DB0-m2_o6_o27_f0_nbo.sym.30,89,H2,H,1.0,0.075083,False,0.075083
DB0-m2_o6_o27_f0_nbo.sym.30,90,H3,H,1.0,0.075065,False,0.075065
DB0-m2_o6_o27_f0_nbo.sym.30,91,H4,H,1.0,0.075114,False,0.075114
DB0-m2_o6_o27_f0_nbo.sym.30,92,H5,H,1.0,0.075137,False,0.075137
DB0-m2_o6_o27_f0_nbo.sym.30,93,H6,H,1.0,0.075077,False,0.075077
DB0-m2_o6_o27_f0_nbo.sym.30,94,H7,H,1.0,0.07507,False,0.07507
DB0-m2_o6_o27_f0_nbo.sym.30,95,H8,H,1.0,0.075146,False,0.075146
DB0-m2_o6_o27_f0_nbo.sym.30,96,H9,H,1.0,0.075051,False,0.075051
DB0-m2_o6_o27_f0_nbo.sym.30,97,H10,H,1.0,0.07507,False,0.07507
DB0-m2_o6_o27_f0_nbo.sym.30,98,H11,H,1.0,0.075061,False,0.075061
DB0-m2_o6_o27_f0_nbo.sym.30,99,H12,H,1.0,0.075037,False,0.075037
DB0-m2_o6_o27_f0_nbo.sym.30,100,H13,H,1.0,0.075126,False,0.075126
DB0-m2_o6_o27_f0_nbo.sym.30,101,H14,H,1.0,0.075083,False,0.075083
DB0-m2_o6_o27_f0_nbo.sym.30,102,H15,H,1.0,0.075091,False,0.075091
DB0-m2_o6_o27_f0_nbo.sym.30,103,H16,H,1.0,0.075132,False,0.075132
DB0-m2_o6_o27_f0_nbo.sym.30,104,C49,C,1.0,-0.384457,False,-0.384457
DB0-m2_o6_o27_f0_nbo.sym.30,105,C50,C,1.0,-0.384463,False,-0.384463
DB0-m2_o6_o27_f0_nbo.sym.30,106,C51,C,1.0,-0.384432,False,-0.384432
DB0-m2_o6_o27_f0_nbo.sym.30,107,C52,C,1.0,-0.384396,False,-0.384396
DB0-m2_o6_o27_f0_nbo.sym.30,108,C53,C,1.0,-0.384523,False,-0.384523
DB0-m2_o6_o27_f0_nbo.sym.30,109,C54,C,1.0,-0.384582,False,-0.384582
DB0-m2_o6_o27_f0_nbo.sym.30,110,C55,C,1.0,-0.384453,False,-0.384453
DB0-m2_o6_o27_f0_nbo.sym.30,111,C56,C,1.0,-0.38449,False,-0.38449
DB0-m2_o6_o27_f0_nbo.sym.30,112,C57,C,1.0,-0.512516,False,-0.512516
DB0-m2_o6_o27_f0_nbo.sym.30,113,C58,C,1.0,-0.512511,False,-0.512511
DB0-m2_o6_o27_f0_nbo.sym.30,114,C59,C,1.0,-0.512541,False,-0.512541
DB0-m2_o6_o27_f0_nbo.sym.30,115,C60,C,1.0,-0.512589,False,-0.512589
DB0-m2_o6_o27_f0_nbo.sym.30,116,C61,C,1.0,-0.51258,False,-0.51258
DB0-m2_o6_o27_f0_nbo.sym.30,117,C62,C,1.0,-0.512558,False,-0.512558
DB0-m2_o6_o27_f0_nbo.sym.30,118,C63,C,1.0,-0.512534,False,-0.512534
DB0-m2_o6_o27_f0_nbo.sym.30,119,C64,C,1.0,-0.512567,False,-0.512567
DB0-m2_o6_o27_f0_nbo.sym.30,120,N1,N,1.0,-0.36833,False,-0.36833
DB0-m2_o6_o27_f0_nbo.sym.30,121,N2,N,1.0,-0.36859,False,-0.36859
DB0-m2_o6_o27_f0_nbo.sym.30,122,N3,N,1.0,-0.368569,False,-0.368569
DB0-m2_o6_o27_f0_nbo.sym.30,123,N4,N,1.0,-0.368318,False,-0.368318
DB0-m2_o6_o27_f0_nbo.sym.30,124,N5,N,1.0,-0.368443,False,-0.368443
DB0-m2_o6_o27_f0_nbo.sym.30,125,N6,N,1.0,-0.36863,False,-0.36863
DB0-m2_o6_o27_f0_nbo.sym.30,126,N7,N,1.0,-0.368612,False,-0.368612
DB0-m2_o6_o27_f0_nbo.sym.30,127,N8,N,1.0,-0.368443,False,-0.368443
DB0-m2_o6_o27_f0_nbo.sym.30,128,N9,N,1.0,-0.368279,False,-0.368279
DB0-m2_o6_o27_f0_nbo.sym.30,129,N10,N,1.0,-0.368376,False,-0.368376
DB0-m2_o6_o27_f0_nbo.sym.30,130,N11,N,1.0,-0.368363,False,-0.368363
DB0-m2_o6_o27_f0_nbo.sym.30,131,N12,N,1.0,-0.368278,False,-0.368278
DB0-m2_o6_o27_f0_nbo.sym.30,132,N13,N,1.0,-0.368346,False,-0.368346
DB0-m2_o6_o27_f0_nbo.sym.30,133,N14,N,1.0,-0.368591,False,-0.368591
DB0-m2_o6_o27_f0_nbo.sym.30,134,N15,N,1.0,-0.368593,False,-0.368593
DB0-m2_o6_o27_f0_nbo.sym.30,135,N16,N,1.0,-0.368343,False,-0.368343
DB0-m2_o6_o27_f0_nbo.sym.30,136,C65,C,1.0,0.999757,False,0.999757
DB0-m2_o6_o27_f0_nbo.sym.30,137,C66,C,1.0,0.999752,False,0.999752
DB0-m2_o6_o27_f0_nbo.sym.30,138,C67,C,1.0,0.999645,False,0.999645
DB0-m2_o6_o27_f0_nbo.sym.30,139,C68,C,1.0,0.999625,False,0.999625
DB0-m2_o6_o27_f0_nbo.sym.30,140,C69,C,1.0,0.999742,False,0.999742
DB0-m2_o6_o27_f0_nbo.sym.30,141,C70,C,1.0,0.999738,False,0.999738
DB0-m2_o6_o27_f0_nbo.sym.30,142,C71,C,1.0,0.999719,False,0.999719
DB0-m2_o6_o27_f0_nbo.sym.30,143,C72,C,1.0,0.999712,False,0.999712
DB0-m2_o6_o27_f0_nbo.sym.30,144,H17,H,1.0,0.145603,False,0.145603
DB0-m2_o6_o27_f0_nbo.sym.30,145,H18,H,1.0,0.145595,False,0.145595
DB0-m2_o6_o27_f0_nbo.sym.30,146,H19,H,1.0,0.14559,False,0.14559
DB0-m2_o6_o27_f0_nbo.sym.30,147,H20,H,1.0,0.145598,False,0.145598
DB0-m2_o6_o27_f0_nbo.sym.30,148,H21,H,1.0,0.145599,False,0.145599
DB0-m2_o6_o27_f0_nbo.sym.30,149,H22,H,1.0,0.145591,False,0.145591
DB0-m2_o6_o27_f0_nbo.sym.30,150,H23,H,1.0,0.145586,False,0.145586
DB0-m2_o6_o27_f0_nbo.sym.30,151,H24,H,1.0,0.145591,False,0.145591
DB0-m2_o6_o27_f0_nbo.sym.30,152,H25,H,1.0,0.145501,False,0.145501
DB0-m2_o6_o27_f0_nbo.sym.30,153,H26,H,1.0,0.145591,False,0.145591
DB0-m2_o6_o27_f0_nbo.sym.30,154,H27,H,1.0,0.145542,False,0.145542
DB0-m2_o6_o27_f0_nbo.sym.30,155,H28,H,1.0,0.145535,False,0.145535
DB0-m2_o6_o27_f0_nbo.sym.30,156,H29,H,1.0,0.145664,False,0.145664
DB0-m2_o6_o27_f0_nbo.sym.30,157,H30,H,1.0,0.14558,False,0.14558
DB0-m2_o6_o27_f0_nbo.sym.30,158,H31,H,1.0,0.145582,False,0.145582
DB0-m2_o6_o27_f0_nbo.sym.30,159,H32,H,1.0,0.145548,False,0.145548
DB0-m2_o6_o27_f0_nbo.sym.30,160,C73,C,1.0,-0.17182,False,-0.17182
DB0-m2_o6_o27_f0_nbo.sym.30,161,C74,C,1.0,-0.171835,False,-0.171835
DB0-m2_o6_o27_f0_nbo.sym.30,162,C75,C,1.0,-0.171876,False,-0.171876
DB0-m2_o6_o27_f0_nbo.sym.30,163,C76,C,1.0,-0.171816,False,-0.171816
DB0-m2_o6_o27_f0_nbo.sym.30,164,C77,C,1.0,-0.171824,False,-0.171824
DB0-m2_o6_o27_f0_nbo.sym.30,165,C78,C,1.0,-0.171813,False,-0.171813
DB0-m2_o6_o27_f0_nbo.sym.30,166,C79,C,1.0,-0.171881,False,-0.171881
DB0-m2_o6_o27_f0_nbo.sym.30,167,C80,C,1.0,-0.171837,False,-0.171837
DB0-m2_o6_o27_f0_nbo.sym.30,168,C81,C,1.0,-0.172067,False,-0.172067
DB0-m2_o6_o27_f0_nbo.sym.30,169,C82,C,1.0,-0.171843,False,-0.171843
DB0-m2_o6_o27_f0_nbo.sym.30,170,C83,C,1.0,-0.171961,False,-0.171961
DB0-m2_o6_o27_f0_nbo.sym.30,171,C84,C,1.0,-0.171945,False,-0.171945
DB0-m2_o6_o27_f0_nbo.sym.30,172,C85,C,1.0,-0.171715,False,-0.171715
DB0-m2_o6_o27_f0_nbo.sym.30,173,C86,C,1.0,-0.171884,False,-0.171884
DB0-m2_o6_o27_f0_nbo.sym.30,174,C87,C,1.0,-0.171908,False,-0.171908
DB0-m2_o6_o27_f0_nbo.sym.30,175,C88,C,1.0,-0.171926,False,-0.171926
DB0-m2_o6_o27_f0_nbo.sym.30,176,H33,H,1.0,0.147337,False,0.147337
DB0-m2_o6_o27_f0_nbo.sym.30,177,H34,H,1.0,0.14734,False,0.14734
DB0-m2_o6_o27_f0_nbo.sym.30,178,H35,H,1.0,0.147347,False,0.147347
DB0-m2_o6_o27_f0_nbo.sym.30,179,H36,H,1.0,0.147336,False,0.147336
DB0-m2_o6_o27_f0_nbo.sym.30,180,H37,H,1.0,0.147341,False,0.147341
DB0-m2_o6_o27_f0_nbo.sym.30,181,H38,H,1.0,0.147337,False,0.147337
DB0-m2_o6_o27_f0_nbo.sym.30,182,H39,H,1.0,0.147343,False,0.147343
DB0-m2_o6_o27_f0_nbo.sym.30,183,H40,H,1.0,0.147336,False,0.147336
DB0-m2_o6_o27_f0_nbo.sym.30,184,H41,H,1.0,0.147409,False,0.147409
DB0-m2_o6_o27_f0_nbo.sym.30,185,H42,H,1.0,0.147325,False,0.147325
DB0-m2_o6_o27_f0_nbo.sym.30,186,H43,H,1.0,0.14735,False,0.14735
DB0-m2_o6_o27_f0_nbo.sym.30,187,H44,H,1.0,0.147353,False,0.147353
DB0-m2_o6_o27_f0_nbo.sym.30,188,H45,H,1.0,0.147317,False,0.147317
DB0-m2_o6_o27_f0_nbo.sym.30,189,H46,H,1.0,0.147334,False,0.147334
DB0-m2_o6_o27_f0_nbo.sym.30,190,H47,H,1.0,0.147337,False,0.147337
DB0-m2_o6_o27_f0_nbo.sym.30,191,H48,H,1.0,0.147349,False,0.147349
DB0-m2_o6_o27_f0_nbo.sym.30,192,C89,C,1.0,0.235294,False,0.235294
DB0-m2_o6_o27_f0_nbo.sym.30,193,C90,C,1.0,0.235317,False,0.235317
DB0-m2_o6_o27_f0_nbo.sym.30,194,C91,C,1.0,0.235369,False,0.235369
DB0-m2_o6_o27_f0_nbo.sym.30,195,C92,C,1.0,0.235279,False,0.235279
DB0-m2_o6_o27_f0_nbo.sym.30,196,C93,C,1.0,0.235345,False,0.235345
DB0-m2_o6_o27_f0_nbo.sym.30,197,C94,C,1.0,0.235347,False,0.235347
DB0-m2_o6_o27_f0_nbo.sym.30,198,C95,C,1.0,0.235415,False,0.235415
DB0-m2_o6_o27_f0_nbo.sym.30,199,C96,C,1.0,0.23539,False,0.23539
DB0-m2_o6_o27_f0_nbo.sym.30,200,C97,C,1.0,-0.18477,False,-0.18477
DB0-m2_o6_o27_f0_nbo.sym.30,201,C98,C,1.0,-0.184758,False,-0.184758
DB0-m2_o6_o27_f0_nbo.sym.30,202,C99,C,1.0,-0.184726,False,-0.184726
DB0-m2_o6_o27_f0_nbo.sym.30,203,C100,C,1.0,-0.184769,False,-0.184769
DB0-m2_o6_o27_f0_nbo.sym.30,204,C101,C,1.0,-0.184769,False,-0.184769
DB0-m2_o6_o27_f0_nbo.sym.30,205,C102,C,1.0,-0.184771,False,-0.184771
DB0-m2_o6_o27_f0_nbo.sym.30,206,C103,C,1.0,-0.184731,False,-0.184731
DB0-m2_o6_o27_f0_nbo.sym.30,207,C104,C,1.0,-0.184761,False,-0.184761
DB0-m2_o6_o27_f0_nbo.sym.30,208,C105,C,1.0,-0.18501,False,-0.18501
DB0-m2_o6_o27_f0_nbo.sym.30,209,C106,C,1.0,-0.18456,False,-0.18456
DB0-m2_o6_o27_f0_nbo.sym.30,210,C107,C,1.0,-0.184624,False,-0.184624
DB0-m2_o6_o27_f0_nbo.sym.30,211,C108,C,1.0,-0.184633,False,-0.184633
DB0-m2_o6_o27_f0_nbo.sym.30,212,C109,C,1.0,-0.184524,False,-0.184524
DB0-m2_o6_o27_f0_nbo.sym.30,213,C110,C,1.0,-0.184523,False,-0.184523
DB0-m2_o6_o27_f0_nbo.sym.30,214,C111,C,1.0,-0.184527,False,-0.184527
DB0-m2_o6_o27_f0_nbo.sym.30,215,C112,C,1.0,-0.184674,False,-0.184674
DB0-m2_o6_o27_f0_nbo.sym.30,216,C113,C,1.0,0.256792,False,0.256792
DB0-m2_o6_o27_f0_nbo.sym.30,217,C114,C,1.0,0.256785,False,0.256785
DB0-m2_o6_o27_f0_nbo.sym.30,218,C115,C,1.0,0.256764,False,0.256764
DB0-m2_o6_o27_f0_nbo.sym.30,219,C116,C,1.0,0.256789,False,0.256789
DB0-m2_o6_o27_f0_nbo.sym.30,220,C117,C,1.0,0.256808,False,0.256808
DB0-m2_o6_o27_f0_nbo.sym.30,221,C118,C,1.0,0.256544,False,0.256544
DB0-m2_o6_o27_f0_nbo.sym.30,222,C119,C,1.0,0.256497,False,0.256497
DB0-m2_o6_o27_f0_nbo.sym.30,223,C120,C,1.0,0.256493,False,0.256493
DB0-m2_o6_o27_f0_nbo.sym.30,224,C121,C,1.0,-0.05952,False,-0.05952
DB0-m2_o6_o27_f0_nbo.sym.30,225,C122,C,1.0,-0.059515,False,-0.059515
DB0-m2_o6_o27_f0_nbo.sym.30,226,C123,C,1.0,-0.059511,False,-0.059511
DB0-m2_o6_o27_f0_nbo.sym.30,227,C124,C,1.0,-0.059477,False,-0.059477
DB0-m2_o6_o27_f0_nbo.sym.30,228,C125,C,1.0,-0.059471,False,-0.059471
DB0-m2_o6_o27_f0_nbo.sym.30,229,C126,C,1.0,-0.059512,False,-0.059512
DB0-m2_o6_o27_f0_nbo.sym.30,230,C127,C,1.0,-0.059559,False,-0.059559
DB0-m2_o6_o27_f0_nbo.sym.30,231,C128,C,1.0,-0.05954,False,-0.05954
DB0-m2_o6_o27_f0_nbo.sym.30,232,C129,C,1.0,-0.092039,False,-0.092039
DB0-m2_o6_o27_f0_nbo.sym.30,233,C130,C,1.0,-0.092045,False,-0.092045
DB0-m2_o6_o27_f0_nbo.sym.30,234,C131,C,1.0,-0.09207,False,-0.09207
DB0-m2_o6_o27_f0_nbo.sym.30,235,C132,C,1.0,-0.092053,False,-0.092053
DB0-m2_o6_o27_f0_nbo.sym.30,236,C133,C,1.0,-0.091836,False,-0.091836
DB0-m2_o6_o27_f0_nbo.sym.30,237,C134,C,1.0,-0.091922,False,-0.091922
DB0-m2_o6_o27_f0_nbo.sym.30,238,C135,C,1.0,-0.0919,False,-0.0919
DB0-m2_o6_o27_f0_nbo.sym.30,239,C136,C,1.0,-0.091909,False,-0.091909
DB0-m2_o6_o27_f0_nbo.sym.30,240,C137,C,1.0,-0.19011,False,-0.19011
DB0-m2_o6_o27_f0_nbo.sym.30,241,C138,C,1.0,-0.190095,False,-0.190095
DB0-m2_o6_o27_f0_nbo.sym.30,242,C139,C,1.0,-0.190047,False,-0.190047
DB0-m2_o6_o27_f0_nbo.sym.30,243,C140,C,1.0,-0.190074,False,-0.190074
DB0-m2_o6_o27_f0_nbo.sym.30,244,C141,C,1.0,-0.190365,False,-0.190365
DB0-m2_o6_o27_f0_nbo.sym.30,245,C142,C,1.0,-0.190133,False,-0.190133
DB0-m2_o6_o27_f0_nbo.sym.30,246,C143,C,1.0,-0.190164,False,-0.190164
DB0-m2_o6_o27_f0_nbo.sym.30,247,C144,C,1.0,-0.190125,False,-0.190125
DB0-m2_o6_o27_f0_nbo.sym.30,248,C145,C,1.0,-0.251796,False,-0.251796
DB0-m2_o6_o27_f0_nbo.sym.30,249,C146,C,1.0,-0.251812,False,-0.251812
DB0-m2_o6_o27_f0_nbo.sym.30,250,C147,C,1.0,-0.251847,False,-0.251847
DB0-m2_o6_o27_f0_nbo.sym.30,251,C148,C,1.0,-0.251851,False,-0.251851
DB0-m2_o6_o27_f0_nbo.sym.30,252,C149,C,1.0,-0.251878,False,-0.251878
DB0-m2_o6_o27_f0_nbo.sym.30,253,C150,C,1.0,-0.25181,False,-0.25181
DB0-m2_o6_o27_f0_nbo.sym.30,254,C151,C,1.0,-0.251767,False,-0.251767
DB0-m2_o6_o27_f0_nbo.sym.30,255,C152,C,1.0,-0.251787,False,-0.251787
DB0-m2_o6_o27_f0_nbo.sym.30,256,O33,O,1.0,-0.628684,False,-0.628684
DB0-m2_o6_o27_f0_nbo.sym.30,257,O34,O,1.0,-0.628688,False,-0.628688
DB0-m2_o6_o27_f0_nbo.sym.30,258,O35,O,1.0,-0.628687,False,-0.628687
DB0-m2_o6_o27_f0_nbo.sym.30,259,O36,O,1.0,-0.628684,False,-0.628684
DB0-m2_o6_o27_f0_nbo.sym.30,260,O37,O,1.0,-0.628686,False,-0.628686
DB0-m2_o6_o27_f0_nbo.sym.30,261,O38,O,1.0,-0.628693,False,-0.628693
DB0-m2_o6_o27_f0_nbo.sym.30,262,O39,O,1.0,-0.62869,False,-0.62869
DB0-m2_o6_o27_f0_nbo.sym.30,263,O40,O,1.0,-0.628678,False,-0.628678
DB0-m2_o6_o27_f0_nbo.sym.30,264,O41,O,1.0,-0.62867,False,-0.62867
DB0-m2_o6_o27_f0_nbo.sym.30,265,O42,O,1.0,-0.628673,False,-0.628673
DB0-m2_o6_o27_f0_nbo.sym.30,266,O43,O,1.0,-0.628668,False,-0.628668
DB0-m2_o6_o27_f0_nbo.sym.30,267,O44,O,1.0,-0.628676,False,-0.628676
DB0-m2_o6_o27_f0_nbo.sym.30,268,O45,O,1.0,-0.62864,False,-0.62864
DB0-m2_o6_o27_f0_nbo.sym.30,269,O46,O,1.0,-0.628638,False,-0.628638
DB0-m2_o6_o27_f0_nbo.sym.30,270,O47,O,1.0,-0.628636,False,-0.628636
DB0-m2_o6_o27_f0_nbo.sym.30,271,O48,O,1.0,-0.628623,False,-0.628623
DB0-m2_o6_o27_f0_nbo.sym.30,272,C153,C,1.0,0.86707,False,0.86707
DB0-m2_o6_o27_f0_nbo.sym.30,273,C154,C,1.0,0.867102,False,0.867102
DB0-m2_o6_o27_f0_nbo.sym.30,274,C155,C,1.0,0.867095,False,0.867095
DB0-m2_o6_o27_f0_nbo.sym.30,275,C156,C,1.0,0.867054,False,0.867054
DB0-m2_o6_o27_f0_nbo.sym.30,276,C157,C,1.0,0.867035,False,0.867035
DB0-m2_o6_o27_f0_nbo.sym.30,277,C158,C,1.0,0.867018,False,0.867018
DB0-m2_o6_o27_f0_nbo.sym.30,278,C159,C,1.0,0.867019,False,0.867019
DB0-m2_o6_o27_f0_nbo.sym.30,279,C160,C,1.0,0.867084,False,0.867084
DB0-m2_o6_o27_f0_nbo.sym.30,280,Cu9,Cu,1.0,1.008589,True,1.008589
DB0-m2_o6_o27_f0_nbo.sym.30,281,Cu10,Cu,1.0,1.008581,True,1.008581
DB0-m2_o6_o27_f0_nbo.sym.30,282,Cu11,Cu,1.0,1.008479,True,1.008479
DB0-m2_o6_o27_f0_nbo.sym.30,283,Cu12,Cu,1.0,1.008599,True,1.008599
DB0-m2_o6_o27_f0_nbo.sym.30,284,N17,N,1.0,-0.719075,False,-0.719075
DB0-m2_o6_o27_f0_nbo.sym.30,285,H49,H,1.0,0.2637,False,0.2637
DB0-m2_o6_o27_f0_nbo.sym.30,286,H50,H,1.0,0.324764,False,0.324764
DB0-m2_o6_o27_f0_nbo.sym.30,287,N18,N,1.0,-0.719098,False,-0.719098
DB0-m2_o6_o27_f0_nbo.sym.30,288,H51,H,1.0,0.263684,False,0.263684
DB0-m2_o6_o27_f0_nbo.sym.30,289,H52,H,1.0,0.324791,False,0.324791
DB0-m2_o6_o27_f0_nbo.sym.30,290,N19,N,1.0,-0.719107,False,-0.719107
DB0-m2_o6_o27_f0_nbo.sym.30,291,H53,H,1.0,0.263687,False,0.263687
DB0-m2_o6_o27_f0_nbo.sym.30,292,H54,H,1.0,0.324803,False,0.324803
DB0-m2_o6_o27_f0_nbo.sym.30,293,N20,N,1.0,-0.719075,False,-0.719075
DB0-m2_o6_o27_f0_nbo.sym.30,294,H55,H,1.0,0.263699,False,0.263699
DB0-m2_o6_o27_f0_nbo.sym.30,295,H56,H,1.0,0.324773,False,0.324773
DB0-m2_o6_o27_f0_nbo.sym.30,296,N21,N,1.0,-0.719065,False,-0.719065
DB0-m2_o6_o27_f0_nbo.sym.30,297,H57,H,1.0,0.263696,False,0.263696
DB0-m2_o6_o27_f0_nbo.sym.30,298,H58,H,1.0,0.324767,False,0.324767
DB0-m2_o6_o27_f0_nbo.sym.30,299,N22,N,1.0,-0.71911,False,-0.71911
DB0-m2_o6_o27_f0_nbo.sym.30,300,H59,H,1.0,0.263687,False,0.263687
DB0-m2_o6_o27_f0_nbo.sym.30,301,H60,H,1.0,0.324798,False,0.324798
DB0-m2_o6_o27_f0_nbo.sym.30,302,N23,N,1.0,-0.719118,False,-0.719118
DB0-m2_o6_o27_f0_nbo.sym.30,303,H61,H,1.0,0.263693,False,0.263693
DB0-m2_o6_o27_f0_nbo.sym.30,304,H62,H,1.0,0.324801,False,0.324801
DB0-m2_o6_o27_f0_nbo.sym.30,305,N24,N,1.0,-0.719103,False,-0.719103
DB0-m2_o6_o27_f0_nbo.sym.30,306,H63,H,1.0,0.26371,False,0.26371
DB0-m2_o6_o27_f0_nbo.sym.30,307,H64,H,1.0,0.324775,False,0.324775
DB0-m2_o6_o27_f0_nbo.sym.30,308,N25,N,1.0,-0.71907,False,-0.71907
DB0-m2_o6_o27_f0_nbo.sym.30,309,H65,H,1.0,0.263687,False,0.263687
DB0-m2_o6_o27_f0_nbo.sym.30,310,H66,H,1.0,0.324773,False,0.324773
DB0-m2_o6_o27_f0_nbo.sym.30,311,N26,N,1.0,-0.71909,False,-0.71909
DB0-m2_o6_o27_f0_nbo.sym.30,312,H67,H,1.0,0.263683,False,0.263683
DB0-m2_o6_o27_f0_nbo.sym.30,313,H68,H,1.0,0.32478,False,0.32478
DB0-m2_o6_o27_f0_nbo.sym.30,314,N27,N,1.0,-0.719095,False,-0.719095
DB0-m2_o6_o27_f0_nbo.sym.30,315,H69,H,1.0,0.263688,False,0.263688
DB0-m2_o6_o27_f0_nbo.sym.30,316,H70,H,1.0,0.324786,False,0.324786
DB0-m2_o6_o27_f0_nbo.sym.30,317,N28,N,1.0,-0.719074,False,-0.719074
DB0-m2_o6_o27_f0_nbo.sym.30,318,H71,H,1.0,0.26368,False,0.26368
DB0-m2_o6_o27_f0_nbo.sym.30,319,H72,H,1.0,0.324786,False,0.324786
DB0-m2_o6_o27_f0_nbo.sym.30,320,N29,N,1.0,-0.719049,False,-0.719049
DB0-m2_o6_o27_f0_nbo.sym.30,321,H73,H,1.0,0.263678,False,0.263678
DB0-m2_o6_o27_f0_nbo.sym.30,322,H74,H,1.0,0.324761,False,0.324761
DB0-m2_o6_o27_f0_nbo.sym.30,323,N30,N,1.0,-0.719083,False,-0.719083
DB0-m2_o6_o27_f0_nbo.sym.30,324,H75,H,1.0,0.263671,False,0.263671
DB0-m2_o6_o27_f0_nbo.sym.30,325,H76,H,1.0,0.324779,False,0.324779
DB0-m2_o6_o27_f0_nbo.sym.30,326,N31,N,1.0,-0.719076,False,-0.719076
DB0-m2_o6_o27_f0_nbo.sym.30,327,H77,H,1.0,0.263675,False,0.263675
DB0-m2_o6_o27_f0_nbo.sym.30,328,H78,H,1.0,0.324774,False,0.324774
DB0-m2_o6_o27_f0_nbo.sym.30,329,N32,N,1.0,-0.719074,False,-0.719074
DB0-m2_o6_o27_f0_nbo.sym.30,330,H79,H,1.0,0.263697,False,0.263697
DB0-m2_o6_o27_f0_nbo.sym.30,331,H80,H,1.0,0.324765,False,0.324765
DB0-m2_o7_o7_f0_nbo.sym.45,0,O1,O,1.0,-0.443259,False,-0.443259
DB0-m2_o7_o7_f0_nbo.sym.45,1,O2,O,1.0,-0.443173,False,-0.443173
DB0-m2_o7_o7_f0_nbo.sym.45,2,O3,O,1.0,-0.443278,False,-0.443278
DB0-m2_o7_o7_f0_nbo.sym.45,3,O4,O,1.0,-0.443184,False,-0.443184
DB0-m2_o7_o7_f0_nbo.sym.45,4,O5,O,1.0,-0.443222,False,-0.443222
DB0-m2_o7_o7_f0_nbo.sym.45,5,O6,O,1.0,-0.443217,False,-0.443217
DB0-m2_o7_o7_f0_nbo.sym.45,6,O7,O,1.0,-0.443214,False,-0.443214
DB0-m2_o7_o7_f0_nbo.sym.45,7,O8,O,1.0,-0.443201,False,-0.443201
DB0-m2_o7_o7_f0_nbo.sym.45,8,O9,O,1.0,-0.443212,False,-0.443212
DB0-m2_o7_o7_f0_nbo.sym.45,9,O10,O,1.0,-0.443198,False,-0.443198
DB0-m2_o7_o7_f0_nbo.sym.45,10,O11,O,1.0,-0.443231,False,-0.443231
DB0-m2_o7_o7_f0_nbo.sym.45,11,O12,O,1.0,-0.443199,False,-0.443199
DB0-m2_o7_o7_f0_nbo.sym.45,12,O13,O,1.0,-0.443184,False,-0.443184
DB0-m2_o7_o7_f0_nbo.sym.45,13,O14,O,1.0,-0.443164,False,-0.443164
DB0-m2_o7_o7_f0_nbo.sym.45,14,O15,O,1.0,-0.443241,False,-0.443241
DB0-m2_o7_o7_f0_nbo.sym.45,15,O16,O,1.0,-0.443176,False,-0.443176
DB0-m2_o7_o7_f0_nbo.sym.45,16,O17,O,1.0,-0.443222,False,-0.443222
DB0-m2_o7_o7_f0_nbo.sym.45,17,O18,O,1.0,-0.443183,False,-0.443183
DB0-m2_o7_o7_f0_nbo.sym.45,18,O19,O,1.0,-0.443241,False,-0.443241
DB0-m2_o7_o7_f0_nbo.sym.45,19,O20,O,1.0,-0.443261,False,-0.443261
DB0-m2_o7_o7_f0_nbo.sym.45,20,O21,O,1.0,-0.443249,False,-0.443249
DB0-m2_o7_o7_f0_nbo.sym.45,21,O22,O,1.0,-0.443219,False,-0.443219
DB0-m2_o7_o7_f0_nbo.sym.45,22,O23,O,1.0,-0.443231,False,-0.443231
DB0-m2_o7_o7_f0_nbo.sym.45,23,O24,O,1.0,-0.443285,False,-0.443285
DB0-m2_o7_o7_f0_nbo.sym.45,24,O25,O,1.0,-0.443215,False,-0.443215
DB0-m2_o7_o7_f0_nbo.sym.45,25,O26,O,1.0,-0.443227,False,-0.443227
DB0-m2_o7_o7_f0_nbo.sym.45,26,O27,O,1.0,-0.443231,False,-0.443231
DB0-m2_o7_o7_f0_nbo.sym.45,27,O28,O,1.0,-0.443221,False,-0.443221
DB0-m2_o7_o7_f0_nbo.sym.45,28,O29,O,1.0,-0.443223,False,-0.443223
DB0-m2_o7_o7_f0_nbo.sym.45,29,O30,O,1.0,-0.443217,False,-0.443217
DB0-m2_o7_o7_f0_nbo.sym.45,30,O31,O,1.0,-0.443228,False,-0.443228
DB0-m2_o7_o7_f0_nbo.sym.45,31,O32,O,1.0,-0.443233,False,-0.443233
DB0-m2_o7_o7_f0_nbo.sym.45,32,O33,O,1.0,-0.443318,False,-0.443318
DB0-m2_o7_o7_f0_nbo.sym.45,33,O34,O,1.0,-0.443347,False,-0.443347
DB0-m2_o7_o7_f0_nbo.sym.45,34,O35,O,1.0,-0.443259,False,-0.443259
DB0-m2_o7_o7_f0_nbo.sym.45,35,O36,O,1.0,-0.443232,False,-0.443232
DB0-m2_o7_o7_f0_nbo.sym.45,36,O37,O,1.0,-0.443236,False,-0.443236
DB0-m2_o7_o7_f0_nbo.sym.45,37,O38,O,1.0,-0.443216,False,-0.443216
DB0-m2_o7_o7_f0_nbo.sym.45,38,O39,O,1.0,-0.443226,False,-0.443226
DB0-m2_o7_o7_f0_nbo.sym.45,39,O40,O,1.0,-0.443248,False,-0.443248
DB0-m2_o7_o7_f0_nbo.sym.45,40,O41,O,1.0,-0.44323,False,-0.44323
DB0-m2_o7_o7_f0_nbo.sym.45,41,O42,O,1.0,-0.443221,False,-0.443221
DB0-m2_o7_o7_f0_nbo.sym.45,42,O43,O,1.0,-0.443216,False,-0.443216
DB0-m2_o7_o7_f0_nbo.sym.45,43,O44,O,1.0,-0.443227,False,-0.443227
DB0-m2_o7_o7_f0_nbo.sym.45,44,O45,O,1.0,-0.443228,False,-0.443228
DB0-m2_o7_o7_f0_nbo.sym.45,45,O46,O,1.0,-0.443233,False,-0.443233
DB0-m2_o7_o7_f0_nbo.sym.45,46,O47,O,1.0,-0.443224,False,-0.443224
DB0-m2_o7_o7_f0_nbo.sym.45,47,O48,O,1.0,-0.443217,False,-0.443217
DB0-m2_o7_o7_f0_nbo.sym.45,48,C1,C,1.0,0.407102,False,0.407102
DB0-m2_o7_o7_f0_nbo.sym.45,49,C2,C,1.0,0.407054,False,0.407054
DB0-m2_o7_o7_f0_nbo.sym.45,50,C3,C,1.0,0.407177,False,0.407177
DB0-m2_o7_o7_f0_nbo.sym.45,51,C4,C,1.0,0.407047,False,0.407047
DB0-m2_o7_o7_f0_nbo.sym.45,52,C5,C,1.0,0.407055,False,0.407055
DB0-m2_o7_o7_f0_nbo.sym.45,53,C6,C,1.0,0.407042,False,0.407042
DB0-m2_o7_o7_f0_nbo.sym.45,54,C7,C,1.0,0.407101,False,0.407101
DB0-m2_o7_o7_f0_nbo.sym.45,55,C8,C,1.0,0.407031,False,0.407031
DB0-m2_o7_o7_f0_nbo.sym.45,56,C9,C,1.0,0.407084,False,0.407084
DB0-m2_o7_o7_f0_nbo.sym.45,57,C10,C,1.0,0.407156,False,0.407156
DB0-m2_o7_o7_f0_nbo.sym.45,58,C11,C,1.0,0.407122,False,0.407122
DB0-m2_o7_o7_f0_nbo.sym.45,59,C12,C,1.0,0.407168,False,0.407168
DB0-m2_o7_o7_f0_nbo.sym.45,60,C13,C,1.0,0.407075,False,0.407075
DB0-m2_o7_o7_f0_nbo.sym.45,61,C14,C,1.0,0.407185,False,0.407185
DB0-m2_o7_o7_f0_nbo.sym.45,62,C15,C,1.0,0.407181,False,0.407181
DB0-m2_o7_o7_f0_nbo.sym.45,63,C16,C,1.0,0.407073,False,0.407073
DB0-m2_o7_o7_f0_nbo.sym.45,64,C17,C,1.0,0.407314,False,0.407314
DB0-m2_o7_o7_f0_nbo.sym.45,65,C18,C,1.0,0.407327,False,0.407327
DB0-m2_o7_o7_f0_nbo.sym.45,66,C19,C,1.0,0.407087,False,0.407087
DB0-m2_o7_o7_f0_nbo.sym.45,67,C20,C,1.0,0.407086,False,0.407086
DB0-m2_o7_o7_f0_nbo.sym.45,68,C21,C,1.0,0.40718,False,0.40718
DB0-m2_o7_o7_f0_nbo.sym.45,69,C22,C,1.0,0.407077,False,0.407077
DB0-m2_o7_o7_f0_nbo.sym.45,70,C23,C,1.0,0.407073,False,0.407073
DB0-m2_o7_o7_f0_nbo.sym.45,71,C24,C,1.0,0.407184,False,0.407184
DB0-m2_o7_o7_f0_nbo.sym.45,72,Cu1,Cu,1.0,0.782845,True,0.782845
DB0-m2_o7_o7_f0_nbo.sym.45,73,Cu2,Cu,1.0,0.782836,True,0.782836
DB0-m2_o7_o7_f0_nbo.sym.45,74,Cu3,Cu,1.0,0.78285,True,0.78285
DB0-m2_o7_o7_f0_nbo.sym.45,75,Cu4,Cu,1.0,0.782799,True,0.782799
DB0-m2_o7_o7_f0_nbo.sym.45,76,Cu5,Cu,1.0,0.782831,True,0.782831
DB0-m2_o7_o7_f0_nbo.sym.45,77,Cu6,Cu,1.0,0.782883,True,0.782883
DB0-m2_o7_o7_f0_nbo.sym.45,78,Cu7,Cu,1.0,0.782837,True,0.782837
DB0-m2_o7_o7_f0_nbo.sym.45,79,Cu8,Cu,1.0,0.782845,True,0.782845
DB0-m2_o7_o7_f0_nbo.sym.45,80,Cu9,Cu,1.0,0.782937,True,0.782937
DB0-m2_o7_o7_f0_nbo.sym.45,81,Cu10,Cu,1.0,0.782809,True,0.782809
DB0-m2_o7_o7_f0_nbo.sym.45,82,Cu11,Cu,1.0,0.782838,True,0.782838
DB0-m2_o7_o7_f0_nbo.sym.45,83,Cu12,Cu,1.0,0.782844,True,0.782844
DB0-m2_o7_o7_f0_nbo.sym.45,84,C25,C,1.0,-0.001213,False,-0.001213
DB0-m2_o7_o7_f0_nbo.sym.45,85,C26,C,1.0,-0.001212,False,-0.001212
DB0-m2_o7_o7_f0_nbo.sym.45,86,C27,C,1.0,-0.001103,False,-0.001103
DB0-m2_o7_o7_f0_nbo.sym.45,87,C28,C,1.0,-0.001138,False,-0.001138
DB0-m2_o7_o7_f0_nbo.sym.45,88,C29,C,1.0,-0.001134,False,-0.001134
DB0-m2_o7_o7_f0_nbo.sym.45,89,C30,C,1.0,-0.001209,False,-0.001209
DB0-m2_o7_o7_f0_nbo.sym.45,90,C31,C,1.0,-0.001184,False,-0.001184
DB0-m2_o7_o7_f0_nbo.sym.45,91,C32,C,1.0,-0.001119,False,-0.001119
DB0-m2_o7_o7_f0_nbo.sym.45,92,C33,C,1.0,-0.001199,False,-0.001199
DB0-m2_o7_o7_f0_nbo.sym.45,93,C34,C,1.0,-0.001119,False,-0.001119
DB0-m2_o7_o7_f0_nbo.sym.45,94,C35,C,1.0,-0.001127,False,-0.001127
DB0-m2_o7_o7_f0_nbo.sym.45,95,C36,C,1.0,-0.001209,False,-0.001209
DB0-m2_o7_o7_f0_nbo.sym.45,96,C37,C,1.0,-0.001131,False,-0.001131
DB0-m2_o7_o7_f0_nbo.sym.45,97,C38,C,1.0,-0.001139,False,-0.001139
DB0-m2_o7_o7_f0_nbo.sym.45,98,C39,C,1.0,-0.001213,False,-0.001213
DB0-m2_o7_o7_f0_nbo.sym.45,99,C40,C,1.0,-0.001206,False,-0.001206
DB0-m2_o7_o7_f0_nbo.sym.45,100,C41,C,1.0,-0.001131,False,-0.001131
DB0-m2_o7_o7_f0_nbo.sym.45,101,C42,C,1.0,-0.001113,False,-0.001113
DB0-m2_o7_o7_f0_nbo.sym.45,102,C43,C,1.0,-0.001219,False,-0.001219
DB0-m2_o7_o7_f0_nbo.sym.45,103,C44,C,1.0,-0.001224,False,-0.001224
DB0-m2_o7_o7_f0_nbo.sym.45,104,C45,C,1.0,-0.001202,False,-0.001202
DB0-m2_o7_o7_f0_nbo.sym.45,105,C46,C,1.0,-0.001066,False,-0.001066
DB0-m2_o7_o7_f0_nbo.sym.45,106,C47,C,1.0,-0.00113,False,-0.00113
DB0-m2_o7_o7_f0_nbo.sym.45,107,C48,C,1.0,-0.001236,False,-0.001236
DB0-m2_o7_o7_f0_nbo.sym.45,108,C49,C,1.0,-0.001195,False,-0.001195
DB0-m2_o7_o7_f0_nbo.sym.45,109,C50,C,1.0,-0.001137,False,-0.001137
DB0-m2_o7_o7_f0_nbo.sym.45,110,C51,C,1.0,-0.001217,False,-0.001217
DB0-m2_o7_o7_f0_nbo.sym.45,111,C52,C,1.0,-0.00118,False,-0.00118
DB0-m2_o7_o7_f0_nbo.sym.45,112,C53,C,1.0,-0.001212,False,-0.001212
DB0-m2_o7_o7_f0_nbo.sym.45,113,C54,C,1.0,-0.00116,False,-0.00116
DB0-m2_o7_o7_f0_nbo.sym.45,114,C55,C,1.0,-0.001182,False,-0.001182
DB0-m2_o7_o7_f0_nbo.sym.45,115,C56,C,1.0,-0.00119,False,-0.00119
DB0-m2_o7_o7_f0_nbo.sym.45,116,C57,C,1.0,-0.001225,False,-0.001225
DB0-m2_o7_o7_f0_nbo.sym.45,117,C58,C,1.0,-0.001239,False,-0.001239
DB0-m2_o7_o7_f0_nbo.sym.45,118,C59,C,1.0,-0.001193,False,-0.001193
DB0-m2_o7_o7_f0_nbo.sym.45,119,C60,C,1.0,-0.001162,False,-0.001162
DB0-m2_o7_o7_f0_nbo.sym.45,120,C61,C,1.0,-0.001194,False,-0.001194
DB0-m2_o7_o7_f0_nbo.sym.45,121,C62,C,1.0,-0.001229,False,-0.001229
DB0-m2_o7_o7_f0_nbo.sym.45,122,C63,C,1.0,-0.001236,False,-0.001236
DB0-m2_o7_o7_f0_nbo.sym.45,123,C64,C,1.0,-0.001174,False,-0.001174
DB0-m2_o7_o7_f0_nbo.sym.45,124,C65,C,1.0,-0.001192,False,-0.001192
DB0-m2_o7_o7_f0_nbo.sym.45,125,C66,C,1.0,-0.001219,False,-0.001219
DB0-m2_o7_o7_f0_nbo.sym.45,126,C67,C,1.0,-0.0012,False,-0.0012
DB0-m2_o7_o7_f0_nbo.sym.45,127,C68,C,1.0,-0.001172,False,-0.001172
DB0-m2_o7_o7_f0_nbo.sym.45,128,C69,C,1.0,-0.001183,False,-0.001183
DB0-m2_o7_o7_f0_nbo.sym.45,129,C70,C,1.0,-0.00121,False,-0.00121
DB0-m2_o7_o7_f0_nbo.sym.45,130,C71,C,1.0,-0.001177,False,-0.001177
DB0-m2_o7_o7_f0_nbo.sym.45,131,C72,C,1.0,-0.001178,False,-0.001178
DB0-m2_o7_o7_f0_nbo.sym.45,132,H1,H,1.0,0.086112,False,0.086112
DB0-m2_o7_o7_f0_nbo.sym.45,133,H2,H,1.0,0.086111,False,0.086111
DB0-m2_o7_o7_f0_nbo.sym.45,134,H3,H,1.0,0.086051,False,0.086051
DB0-m2_o7_o7_f0_nbo.sym.45,135,H4,H,1.0,0.086057,False,0.086057
DB0-m2_o7_o7_f0_nbo.sym.45,136,H5,H,1.0,0.086067,False,0.086067
DB0-m2_o7_o7_f0_nbo.sym.45,137,H6,H,1.0,0.086107,False,0.086107
DB0-m2_o7_o7_f0_nbo.sym.45,138,H7,H,1.0,0.086099,False,0.086099
DB0-m2_o7_o7_f0_nbo.sym.45,139,H8,H,1.0,0.086052,False,0.086052
DB0-m2_o7_o7_f0_nbo.sym.45,140,H9,H,1.0,0.086107,False,0.086107
DB0-m2_o7_o7_f0_nbo.sym.45,141,H10,H,1.0,0.086052,False,0.086052
DB0-m2_o7_o7_f0_nbo.sym.45,142,H11,H,1.0,0.086055,False,0.086055
DB0-m2_o7_o7_f0_nbo.sym.45,143,H12,H,1.0,0.08611,False,0.08611
DB0-m2_o7_o7_f0_nbo.sym.45,144,H13,H,1.0,0.086055,False,0.086055
DB0-m2_o7_o7_f0_nbo.sym.45,145,H14,H,1.0,0.086057,False,0.086057
DB0-m2_o7_o7_f0_nbo.sym.45,146,H15,H,1.0,0.086111,False,0.086111
DB0-m2_o7_o7_f0_nbo.sym.45,147,H16,H,1.0,0.086109,False,0.086109
DB0-m2_o7_o7_f0_nbo.sym.45,148,H17,H,1.0,0.086053,False,0.086053
DB0-m2_o7_o7_f0_nbo.sym.45,149,H18,H,1.0,0.086062,False,0.086062
DB0-m2_o7_o7_f0_nbo.sym.45,150,H19,H,1.0,0.086113,False,0.086113
DB0-m2_o7_o7_f0_nbo.sym.45,151,H20,H,1.0,0.086112,False,0.086112
DB0-m2_o7_o7_f0_nbo.sym.45,152,H21,H,1.0,0.086105,False,0.086105
DB0-m2_o7_o7_f0_nbo.sym.45,153,H22,H,1.0,0.086039,False,0.086039
DB0-m2_o7_o7_f0_nbo.sym.45,154,H23,H,1.0,0.086055,False,0.086055
DB0-m2_o7_o7_f0_nbo.sym.45,155,H24,H,1.0,0.086117,False,0.086117
DB0-m2_o7_o7_f0_nbo.sym.45,156,H25,H,1.0,0.086116,False,0.086116
DB0-m2_o7_o7_f0_nbo.sym.45,157,H26,H,1.0,0.086102,False,0.086102
DB0-m2_o7_o7_f0_nbo.sym.45,158,H27,H,1.0,0.086112,False,0.086112
DB0-m2_o7_o7_f0_nbo.sym.45,159,H28,H,1.0,0.086108,False,0.086108
DB0-m2_o7_o7_f0_nbo.sym.45,160,H29,H,1.0,0.086111,False,0.086111
DB0-m2_o7_o7_f0_nbo.sym.45,161,H30,H,1.0,0.086115,False,0.086115
DB0-m2_o7_o7_f0_nbo.sym.45,162,H31,H,1.0,0.086107,False,0.086107
DB0-m2_o7_o7_f0_nbo.sym.45,163,H32,H,1.0,0.086114,False,0.086114
DB0-m2_o7_o7_f0_nbo.sym.45,164,H33,H,1.0,0.086117,False,0.086117
DB0-m2_o7_o7_f0_nbo.sym.45,165,H34,H,1.0,0.086116,False,0.086116
DB0-m2_o7_o7_f0_nbo.sym.45,166,H35,H,1.0,0.086102,False,0.086102
DB0-m2_o7_o7_f0_nbo.sym.45,167,H36,H,1.0,0.086101,False,0.086101
DB0-m2_o7_o7_f0_nbo.sym.45,168,H37,H,1.0,0.086102,False,0.086102
DB0-m2_o7_o7_f0_nbo.sym.45,169,H38,H,1.0,0.086115,False,0.086115
DB0-m2_o7_o7_f0_nbo.sym.45,170,H39,H,1.0,0.086122,False,0.086122
DB0-m2_o7_o7_f0_nbo.sym.45,171,H40,H,1.0,0.086104,False,0.086104
DB0-m2_o7_o7_f0_nbo.sym.45,172,H41,H,1.0,0.086116,False,0.086116
DB0-m2_o7_o7_f0_nbo.sym.45,173,H42,H,1.0,0.086114,False,0.086114
DB0-m2_o7_o7_f0_nbo.sym.45,174,H43,H,1.0,0.086118,False,0.086118
DB0-m2_o7_o7_f0_nbo.sym.45,175,H44,H,1.0,0.086105,False,0.086105
DB0-m2_o7_o7_f0_nbo.sym.45,176,H45,H,1.0,0.086108,False,0.086108
DB0-m2_o7_o7_f0_nbo.sym.45,177,H46,H,1.0,0.086109,False,0.086109
DB0-m2_o7_o7_f0_nbo.sym.45,178,H47,H,1.0,0.086106,False,0.086106
DB0-m2_o7_o7_f0_nbo.sym.45,179,H48,H,1.0,0.086109,False,0.086109
DB0-m2_o7_o7_f0_nbo.sym.45,180,C73,C,1.0,-0.294466,False,-0.294466
DB0-m2_o7_o7_f0_nbo.sym.45,181,C74,C,1.0,-0.294459,False,-0.294459
DB0-m2_o7_o7_f0_nbo.sym.45,182,C75,C,1.0,-0.294414,False,-0.294414
DB0-m2_o7_o7_f0_nbo.sym.45,183,C76,C,1.0,-0.294412,False,-0.294412
DB0-m2_o7_o7_f0_nbo.sym.45,184,C77,C,1.0,-0.294339,False,-0.294339
DB0-m2_o7_o7_f0_nbo.sym.45,185,C78,C,1.0,-0.294459,False,-0.294459
DB0-m2_o7_o7_f0_nbo.sym.45,186,C79,C,1.0,-0.294501,False,-0.294501
DB0-m2_o7_o7_f0_nbo.sym.45,187,C80,C,1.0,-0.294427,False,-0.294427
DB0-m2_o7_o7_f0_nbo.sym.45,188,C81,C,1.0,-0.294467,False,-0.294467
DB0-m2_o7_o7_f0_nbo.sym.45,189,C82,C,1.0,-0.294428,False,-0.294428
DB0-m2_o7_o7_f0_nbo.sym.45,190,C83,C,1.0,-0.294422,False,-0.294422
DB0-m2_o7_o7_f0_nbo.sym.45,191,C84,C,1.0,-0.294461,False,-0.294461
DB0-m2_o7_o7_f0_nbo.sym.45,192,C85,C,1.0,-0.294416,False,-0.294416
DB0-m2_o7_o7_f0_nbo.sym.45,193,C86,C,1.0,-0.29441,False,-0.29441
DB0-m2_o7_o7_f0_nbo.sym.45,194,C87,C,1.0,-0.294457,False,-0.294457
DB0-m2_o7_o7_f0_nbo.sym.45,195,C88,C,1.0,-0.294464,False,-0.294464
DB0-m2_o7_o7_f0_nbo.sym.45,196,C89,C,1.0,-0.294416,False,-0.294416
DB0-m2_o7_o7_f0_nbo.sym.45,197,C90,C,1.0,-0.294387,False,-0.294387
DB0-m2_o7_o7_f0_nbo.sym.45,198,C91,C,1.0,-0.294453,False,-0.294453
DB0-m2_o7_o7_f0_nbo.sym.45,199,C92,C,1.0,-0.294441,False,-0.294441
DB0-m2_o7_o7_f0_nbo.sym.45,200,C93,C,1.0,-0.294463,False,-0.294463
DB0-m2_o7_o7_f0_nbo.sym.45,201,C94,C,1.0,-0.294474,False,-0.294474
DB0-m2_o7_o7_f0_nbo.sym.45,202,C95,C,1.0,-0.294421,False,-0.294421
DB0-m2_o7_o7_f0_nbo.sym.45,203,C96,C,1.0,-0.294418,False,-0.294418
DB0-m2_o7_o7_f0_nbo.sym.45,204,C97,C,1.0,-0.294472,False,-0.294472
DB0-m2_o7_o7_f0_nbo.sym.45,205,C98,C,1.0,-0.294492,False,-0.294492
DB0-m2_o7_o7_f0_nbo.sym.45,206,C99,C,1.0,-0.294439,False,-0.294439
DB0-m2_o7_o7_f0_nbo.sym.45,207,C100,C,1.0,-0.294463,False,-0.294463
DB0-m2_o7_o7_f0_nbo.sym.45,208,C101,C,1.0,-0.29445,False,-0.29445
DB0-m2_o7_o7_f0_nbo.sym.45,209,C102,C,1.0,-0.294433,False,-0.294433
DB0-m2_o7_o7_f0_nbo.sym.45,210,C103,C,1.0,-0.294469,False,-0.294469
DB0-m2_o7_o7_f0_nbo.sym.45,211,C104,C,1.0,-0.29441,False,-0.29441
DB0-m2_o7_o7_f0_nbo.sym.45,212,C105,C,1.0,-0.294407,False,-0.294407
DB0-m2_o7_o7_f0_nbo.sym.45,213,C106,C,1.0,-0.294406,False,-0.294406
DB0-m2_o7_o7_f0_nbo.sym.45,214,C107,C,1.0,-0.294496,False,-0.294496
DB0-m2_o7_o7_f0_nbo.sym.45,215,C108,C,1.0,-0.294508,False,-0.294508
DB0-m2_o7_o7_f0_nbo.sym.45,216,C109,C,1.0,-0.294488,False,-0.294488
DB0-m2_o7_o7_f0_nbo.sym.45,217,C110,C,1.0,-0.294429,False,-0.294429
DB0-m2_o7_o7_f0_nbo.sym.45,218,C111,C,1.0,-0.294407,False,-0.294407
DB0-m2_o7_o7_f0_nbo.sym.45,219,C112,C,1.0,-0.294493,False,-0.294493
DB0-m2_o7_o7_f0_nbo.sym.45,220,C113,C,1.0,-0.294405,False,-0.294405
DB0-m2_o7_o7_f0_nbo.sym.45,221,C114,C,1.0,-0.294448,False,-0.294448
DB0-m2_o7_o7_f0_nbo.sym.45,222,C115,C,1.0,-0.294468,False,-0.294468
DB0-m2_o7_o7_f0_nbo.sym.45,223,C116,C,1.0,-0.294482,False,-0.294482
DB0-m2_o7_o7_f0_nbo.sym.45,224,C117,C,1.0,-0.294466,False,-0.294466
DB0-m2_o7_o7_f0_nbo.sym.45,225,C118,C,1.0,-0.29445,False,-0.29445
DB0-m2_o7_o7_f0_nbo.sym.45,226,C119,C,1.0,-0.294465,False,-0.294465
DB0-m2_o7_o7_f0_nbo.sym.45,227,C120,C,1.0,-0.294473,False,-0.294473
DB0-m2_o7_o7_f0_nbo.sym.45,228,C121,C,1.0,0.498211,False,0.498211
DB0-m2_o7_o7_f0_nbo.sym.45,229,C122,C,1.0,0.498175,False,0.498175
DB0-m2_o7_o7_f0_nbo.sym.45,230,C123,C,1.0,0.497867,False,0.497867
DB0-m2_o7_o7_f0_nbo.sym.45,231,C124,C,1.0,0.498004,False,0.498004
DB0-m2_o7_o7_f0_nbo.sym.45,232,C125,C,1.0,0.498181,False,0.498181
DB0-m2_o7_o7_f0_nbo.sym.45,233,C126,C,1.0,0.498003,False,0.498003
DB0-m2_o7_o7_f0_nbo.sym.45,234,C127,C,1.0,0.498006,False,0.498006
DB0-m2_o7_o7_f0_nbo.sym.45,235,C128,C,1.0,0.498182,False,0.498182
DB0-m2_o7_o7_f0_nbo.sym.45,236,C129,C,1.0,0.498002,False,0.498002
DB0-m2_o7_o7_f0_nbo.sym.45,237,C130,C,1.0,0.497927,False,0.497927
DB0-m2_o7_o7_f0_nbo.sym.45,238,C131,C,1.0,0.498175,False,0.498175
DB0-m2_o7_o7_f0_nbo.sym.45,239,C132,C,1.0,0.498145,False,0.498145
DB0-m2_o7_o7_f0_nbo.sym.45,240,C133,C,1.0,0.498207,False,0.498207
DB0-m2_o7_o7_f0_nbo.sym.45,241,C134,C,1.0,0.498101,False,0.498101
DB0-m2_o7_o7_f0_nbo.sym.45,242,C135,C,1.0,0.498158,False,0.498158
DB0-m2_o7_o7_f0_nbo.sym.45,243,C136,C,1.0,0.498063,False,0.498063
DB0-m2_o7_o7_f0_nbo.sym.45,244,C137,C,1.0,0.498127,False,0.498127
DB0-m2_o7_o7_f0_nbo.sym.45,245,C138,C,1.0,0.498123,False,0.498123
DB0-m2_o7_o7_f0_nbo.sym.45,246,C139,C,1.0,0.498214,False,0.498214
DB0-m2_o7_o7_f0_nbo.sym.45,247,C140,C,1.0,0.498227,False,0.498227
DB0-m2_o7_o7_f0_nbo.sym.45,248,C141,C,1.0,0.498062,False,0.498062
DB0-m2_o7_o7_f0_nbo.sym.45,249,C142,C,1.0,0.498163,False,0.498163
DB0-m2_o7_o7_f0_nbo.sym.45,250,C143,C,1.0,0.498206,False,0.498206
DB0-m2_o7_o7_f0_nbo.sym.45,251,C144,C,1.0,0.498201,False,0.498201
DB0-m2_o7_o7_f0_nbo.sym.45,252,C145,C,1.0,0.104985,False,0.104985
DB0-m2_o7_o7_f0_nbo.sym.45,253,C146,C,1.0,0.105,False,0.105
DB0-m2_o7_o7_f0_nbo.sym.45,254,C147,C,1.0,0.104962,False,0.104962
DB0-m2_o7_o7_f0_nbo.sym.45,255,C148,C,1.0,0.105019,False,0.105019
DB0-m2_o7_o7_f0_nbo.sym.45,256,C149,C,1.0,0.104986,False,0.104986
DB0-m2_o7_o7_f0_nbo.sym.45,257,C150,C,1.0,0.105018,False,0.105018
DB0-m2_o7_o7_f0_nbo.sym.45,258,C151,C,1.0,0.105016,False,0.105016
DB0-m2_o7_o7_f0_nbo.sym.45,259,C152,C,1.0,0.104989,False,0.104989
DB0-m2_o7_o7_f0_nbo.sym.45,260,C153,C,1.0,0.105027,False,0.105027
DB0-m2_o7_o7_f0_nbo.sym.45,261,C154,C,1.0,0.104951,False,0.104951
DB0-m2_o7_o7_f0_nbo.sym.45,262,C155,C,1.0,0.104999,False,0.104999
DB0-m2_o7_o7_f0_nbo.sym.45,263,C156,C,1.0,0.105001,False,0.105001
DB0-m2_o7_o7_f0_nbo.sym.45,264,C157,C,1.0,0.104862,False,0.104862
DB0-m2_o7_o7_f0_nbo.sym.45,265,C158,C,1.0,0.104796,False,0.104796
DB0-m2_o7_o7_f0_nbo.sym.45,266,C159,C,1.0,0.104988,False,0.104988
DB0-m2_o7_o7_f0_nbo.sym.45,267,C160,C,1.0,0.104926,False,0.104926
DB0-m2_o7_o7_f0_nbo.sym.45,268,C161,C,1.0,0.104897,False,0.104897
DB0-m2_o7_o7_f0_nbo.sym.45,269,C162,C,1.0,0.105004,False,0.105004
DB0-m2_o7_o7_f0_nbo.sym.45,270,C163,C,1.0,0.104982,False,0.104982
DB0-m2_o7_o7_f0_nbo.sym.45,271,C164,C,1.0,0.10487,False,0.10487
DB0-m2_o7_o7_f0_nbo.sym.45,272,C165,C,1.0,0.104924,False,0.104924
DB0-m2_o7_o7_f0_nbo.sym.45,273,C166,C,1.0,0.104993,False,0.104993
DB0-m2_o7_o7_f0_nbo.sym.45,274,C167,C,1.0,0.104862,False,0.104862
DB0-m2_o7_o7_f0_nbo.sym.45,275,C168,C,1.0,0.104861,False,0.104861
DB0-m2_o7_o7_f0_nbo.sym.45,276,C169,C,1.0,-0.102611,False,-0.102611
DB0-m2_o7_o7_f0_nbo.sym.45,277,C170,C,1.0,-0.102634,False,-0.102634
DB0-m2_o7_o7_f0_nbo.sym.45,278,C171,C,1.0,-0.102793,False,-0.102793
DB0-m2_o7_o7_f0_nbo.sym.45,279,C172,C,1.0,-0.102829,False,-0.102829
DB0-m2_o7_o7_f0_nbo.sym.45,280,C173,C,1.0,-0.102612,False,-0.102612
DB0-m2_o7_o7_f0_nbo.sym.45,281,C174,C,1.0,-0.102827,False,-0.102827
DB0-m2_o7_o7_f0_nbo.sym.45,282,C175,C,1.0,-0.102825,False,-0.102825
DB0-m2_o7_o7_f0_nbo.sym.45,283,C176,C,1.0,-0.102616,False,-0.102616
DB0-m2_o7_o7_f0_nbo.sym.45,284,C177,C,1.0,-0.102844,False,-0.102844
DB0-m2_o7_o7_f0_nbo.sym.45,285,C178,C,1.0,-0.102795,False,-0.102795
DB0-m2_o7_o7_f0_nbo.sym.45,286,C179,C,1.0,-0.102633,False,-0.102633
DB0-m2_o7_o7_f0_nbo.sym.45,287,C180,C,1.0,-0.102617,False,-0.102617
DB0-m2_o7_o7_f0_nbo.sym.45,288,C181,C,1.0,-0.102382,False,-0.102382
DB0-m2_o7_o7_f0_nbo.sym.45,289,C182,C,1.0,-0.102354,False,-0.102354
DB0-m2_o7_o7_f0_nbo.sym.45,290,C183,C,1.0,-0.102612,False,-0.102612
DB0-m2_o7_o7_f0_nbo.sym.45,291,C184,C,1.0,-0.102582,False,-0.102582
DB0-m2_o7_o7_f0_nbo.sym.45,292,C185,C,1.0,-0.102402,False,-0.102402
DB0-m2_o7_o7_f0_nbo.sym.45,293,C186,C,1.0,-0.102617,False,-0.102617
DB0-m2_o7_o7_f0_nbo.sym.45,294,C187,C,1.0,-0.102609,False,-0.102609
DB0-m2_o7_o7_f0_nbo.sym.45,295,C188,C,1.0,-0.102405,False,-0.102405
DB0-m2_o7_o7_f0_nbo.sym.45,296,C189,C,1.0,-0.102581,False,-0.102581
DB0-m2_o7_o7_f0_nbo.sym.45,297,C190,C,1.0,-0.102616,False,-0.102616
DB0-m2_o7_o7_f0_nbo.sym.45,298,C191,C,1.0,-0.10238,False,-0.10238
DB0-m2_o7_o7_f0_nbo.sym.45,299,C192,C,1.0,-0.102386,False,-0.102386
DB0-m2_o7_o7_f0_nbo.sym.45,300,I1,I,1.0,0.003246,False,0.003246
DB0-m2_o7_o7_f0_nbo.sym.45,301,I2,I,1.0,0.003245,False,0.003245
DB0-m2_o7_o7_f0_nbo.sym.45,302,I3,I,1.0,0.003248,False,0.003248
DB0-m2_o7_o7_f0_nbo.sym.45,303,I4,I,1.0,0.003252,False,0.003252
DB0-m2_o7_o7_f0_nbo.sym.45,304,I5,I,1.0,0.003263,False,0.003263
DB0-m2_o7_o7_f0_nbo.sym.45,305,I6,I,1.0,0.003248,False,0.003248
DB0-m2_o7_o7_f0_nbo.sym.45,306,I7,I,1.0,0.003275,False,0.003275
DB0-m2_o7_o7_f0_nbo.sym.45,307,I8,I,1.0,0.003257,False,0.003257
DB0-m2_o7_o7_f0_nbo.sym.45,308,I9,I,1.0,0.003249,False,0.003249
DB0-m2_o7_o7_f0_nbo.sym.45,309,I10,I,1.0,0.003259,False,0.003259
DB0-m2_o7_o7_f0_nbo.sym.45,310,I11,I,1.0,0.003256,False,0.003256
DB0-m2_o7_o7_f0_nbo.sym.45,311,I12,I,1.0,0.003246,False,0.003246
DB0-m2_o7_o7_f0_nbo.sym.45,312,I13,I,1.0,0.003251,False,0.003251
DB0-m2_o7_o7_f0_nbo.sym.45,313,I14,I,1.0,0.00325,False,0.00325
DB0-m2_o7_o7_f0_nbo.sym.45,314,I15,I,1.0,0.003247,False,0.003247
DB0-m2_o7_o7_f0_nbo.sym.45,315,I16,I,1.0,0.003247,False,0.003247
DB0-m2_o7_o7_f0_nbo.sym.45,316,I17,I,1.0,0.003253,False,0.003253
DB0-m2_o7_o7_f0_nbo.sym.45,317,I18,I,1.0,0.003276,False,0.003276
DB0-m2_o7_o7_f0_nbo.sym.45,318,I19,I,1.0,0.003245,False,0.003245
DB0-m2_o7_o7_f0_nbo.sym.45,319,I20,I,1.0,0.003243,False,0.003243
DB0-m2_o7_o7_f0_nbo.sym.45,320,I21,I,1.0,0.003249,False,0.003249
DB0-m2_o7_o7_f0_nbo.sym.45,321,I22,I,1.0,0.00328,False,0.00328
DB0-m2_o7_o7_f0_nbo.sym.45,322,I23,I,1.0,0.003256,False,0.003256
DB0-m2_o7_o7_f0_nbo.sym.45,323,I24,I,1.0,0.003232,False,0.003232
DB0-m2_o7_o7_f0_nbo.sym.45,324,I25,I,1.0,0.003246,False,0.003246
DB0-m2_o7_o7_f0_nbo.sym.45,325,I26,I,1.0,0.003254,False,0.003254
DB0-m2_o7_o7_f0_nbo.sym.45,326,I27,I,1.0,0.003242,False,0.003242
DB0-m2_o7_o7_f0_nbo.sym.45,327,I28,I,1.0,0.00324,False,0.00324
DB0-m2_o7_o7_f0_nbo.sym.45,328,I29,I,1.0,0.003245,False,0.003245
DB0-m2_o7_o7_f0_nbo.sym.45,329,I30,I,1.0,0.003268,False,0.003268
DB0-m2_o7_o7_f0_nbo.sym.45,330,I31,I,1.0,0.003252,False,0.003252
DB0-m2_o7_o7_f0_nbo.sym.45,331,I32,I,1.0,0.003269,False,0.003269
DB0-m2_o7_o7_f0_nbo.sym.45,332,I33,I,1.0,0.003235,False,0.003235
DB0-m2_o7_o7_f0_nbo.sym.45,333,I34,I,1.0,0.003234,False,0.003234
DB0-m2_o7_o7_f0_nbo.sym.45,334,I35,I,1.0,0.003273,False,0.003273
DB0-m2_o7_o7_f0_nbo.sym.45,335,I36,I,1.0,0.003272,False,0.003272
DB0-m2_o7_o7_f0_nbo.sym.45,336,I37,I,1.0,0.00327,False,0.00327
DB0-m2_o7_o7_f0_nbo.sym.45,337,I38,I,1.0,0.003239,False,0.003239
DB0-m2_o7_o7_f0_nbo.sym.45,338,I39,I,1.0,0.003229,False,0.003229
DB0-m2_o7_o7_f0_nbo.sym.45,339,I40,I,1.0,0.003264,False,0.003264
DB0-m2_o7_o7_f0_nbo.sym.45,340,I41,I,1.0,0.003264,False,0.003264
DB0-m2_o7_o7_f0_nbo.sym.45,341,I42,I,1.0,0.003242,False,0.003242
DB0-m2_o7_o7_f0_nbo.sym.45,342,I43,I,1.0,0.003245,False,0.003245
DB0-m2_o7_o7_f0_nbo.sym.45,343,I44,I,1.0,0.00326,False,0.00326
DB0-m2_o7_o7_f0_nbo.sym.45,344,I45,I,1.0,0.00325,False,0.00325
DB0-m2_o7_o7_f0_nbo.sym.45,345,I46,I,1.0,0.003247,False,0.003247
DB0-m2_o7_o7_f0_nbo.sym.45,346,I47,I,1.0,0.003243,False,0.003243
DB0-m2_o7_o7_f0_nbo.sym.45,347,I48,I,1.0,0.003247,False,0.003247
DB0-m3_o11_o17_f0_pcu.sym.32,0,O1,O,1.0,-0.603858,False,-0.603858
DB0-m3_o11_o17_f0_pcu.sym.32,1,O2,O,1.0,-0.669289,False,-0.669289
DB0-m3_o11_o17_f0_pcu.sym.32,2,C1,C,1.0,0.7296,False,0.7296
DB0-m3_o11_o17_f0_pcu.sym.32,3,O3,O,1.0,-0.649386,False,-0.649386
DB0-m3_o11_o17_f0_pcu.sym.32,4,O4,O,1.0,-0.677965,False,-0.677965
DB0-m3_o11_o17_f0_pcu.sym.32,5,C2,C,1.0,0.764497,False,0.764497
DB0-m3_o11_o17_f0_pcu.sym.32,6,Zn1,Zn,1.0,1.026564,True,1.026564
DB0-m3_o11_o17_f0_pcu.sym.32,7,Zn2,Zn,1.0,1.093197,True,1.093197
DB0-m3_o11_o17_f0_pcu.sym.32,8,O5,O,1.0,-0.670371,False,-0.670371
DB0-m3_o11_o17_f0_pcu.sym.32,9,O6,O,1.0,-0.695444,False,-0.695444
DB0-m3_o11_o17_f0_pcu.sym.32,10,O7,O,1.0,-0.630465,False,-0.630465
DB0-m3_o11_o17_f0_pcu.sym.32,11,O8,O,1.0,-0.635916,False,-0.635916
DB0-m3_o11_o17_f0_pcu.sym.32,12,C3,C,1.0,0.871247,False,0.871247
DB0-m3_o11_o17_f0_pcu.sym.32,13,C4,C,1.0,0.647045,False,0.647045
DB0-m3_o11_o17_f0_pcu.sym.32,14,C5,C,1.0,-0.294566,False,-0.294566
DB0-m3_o11_o17_f0_pcu.sym.32,15,C6,C,1.0,0.054335,False,0.054335
DB0-m3_o11_o17_f0_pcu.sym.32,16,C7,C,1.0,-0.276346,False,-0.276346
DB0-m3_o11_o17_f0_pcu.sym.32,17,C8,C,1.0,0.218086,False,0.218086
DB0-m3_o11_o17_f0_pcu.sym.32,18,C9,C,1.0,-0.023002,False,-0.023002
DB0-m3_o11_o17_f0_pcu.sym.32,19,C10,C,1.0,0.22549,False,0.22549
DB0-m3_o11_o17_f0_pcu.sym.32,20,C11,C,1.0,-0.233462,False,-0.233462
DB0-m3_o11_o17_f0_pcu.sym.32,21,C12,C,1.0,-0.246209,False,-0.246209
DB0-m3_o11_o17_f0_pcu.sym.32,22,C13,C,1.0,0.226409,False,0.226409
DB0-m3_o11_o17_f0_pcu.sym.32,23,C14,C,1.0,-0.034828,False,-0.034828
DB0-m3_o11_o17_f0_pcu.sym.32,24,C15,C,1.0,0.224275,False,0.224275
DB0-m3_o11_o17_f0_pcu.sym.32,25,C16,C,1.0,-0.235269,False,-0.235269
DB0-m3_o11_o17_f0_pcu.sym.32,26,C17,C,1.0,-0.238599,False,-0.238599
DB0-m3_o11_o17_f0_pcu.sym.32,27,C18,C,1.0,-0.253757,False,-0.253757
DB0-m3_o11_o17_f0_pcu.sym.32,28,C19,C,1.0,-0.002672,False,-0.002672
DB0-m3_o11_o17_f0_pcu.sym.32,29,C20,C,1.0,-0.247667,False,-0.247667
DB0-m3_o11_o17_f0_pcu.sym.32,30,H1,H,1.0,0.135394,False,0.135394
DB0-m3_o11_o17_f0_pcu.sym.32,31,H2,H,1.0,0.126523,False,0.126523
DB0-m3_o11_o17_f0_pcu.sym.32,32,H3,H,1.0,0.142377,False,0.142377
DB0-m3_o11_o17_f0_pcu.sym.32,33,H4,H,1.0,0.152321,False,0.152321
DB0-m3_o11_o17_f0_pcu.sym.32,34,H5,H,1.0,0.126041,False,0.126041
DB0-m3_o11_o17_f0_pcu.sym.32,35,H6,H,1.0,0.124894,False,0.124894
DB0-m3_o11_o17_f0_pcu.sym.32,36,H7,H,1.0,0.146591,False,0.146591
DB0-m3_o11_o17_f0_pcu.sym.32,37,H8,H,1.0,0.142461,False,0.142461
DB0-m3_o11_o17_f0_pcu.sym.32,38,C21,C,1.0,-0.008646,False,-0.008646
DB0-m3_o11_o17_f0_pcu.sym.32,39,C22,C,1.0,-0.339634,False,-0.339634
DB0-m3_o11_o17_f0_pcu.sym.32,40,H9,H,1.0,0.117508,False,0.117508
DB0-m3_o11_o17_f0_pcu.sym.32,41,H10,H,1.0,0.148892,False,0.148892
DB0-m3_o11_o17_f0_pcu.sym.32,42,C23,C,1.0,-0.037967,False,-0.037967
DB0-m3_o11_o17_f0_pcu.sym.32,43,C24,C,1.0,-0.205033,False,-0.205033
DB0-m3_o11_o17_f0_pcu.sym.32,44,H11,H,1.0,0.139906,False,0.139906
DB0-m3_o11_o17_f0_pcu.sym.32,45,C25,C,1.0,-0.003358,False,-0.003358
DB0-m3_o11_o17_f0_pcu.sym.32,46,N1,N,1.0,-0.218356,False,-0.218356
DB0-m3_o11_o17_f0_pcu.sym.32,47,H12,H,1.0,0.161351,False,0.161351
DB0-m3_o11_o17_f0_pcu.sym.32,48,H13,H,1.0,0.252119,False,0.252119
DB0-m3_o11_o17_f0_pcu.sym.32,49,C26,C,1.0,0.18377,False,0.18377
DB0-m3_o11_o17_f0_pcu.sym.32,50,N2,N,1.0,-0.345823,False,-0.345823
DB0-m3_o11_o17_f0_pcu.sym.32,51,H14,H,1.0,0.109529,False,0.109529
DB0-m3_o11_o17_f0_pcu.sym.32,52,H15,H,1.0,0.288501,False,0.288501
DB0-m3_o11_o17_f0_pcu.sym.32,53,N3,N,1.0,0.731528,False,0.731528
DB0-m3_o11_o17_f0_pcu.sym.32,54,O9,O,1.0,-0.428883,False,-0.428883
DB0-m3_o11_o17_f0_pcu.sym.32,55,O10,O,1.0,-0.403683,False,-0.403683
DB0-m3_o12_o20_f0_pcu.sym.24,0,O1,O,1.0,-0.52567,False,-0.52567
DB0-m3_o12_o20_f0_pcu.sym.24,1,O2,O,1.0,-0.551853,False,-0.551853
DB0-m3_o12_o20_f0_pcu.sym.24,2,O3,O,1.0,-0.559008,False,-0.559008
DB0-m3_o12_o20_f0_pcu.sym.24,3,O4,O,1.0,-0.578106,False,-0.578106
DB0-m3_o12_o20_f0_pcu.sym.24,4,C1,C,1.0,0.593713,False,0.593713
DB0-m3_o12_o20_f0_pcu.sym.24,5,C2,C,1.0,0.634834,False,0.634834
DB0-m3_o12_o20_f0_pcu.sym.24,6,O5,O,1.0,-0.683541,False,-0.683541
DB0-m3_o12_o20_f0_pcu.sym.24,7,O6,O,1.0,-0.681248,False,-0.681248
DB0-m3_o12_o20_f0_pcu.sym.24,8,O7,O,1.0,-0.697862,False,-0.697862
DB0-m3_o12_o20_f0_pcu.sym.24,9,O8,O,1.0,-0.703752,False,-0.703752
DB0-m3_o12_o20_f0_pcu.sym.24,10,C3,C,1.0,0.926546,False,0.926546
DB0-m3_o12_o20_f0_pcu.sym.24,11,C4,C,1.0,0.966119,False,0.966119
DB0-m3_o12_o20_f0_pcu.sym.24,12,Zn1,Zn,1.0,1.008855,True,1.008855
DB0-m3_o12_o20_f0_pcu.sym.24,13,Zn2,Zn,1.0,1.018721,True,1.018721
DB0-m3_o12_o20_f0_pcu.sym.24,14,H1,H,1.0,0.244714,False,0.244714
DB0-m3_o12_o20_f0_pcu.sym.24,15,H2,H,1.0,0.251864,False,0.251864
DB0-m3_o12_o20_f0_pcu.sym.24,16,C5,C,1.0,-0.280732,False,-0.280732
DB0-m3_o12_o20_f0_pcu.sym.24,17,C6,C,1.0,-0.317877,False,-0.317877
DB0-m3_o12_o20_f0_pcu.sym.24,18,C7,C,1.0,0.111451,False,0.111451
DB0-m3_o12_o20_f0_pcu.sym.24,19,C8,C,1.0,0.142966,False,0.142966
DB0-m3_o12_o20_f0_pcu.sym.24,20,C9,C,1.0,-0.010332,False,-0.010332
DB0-m3_o12_o20_f0_pcu.sym.24,21,C10,C,1.0,-0.036547,False,-0.036547
DB0-m3_o12_o20_f0_pcu.sym.24,22,C11,C,1.0,-0.063191,False,-0.063191
DB0-m3_o12_o20_f0_pcu.sym.24,23,C12,C,1.0,-0.085117,False,-0.085117
DB0-m3_o12_o20_f0_pcu.sym.24,24,C13,C,1.0,-0.065849,False,-0.065849
DB0-m3_o12_o20_f0_pcu.sym.24,25,C14,C,1.0,-0.053841,False,-0.053841
DB0-m3_o12_o20_f0_pcu.sym.24,26,H3,H,1.0,0.178098,False,0.178098
DB0-m3_o12_o20_f0_pcu.sym.24,27,H4,H,1.0,0.147202,False,0.147202
DB0-m3_o12_o20_f0_pcu.sym.24,28,N1,N,1.0,-0.20386,False,-0.20386
DB0-m3_o12_o20_f0_pcu.sym.24,29,N2,N,1.0,-0.20033,False,-0.20033
DB0-m3_o12_o20_f0_pcu.sym.24,30,C15,C,1.0,0.087009,False,0.087009
DB0-m3_o12_o20_f0_pcu.sym.24,31,C16,C,1.0,0.065388,False,0.065388
DB0-m3_o12_o20_f0_pcu.sym.24,32,N3,N,1.0,0.593625,False,0.593625
DB0-m3_o12_o20_f0_pcu.sym.24,33,O9,O,1.0,-0.333186,False,-0.333186
DB0-m3_o12_o20_f0_pcu.sym.24,34,O10,O,1.0,-0.293349,False,-0.293349
DB0-m3_o12_o20_f0_pcu.sym.24,35,N4,N,1.0,0.568527,False,0.568527
DB0-m3_o12_o20_f0_pcu.sym.24,36,O11,O,1.0,-0.322046,False,-0.322046
DB0-m3_o12_o20_f0_pcu.sym.24,37,O12,O,1.0,-0.286026,False,-0.286026
DB0-m3_o12_o20_f0_pcu.sym.24,38,N5,N,1.0,0.714338,False,0.714338
DB0-m3_o12_o20_f0_pcu.sym.24,39,O13,O,1.0,-0.367077,False,-0.367077
DB0-m3_o12_o20_f0_pcu.sym.24,40,O14,O,1.0,-0.352089,False,-0.352089
DB0-m3_o12_o20_f0_pcu.sym.24,41,N6,N,1.0,0.707956,False,0.707956
DB0-m3_o12_o20_f0_pcu.sym.24,42,O15,O,1.0,-0.354261,False,-0.354261
DB0-m3_o12_o20_f0_pcu.sym.24,43,O16,O,1.0,-0.355175,False,-0.355175
DB0-m3_o152_o155_f0_fsc.sym.27,0,C1,C,1.0,-0.153575,False,-0.153575
DB0-m3_o152_o155_f0_fsc.sym.27,1,C2,C,1.0,-0.132142,False,-0.132142
DB0-m3_o152_o155_f0_fsc.sym.27,2,C3,C,1.0,-0.147753,False,-0.147753
DB0-m3_o152_o155_f0_fsc.sym.27,3,C4,C,1.0,-0.147368,False,-0.147368
DB0-m3_o152_o155_f0_fsc.sym.27,4,C5,C,1.0,0.00272,False,0.00272
DB0-m3_o152_o155_f0_fsc.sym.27,5,C6,C,1.0,-0.02802,False,-0.02802
DB0-m3_o152_o155_f0_fsc.sym.27,6,C7,C,1.0,-0.305658,False,-0.305658
DB0-m3_o152_o155_f0_fsc.sym.27,7,C8,C,1.0,-0.322665,False,-0.322665
DB0-m3_o152_o155_f0_fsc.sym.27,8,C9,C,1.0,0.18722,False,0.18722
DB0-m3_o152_o155_f0_fsc.sym.27,9,C10,C,1.0,0.158855,False,0.158855
DB0-m3_o152_o155_f0_fsc.sym.27,10,C11,C,1.0,0.098349,False,0.098349
DB0-m3_o152_o155_f0_fsc.sym.27,11,C12,C,1.0,0.134829,False,0.134829
DB0-m3_o152_o155_f0_fsc.sym.27,12,C13,C,1.0,0.013924,False,0.013924
DB0-m3_o152_o155_f0_fsc.sym.27,13,C14,C,1.0,0.025519,False,0.025519
DB0-m3_o152_o155_f0_fsc.sym.27,14,C15,C,1.0,-0.183618,False,-0.183618
DB0-m3_o152_o155_f0_fsc.sym.27,15,C16,C,1.0,-0.195085,False,-0.195085
DB0-m3_o152_o155_f0_fsc.sym.27,16,C17,C,1.0,-0.236726,False,-0.236726
DB0-m3_o152_o155_f0_fsc.sym.27,17,C18,C,1.0,-0.215733,False,-0.215733
DB0-m3_o152_o155_f0_fsc.sym.27,18,H1,H,1.0,0.134889,False,0.134889
DB0-m3_o152_o155_f0_fsc.sym.27,19,H2,H,1.0,0.133602,False,0.133602
DB0-m3_o152_o155_f0_fsc.sym.27,20,H3,H,1.0,0.122286,False,0.122286
DB0-m3_o152_o155_f0_fsc.sym.27,21,H4,H,1.0,0.136992,False,0.136992
DB0-m3_o152_o155_f0_fsc.sym.27,22,H5,H,1.0,0.13949,False,0.13949
DB0-m3_o152_o155_f0_fsc.sym.27,23,H6,H,1.0,0.138428,False,0.138428
DB0-m3_o152_o155_f0_fsc.sym.27,24,H7,H,1.0,0.10851,False,0.10851
DB0-m3_o152_o155_f0_fsc.sym.27,25,H8,H,1.0,0.121842,False,0.121842
DB0-m3_o152_o155_f0_fsc.sym.27,26,O1,O,1.0,-0.710282,False,-0.710282
DB0-m3_o152_o155_f0_fsc.sym.27,27,O2,O,1.0,-0.719369,False,-0.719369
DB0-m3_o152_o155_f0_fsc.sym.27,28,O3,O,1.0,-0.755393,False,-0.755393
DB0-m3_o152_o155_f0_fsc.sym.27,29,O4,O,1.0,-0.698295,False,-0.698295
DB0-m3_o152_o155_f0_fsc.sym.27,30,C19,C,1.0,0.89437,False,0.89437
DB0-m3_o152_o155_f0_fsc.sym.27,31,C20,C,1.0,0.838743,False,0.838743
DB0-m3_o152_o155_f0_fsc.sym.27,32,O5,O,1.0,-0.728781,False,-0.728781
DB0-m3_o152_o155_f0_fsc.sym.27,33,O6,O,1.0,-0.728952,False,-0.728952
DB0-m3_o152_o155_f0_fsc.sym.27,34,O7,O,1.0,-0.752239,False,-0.752239
DB0-m3_o152_o155_f0_fsc.sym.27,35,O8,O,1.0,-0.681745,False,-0.681745
DB0-m3_o152_o155_f0_fsc.sym.27,36,C21,C,1.0,0.910508,False,0.910508
DB0-m3_o152_o155_f0_fsc.sym.27,37,C22,C,1.0,0.842716,False,0.842716
DB0-m3_o152_o155_f0_fsc.sym.27,38,Zn1,Zn,1.0,1.047046,True,1.047046
DB0-m3_o152_o155_f0_fsc.sym.27,39,Zn2,Zn,1.0,1.034777,True,1.034777
DB0-m3_o152_o155_f0_fsc.sym.27,40,C23,C,1.0,-0.226388,False,-0.226388
DB0-m3_o152_o155_f0_fsc.sym.27,41,C24,C,1.0,-0.212004,False,-0.212004
DB0-m3_o152_o155_f0_fsc.sym.27,42,N1,N,1.0,0.176789,False,0.176789
DB0-m3_o152_o155_f0_fsc.sym.27,43,N2,N,1.0,0.184418,False,0.184418
DB0-m3_o152_o155_f0_fsc.sym.27,44,C25,C,1.0,-0.276641,False,-0.276641
DB0-m3_o152_o155_f0_fsc.sym.27,45,C26,C,1.0,-0.276078,False,-0.276078
DB0-m3_o152_o155_f0_fsc.sym.27,46,C27,C,1.0,-0.014768,False,-0.014768
DB0-m3_o152_o155_f0_fsc.sym.27,47,C28,C,1.0,-0.008522,False,-0.008522
DB0-m3_o152_o155_f0_fsc.sym.27,48,C29,C,1.0,0.150349,False,0.150349
DB0-m3_o152_o155_f0_fsc.sym.27,49,C30,C,1.0,0.129372,False,0.129372
DB0-m3_o152_o155_f0_fsc.sym.27,50,C31,C,1.0,-0.088823,False,-0.088823
DB0-m3_o152_o155_f0_fsc.sym.27,51,C32,C,1.0,-0.078156,False,-0.078156
DB0-m3_o152_o155_f0_fsc.sym.27,52,C33,C,1.0,0.234204,False,0.234204
DB0-m3_o152_o155_f0_fsc.sym.27,53,C34,C,1.0,0.22819,False,0.22819
DB0-m3_o152_o155_f0_fsc.sym.27,54,C35,C,1.0,0.043832,False,0.043832
DB0-m3_o152_o155_f0_fsc.sym.27,55,C36,C,1.0,0.052324,False,0.052324
DB0-m3_o152_o155_f0_fsc.sym.27,56,C37,C,1.0,0.037474,False,0.037474
DB0-m3_o152_o155_f0_fsc.sym.27,57,C38,C,1.0,0.04822,False,0.04822
DB0-m3_o152_o155_f0_fsc.sym.27,58,C39,C,1.0,0.028839,False,0.028839
DB0-m3_o152_o155_f0_fsc.sym.27,59,C40,C,1.0,0.022193,False,0.022193
DB0-m3_o152_o155_f0_fsc.sym.27,60,C41,C,1.0,-0.160695,False,-0.160695
DB0-m3_o152_o155_f0_fsc.sym.27,61,C42,C,1.0,-0.167523,False,-0.167523
DB0-m3_o152_o155_f0_fsc.sym.27,62,C43,C,1.0,-0.218382,False,-0.218382
DB0-m3_o152_o155_f0_fsc.sym.27,63,C44,C,1.0,-0.21955,False,-0.21955
DB0-m3_o152_o155_f0_fsc.sym.27,64,C45,C,1.0,-0.192403,False,-0.192403
DB0-m3_o152_o155_f0_fsc.sym.27,65,C46,C,1.0,-0.184541,False,-0.184541
DB0-m3_o152_o155_f0_fsc.sym.27,66,H9,H,1.0,0.14945,False,0.14945
DB0-m3_o152_o155_f0_fsc.sym.27,67,H10,H,1.0,0.148004,False,0.148004
DB0-m3_o152_o155_f0_fsc.sym.27,68,H11,H,1.0,0.147449,False,0.147449
DB0-m3_o152_o155_f0_fsc.sym.27,69,H12,H,1.0,0.153305,False,0.153305
DB0-m3_o152_o155_f0_fsc.sym.27,70,H13,H,1.0,0.166273,False,0.166273
DB0-m3_o152_o155_f0_fsc.sym.27,71,H14,H,1.0,0.159888,False,0.159888
DB0-m3_o152_o155_f0_fsc.sym.27,72,H15,H,1.0,0.181686,False,0.181686
DB0-m3_o152_o155_f0_fsc.sym.27,73,H16,H,1.0,0.179995,False,0.179995
DB0-m3_o152_o155_f0_fsc.sym.27,74,H17,H,1.0,0.184275,False,0.184275
DB0-m3_o152_o155_f0_fsc.sym.27,75,H18,H,1.0,0.184915,False,0.184915
DB0-m3_o152_o155_f0_fsc.sym.27,76,C47,C,1.0,0.660326,False,0.660326
DB0-m3_o152_o155_f0_fsc.sym.27,77,O9,O,1.0,-0.53015,False,-0.53015
DB0-m3_o152_o155_f0_fsc.sym.27,78,O10,O,1.0,-0.540802,False,-0.540802
DB0-m3_o152_o155_f0_fsc.sym.27,79,H19,H,1.0,0.389179,False,0.389179
DB0-m3_o152_o155_f0_fsc.sym.27,80,C48,C,1.0,0.651443,False,0.651443
DB0-m3_o152_o155_f0_fsc.sym.27,81,O11,O,1.0,-0.527538,False,-0.527538
DB0-m3_o152_o155_f0_fsc.sym.27,82,O12,O,1.0,-0.543241,False,-0.543241
DB0-m3_o152_o155_f0_fsc.sym.27,83,H20,H,1.0,0.391599,False,0.391599
DB0-m3_o440_o155_f0_fsc.sym.26,0,C1,C,1.0,-0.043588,False,-0.043588
DB0-m3_o440_o155_f0_fsc.sym.26,1,C2,C,1.0,0.007892,False,0.007892
DB0-m3_o440_o155_f0_fsc.sym.26,2,C3,C,1.0,-0.043583,False,-0.043583
DB0-m3_o440_o155_f0_fsc.sym.26,3,C4,C,1.0,0.007908,False,0.007908
DB0-m3_o440_o155_f0_fsc.sym.26,4,C5,C,1.0,-0.266716,False,-0.266716
DB0-m3_o440_o155_f0_fsc.sym.26,5,C6,C,1.0,-0.278167,False,-0.278167
DB0-m3_o440_o155_f0_fsc.sym.26,6,C7,C,1.0,-0.266736,False,-0.266736
DB0-m3_o440_o155_f0_fsc.sym.26,7,C8,C,1.0,-0.278166,False,-0.278166
DB0-m3_o440_o155_f0_fsc.sym.26,8,H1,H,1.0,0.132805,False,0.132805
DB0-m3_o440_o155_f0_fsc.sym.26,9,H2,H,1.0,0.131355,False,0.131355
DB0-m3_o440_o155_f0_fsc.sym.26,10,H3,H,1.0,0.132804,False,0.132804
DB0-m3_o440_o155_f0_fsc.sym.26,11,H4,H,1.0,0.131355,False,0.131355
DB0-m3_o440_o155_f0_fsc.sym.26,12,C9,C,1.0,0.356052,False,0.356052
DB0-m3_o440_o155_f0_fsc.sym.26,13,C10,C,1.0,0.356064,False,0.356064
DB0-m3_o440_o155_f0_fsc.sym.26,14,C11,C,1.0,-0.147792,False,-0.147792
DB0-m3_o440_o155_f0_fsc.sym.26,15,C12,C,1.0,-0.147775,False,-0.147775
DB0-m3_o440_o155_f0_fsc.sym.26,16,C13,C,1.0,-0.186976,False,-0.186976
DB0-m3_o440_o155_f0_fsc.sym.26,17,C14,C,1.0,-0.186976,False,-0.186976
DB0-m3_o440_o155_f0_fsc.sym.26,18,H5,H,1.0,0.137768,False,0.137768
DB0-m3_o440_o155_f0_fsc.sym.26,19,H6,H,1.0,0.137758,False,0.137758
DB0-m3_o440_o155_f0_fsc.sym.26,20,O1,O,1.0,-0.681351,False,-0.681351
DB0-m3_o440_o155_f0_fsc.sym.26,21,O2,O,1.0,-0.736762,False,-0.736762
DB0-m3_o440_o155_f0_fsc.sym.26,22,O3,O,1.0,-0.681359,False,-0.681359
DB0-m3_o440_o155_f0_fsc.sym.26,23,O4,O,1.0,-0.736749,False,-0.736749
DB0-m3_o440_o155_f0_fsc.sym.26,24,O5,O,1.0,-0.716549,False,-0.716549
DB0-m3_o440_o155_f0_fsc.sym.26,25,O6,O,1.0,-0.662311,False,-0.662311
DB0-m3_o440_o155_f0_fsc.sym.26,26,O7,O,1.0,-0.716563,False,-0.716563
DB0-m3_o440_o155_f0_fsc.sym.26,27,O8,O,1.0,-0.662294,False,-0.662294
DB0-m3_o440_o155_f0_fsc.sym.26,28,C15,C,1.0,0.798536,False,0.798536
DB0-m3_o440_o155_f0_fsc.sym.26,29,C16,C,1.0,0.824212,False,0.824212
DB0-m3_o440_o155_f0_fsc.sym.26,30,C17,C,1.0,0.798557,False,0.798557
DB0-m3_o440_o155_f0_fsc.sym.26,31,C18,C,1.0,0.824191,False,0.824191
DB0-m3_o440_o155_f0_fsc.sym.26,32,Zn1,Zn,1.0,1.042632,True,1.042632
DB0-m3_o440_o155_f0_fsc.sym.26,33,Zn2,Zn,1.0,1.042637,True,1.042637
DB0-m3_o440_o155_f0_fsc.sym.26,34,C19,C,1.0,-0.233416,False,-0.233416
DB0-m3_o440_o155_f0_fsc.sym.26,35,C20,C,1.0,-0.233463,False,-0.233463
DB0-m3_o440_o155_f0_fsc.sym.26,36,N1,N,1.0,0.147085,False,0.147085
DB0-m3_o440_o155_f0_fsc.sym.26,37,N2,N,1.0,0.147092,False,0.147092
DB0-m3_o440_o155_f0_fsc.sym.26,38,C21,C,1.0,-0.196312,False,-0.196312
DB0-m3_o440_o155_f0_fsc.sym.26,39,C22,C,1.0,-0.196347,False,-0.196347
DB0-m3_o440_o155_f0_fsc.sym.26,40,C23,C,1.0,-0.0183,False,-0.0183
DB0-m3_o440_o155_f0_fsc.sym.26,41,C24,C,1.0,-0.018488,False,-0.018488
DB0-m3_o440_o155_f0_fsc.sym.26,42,C25,C,1.0,0.172345,False,0.172345
DB0-m3_o440_o155_f0_fsc.sym.26,43,C26,C,1.0,0.17254,False,0.17254
DB0-m3_o440_o155_f0_fsc.sym.26,44,C27,C,1.0,-0.092258,False,-0.092258
DB0-m3_o440_o155_f0_fsc.sym.26,45,C28,C,1.0,-0.092362,False,-0.092362
DB0-m3_o440_o155_f0_fsc.sym.26,46,C29,C,1.0,0.156587,False,0.156587
DB0-m3_o440_o155_f0_fsc.sym.26,47,C30,C,1.0,0.156666,False,0.156666
DB0-m3_o440_o155_f0_fsc.sym.26,48,C31,C,1.0,0.056172,False,0.056172
DB0-m3_o440_o155_f0_fsc.sym.26,49,C32,C,1.0,0.05628,False,0.05628
DB0-m3_o440_o155_f0_fsc.sym.26,50,C33,C,1.0,0.054021,False,0.054021
DB0-m3_o440_o155_f0_fsc.sym.26,51,C34,C,1.0,0.05418,False,0.05418
DB0-m3_o440_o155_f0_fsc.sym.26,52,C35,C,1.0,0.020789,False,0.020789
DB0-m3_o440_o155_f0_fsc.sym.26,53,C36,C,1.0,0.020624,False,0.020624
DB0-m3_o440_o155_f0_fsc.sym.26,54,C37,C,1.0,-0.193039,False,-0.193039
DB0-m3_o440_o155_f0_fsc.sym.26,55,C38,C,1.0,-0.193076,False,-0.193076
DB0-m3_o440_o155_f0_fsc.sym.26,56,C39,C,1.0,-0.089575,False,-0.089575
DB0-m3_o440_o155_f0_fsc.sym.26,57,C40,C,1.0,-0.089546,False,-0.089546
DB0-m3_o440_o155_f0_fsc.sym.26,58,C41,C,1.0,-0.192778,False,-0.192778
DB0-m3_o440_o155_f0_fsc.sym.26,59,C42,C,1.0,-0.192645,False,-0.192645
DB0-m3_o440_o155_f0_fsc.sym.26,60,H7,H,1.0,0.176254,False,0.176254
DB0-m3_o440_o155_f0_fsc.sym.26,61,H8,H,1.0,0.176247,False,0.176247
DB0-m3_o440_o155_f0_fsc.sym.26,62,H9,H,1.0,0.175912,False,0.175912
DB0-m3_o440_o155_f0_fsc.sym.26,63,H10,H,1.0,0.175903,False,0.175903
DB0-m3_o440_o155_f0_fsc.sym.26,64,H11,H,1.0,0.169009,False,0.169009
DB0-m3_o440_o155_f0_fsc.sym.26,65,H12,H,1.0,0.169014,False,0.169014
DB0-m3_o440_o155_f0_fsc.sym.26,66,H13,H,1.0,0.186361,False,0.186361
DB0-m3_o440_o155_f0_fsc.sym.26,67,H14,H,1.0,0.186393,False,0.186393
DB0-m3_o440_o155_f0_fsc.sym.26,68,C43,C,1.0,0.636562,False,0.636562
DB0-m3_o440_o155_f0_fsc.sym.26,69,O9,O,1.0,-0.495217,False,-0.495217
DB0-m3_o440_o155_f0_fsc.sym.26,70,O10,O,1.0,-0.545007,False,-0.545007
DB0-m3_o440_o155_f0_fsc.sym.26,71,H15,H,1.0,0.399627,False,0.399627
DB0-m3_o440_o155_f0_fsc.sym.26,72,C44,C,1.0,0.636432,False,0.636432
DB0-m3_o440_o155_f0_fsc.sym.26,73,O11,O,1.0,-0.495161,False,-0.495161
DB0-m3_o440_o155_f0_fsc.sym.26,74,O12,O,1.0,-0.544994,False,-0.544994
DB0-m3_o440_o155_f0_fsc.sym.26,75,H16,H,1.0,0.399649,False,0.399649
DB0-m3_o440_o155_f0_fsc.sym.26,76,C45,C,1.0,0.641919,False,0.641919
DB0-m3_o440_o155_f0_fsc.sym.26,77,O13,O,1.0,-0.499872,False,-0.499872
DB0-m3_o440_o155_f0_fsc.sym.26,78,O14,O,1.0,-0.543868,False,-0.543868
DB0-m3_o440_o155_f0_fsc.sym.26,79,H17,H,1.0,0.395884,False,0.395884
DB0-m3_o440_o155_f0_fsc.sym.26,80,C46,C,1.0,0.641912,False,0.641912
DB0-m3_o440_o155_f0_fsc.sym.26,81,O15,O,1.0,-0.499863,False,-0.499863
DB0-m3_o440_o155_f0_fsc.sym.26,82,O16,O,1.0,-0.543868,False,-0.543868
DB0-m3_o440_o155_f0_fsc.sym.26,83,H18,H,1.0,0.395883,False,0.395883
DB0-m3_o6_o27_f0_nbo.sym.33,0,O1,O,1.0,-0.696941,False,-0.696941
DB0-m3_o6_o27_f0_nbo.sym.33,1,O2,O,1.0,-0.696864,False,-0.696864
DB0-m3_o6_o27_f0_nbo.sym.33,2,O3,O,1.0,-0.690633,False,-0.690633
DB0-m3_o6_o27_f0_nbo.sym.33,3,O4,O,1.0,-0.690564,False,-0.690564
DB0-m3_o6_o27_f0_nbo.sym.33,4,O5,O,1.0,-0.705859,False,-0.705859
DB0-m3_o6_o27_f0_nbo.sym.33,5,O6,O,1.0,-0.711563,False,-0.711563
DB0-m3_o6_o27_f0_nbo.sym.33,6,O7,O,1.0,-0.711439,False,-0.711439
DB0-m3_o6_o27_f0_nbo.sym.33,7,O8,O,1.0,-0.705799,False,-0.705799
DB0-m3_o6_o27_f0_nbo.sym.33,8,O9,O,1.0,-0.705873,False,-0.705873
DB0-m3_o6_o27_f0_nbo.sym.33,9,O10,O,1.0,-0.711418,False,-0.711418
DB0-m3_o6_o27_f0_nbo.sym.33,10,O11,O,1.0,-0.711457,False,-0.711457
DB0-m3_o6_o27_f0_nbo.sym.33,11,O12,O,1.0,-0.705853,False,-0.705853
DB0-m3_o6_o27_f0_nbo.sym.33,12,O13,O,1.0,-0.696892,False,-0.696892
DB0-m3_o6_o27_f0_nbo.sym.33,13,O14,O,1.0,-0.697071,False,-0.697071
DB0-m3_o6_o27_f0_nbo.sym.33,14,O15,O,1.0,-0.690438,False,-0.690438
DB0-m3_o6_o27_f0_nbo.sym.33,15,O16,O,1.0,-0.690573,False,-0.690573
DB0-m3_o6_o27_f0_nbo.sym.33,16,C1,C,1.0,0.792627,False,0.792627
DB0-m3_o6_o27_f0_nbo.sym.33,17,C2,C,1.0,0.792146,False,0.792146
DB0-m3_o6_o27_f0_nbo.sym.33,18,C3,C,1.0,0.779605,False,0.779605
DB0-m3_o6_o27_f0_nbo.sym.33,19,C4,C,1.0,0.777741,False,0.777741
DB0-m3_o6_o27_f0_nbo.sym.33,20,C5,C,1.0,0.779179,False,0.779179
DB0-m3_o6_o27_f0_nbo.sym.33,21,C6,C,1.0,0.792651,False,0.792651
DB0-m3_o6_o27_f0_nbo.sym.33,22,C7,C,1.0,0.792528,False,0.792528
DB0-m3_o6_o27_f0_nbo.sym.33,23,C8,C,1.0,0.779025,False,0.779025
DB0-m3_o6_o27_f0_nbo.sym.33,24,O17,O,1.0,-0.693284,False,-0.693284
DB0-m3_o6_o27_f0_nbo.sym.33,25,O18,O,1.0,-0.69349,False,-0.69349
DB0-m3_o6_o27_f0_nbo.sym.33,26,O19,O,1.0,-0.715687,False,-0.715687
DB0-m3_o6_o27_f0_nbo.sym.33,27,O20,O,1.0,-0.71567,False,-0.71567
DB0-m3_o6_o27_f0_nbo.sym.33,28,O21,O,1.0,-0.714793,False,-0.714793
DB0-m3_o6_o27_f0_nbo.sym.33,29,O22,O,1.0,-0.695158,False,-0.695158
DB0-m3_o6_o27_f0_nbo.sym.33,30,O23,O,1.0,-0.694302,False,-0.694302
DB0-m3_o6_o27_f0_nbo.sym.33,31,O24,O,1.0,-0.716129,False,-0.716129
DB0-m3_o6_o27_f0_nbo.sym.33,32,O25,O,1.0,-0.715453,False,-0.715453
DB0-m3_o6_o27_f0_nbo.sym.33,33,O26,O,1.0,-0.694597,False,-0.694597
DB0-m3_o6_o27_f0_nbo.sym.33,34,O27,O,1.0,-0.694649,False,-0.694649
DB0-m3_o6_o27_f0_nbo.sym.33,35,O28,O,1.0,-0.715087,False,-0.715087
DB0-m3_o6_o27_f0_nbo.sym.33,36,O29,O,1.0,-0.693669,False,-0.693669
DB0-m3_o6_o27_f0_nbo.sym.33,37,O30,O,1.0,-0.693185,False,-0.693185
DB0-m3_o6_o27_f0_nbo.sym.33,38,O31,O,1.0,-0.715768,False,-0.715768
DB0-m3_o6_o27_f0_nbo.sym.33,39,O32,O,1.0,-0.715551,False,-0.715551
DB0-m3_o6_o27_f0_nbo.sym.33,40,C9,C,1.0,0.767605,False,0.767605
DB0-m3_o6_o27_f0_nbo.sym.33,41,C10,C,1.0,0.769038,False,0.769038
DB0-m3_o6_o27_f0_nbo.sym.33,42,C11,C,1.0,0.766515,False,0.766515
DB0-m3_o6_o27_f0_nbo.sym.33,43,C12,C,1.0,0.769523,False,0.769523
DB0-m3_o6_o27_f0_nbo.sym.33,44,C13,C,1.0,0.767255,False,0.767255
DB0-m3_o6_o27_f0_nbo.sym.33,45,C14,C,1.0,0.767104,False,0.767104
DB0-m3_o6_o27_f0_nbo.sym.33,46,C15,C,1.0,0.767813,False,0.767813
DB0-m3_o6_o27_f0_nbo.sym.33,47,C16,C,1.0,0.767351,False,0.767351
DB0-m3_o6_o27_f0_nbo.sym.33,48,Zn1,Zn,1.0,1.330984,True,1.330984
DB0-m3_o6_o27_f0_nbo.sym.33,49,Zn2,Zn,1.0,1.331372,True,1.331372
DB0-m3_o6_o27_f0_nbo.sym.33,50,Zn3,Zn,1.0,1.331358,True,1.331358
DB0-m3_o6_o27_f0_nbo.sym.33,51,Zn4,Zn,1.0,1.331516,True,1.331516
DB0-m3_o6_o27_f0_nbo.sym.33,52,Zn5,Zn,1.0,1.331359,True,1.331359
DB0-m3_o6_o27_f0_nbo.sym.33,53,Zn6,Zn,1.0,1.331418,True,1.331418
DB0-m3_o6_o27_f0_nbo.sym.33,54,Zn7,Zn,1.0,1.331367,True,1.331367
DB0-m3_o6_o27_f0_nbo.sym.33,55,Zn8,Zn,1.0,1.331159,True,1.331159
DB0-m3_o6_o27_f0_nbo.sym.33,56,C17,C,1.0,0.337215,False,0.337215
DB0-m3_o6_o27_f0_nbo.sym.33,57,C18,C,1.0,0.336626,False,0.336626
DB0-m3_o6_o27_f0_nbo.sym.33,58,C19,C,1.0,0.332787,False,0.332787
DB0-m3_o6_o27_f0_nbo.sym.33,59,C20,C,1.0,0.333723,False,0.333723
DB0-m3_o6_o27_f0_nbo.sym.33,60,C21,C,1.0,0.329082,False,0.329082
DB0-m3_o6_o27_f0_nbo.sym.33,61,C22,C,1.0,0.335661,False,0.335661
DB0-m3_o6_o27_f0_nbo.sym.33,62,C23,C,1.0,0.333502,False,0.333502
DB0-m3_o6_o27_f0_nbo.sym.33,63,C24,C,1.0,0.329984,False,0.329984
DB0-m3_o6_o27_f0_nbo.sym.33,64,C25,C,1.0,0.327673,False,0.327673
DB0-m3_o6_o27_f0_nbo.sym.33,65,C26,C,1.0,0.333745,False,0.333745
DB0-m3_o6_o27_f0_nbo.sym.33,66,C27,C,1.0,0.331563,False,0.331563
DB0-m3_o6_o27_f0_nbo.sym.33,67,C28,C,1.0,0.328745,False,0.328745
DB0-m3_o6_o27_f0_nbo.sym.33,68,C29,C,1.0,0.335465,False,0.335465
DB0-m3_o6_o27_f0_nbo.sym.33,69,C30,C,1.0,0.337807,False,0.337807
DB0-m3_o6_o27_f0_nbo.sym.33,70,C31,C,1.0,0.332976,False,0.332976
DB0-m3_o6_o27_f0_nbo.sym.33,71,C32,C,1.0,0.333605,False,0.333605
DB0-m3_o6_o27_f0_nbo.sym.33,72,C33,C,1.0,-0.125869,False,-0.125869
DB0-m3_o6_o27_f0_nbo.sym.33,73,C34,C,1.0,-0.124958,False,-0.124958
DB0-m3_o6_o27_f0_nbo.sym.33,74,C35,C,1.0,-0.122422,False,-0.122422
DB0-m3_o6_o27_f0_nbo.sym.33,75,C36,C,1.0,-0.122858,False,-0.122858
DB0-m3_o6_o27_f0_nbo.sym.33,76,C37,C,1.0,-0.122205,False,-0.122205
DB0-m3_o6_o27_f0_nbo.sym.33,77,C38,C,1.0,-0.128233,False,-0.128233
DB0-m3_o6_o27_f0_nbo.sym.33,78,C39,C,1.0,-0.125724,False,-0.125724
DB0-m3_o6_o27_f0_nbo.sym.33,79,C40,C,1.0,-0.124759,False,-0.124759
DB0-m3_o6_o27_f0_nbo.sym.33,80,C41,C,1.0,-0.120489,False,-0.120489
DB0-m3_o6_o27_f0_nbo.sym.33,81,C42,C,1.0,-0.125676,False,-0.125676
DB0-m3_o6_o27_f0_nbo.sym.33,82,C43,C,1.0,-0.123126,False,-0.123126
DB0-m3_o6_o27_f0_nbo.sym.33,83,C44,C,1.0,-0.121639,False,-0.121639
DB0-m3_o6_o27_f0_nbo.sym.33,84,C45,C,1.0,-0.12385,False,-0.12385
DB0-m3_o6_o27_f0_nbo.sym.33,85,C46,C,1.0,-0.12667,False,-0.12667
DB0-m3_o6_o27_f0_nbo.sym.33,86,C47,C,1.0,-0.122962,False,-0.122962
DB0-m3_o6_o27_f0_nbo.sym.33,87,C48,C,1.0,-0.123688,False,-0.123688
DB0-m3_o6_o27_f0_nbo.sym.33,88,H1,H,1.0,0.059014,False,0.059014
DB0-m3_o6_o27_f0_nbo.sym.33,89,H2,H,1.0,0.05856,False,0.05856
DB0-m3_o6_o27_f0_nbo.sym.33,90,H3,H,1.0,0.058695,False,0.058695
DB0-m3_o6_o27_f0_nbo.sym.33,91,H4,H,1.0,0.058381,False,0.058381
DB0-m3_o6_o27_f0_nbo.sym.33,92,H5,H,1.0,0.057454,False,0.057454
DB0-m3_o6_o27_f0_nbo.sym.33,93,H6,H,1.0,0.058643,False,0.058643
DB0-m3_o6_o27_f0_nbo.sym.33,94,H7,H,1.0,0.058297,False,0.058297
DB0-m3_o6_o27_f0_nbo.sym.33,95,H8,H,1.0,0.058209,False,0.058209
DB0-m3_o6_o27_f0_nbo.sym.33,96,H9,H,1.0,0.057453,False,0.057453
DB0-m3_o6_o27_f0_nbo.sym.33,97,H10,H,1.0,0.058304,False,0.058304
DB0-m3_o6_o27_f0_nbo.sym.33,98,H11,H,1.0,0.057804,False,0.057804
DB0-m3_o6_o27_f0_nbo.sym.33,99,H12,H,1.0,0.057396,False,0.057396
DB0-m3_o6_o27_f0_nbo.sym.33,100,H13,H,1.0,0.058472,False,0.058472
DB0-m3_o6_o27_f0_nbo.sym.33,101,H14,H,1.0,0.059092,False,0.059092
DB0-m3_o6_o27_f0_nbo.sym.33,102,H15,H,1.0,0.058799,False,0.058799
DB0-m3_o6_o27_f0_nbo.sym.33,103,H16,H,1.0,0.059007,False,0.059007
DB0-m3_o6_o27_f0_nbo.sym.33,104,C49,C,1.0,-0.47599,False,-0.47599
DB0-m3_o6_o27_f0_nbo.sym.33,105,C50,C,1.0,-0.47504,False,-0.47504
DB0-m3_o6_o27_f0_nbo.sym.33,106,C51,C,1.0,-0.467283,False,-0.467283
DB0-m3_o6_o27_f0_nbo.sym.33,107,C52,C,1.0,-0.464145,False,-0.464145
DB0-m3_o6_o27_f0_nbo.sym.33,108,C53,C,1.0,-0.470586,False,-0.470586
DB0-m3_o6_o27_f0_nbo.sym.33,109,C54,C,1.0,-0.468126,False,-0.468126
DB0-m3_o6_o27_f0_nbo.sym.33,110,C55,C,1.0,-0.476811,False,-0.476811
DB0-m3_o6_o27_f0_nbo.sym.33,111,C56,C,1.0,-0.474922,False,-0.474922
DB0-m3_o6_o27_f0_nbo.sym.33,112,C57,C,1.0,-0.162711,False,-0.162711
DB0-m3_o6_o27_f0_nbo.sym.33,113,C58,C,1.0,-0.164038,False,-0.164038
DB0-m3_o6_o27_f0_nbo.sym.33,114,C59,C,1.0,-0.165414,False,-0.165414
DB0-m3_o6_o27_f0_nbo.sym.33,115,C60,C,1.0,-0.167661,False,-0.167661
DB0-m3_o6_o27_f0_nbo.sym.33,116,C61,C,1.0,-0.163854,False,-0.163854
DB0-m3_o6_o27_f0_nbo.sym.33,117,C62,C,1.0,-0.165598,False,-0.165598
DB0-m3_o6_o27_f0_nbo.sym.33,118,C63,C,1.0,-0.162081,False,-0.162081
DB0-m3_o6_o27_f0_nbo.sym.33,119,C64,C,1.0,-0.163037,False,-0.163037
DB0-m3_o6_o27_f0_nbo.sym.33,120,N1,N,1.0,-0.360615,False,-0.360615
DB0-m3_o6_o27_f0_nbo.sym.33,121,N2,N,1.0,-0.35924,False,-0.35924
DB0-m3_o6_o27_f0_nbo.sym.33,122,N3,N,1.0,-0.360073,False,-0.360073
DB0-m3_o6_o27_f0_nbo.sym.33,123,N4,N,1.0,-0.359578,False,-0.359578
DB0-m3_o6_o27_f0_nbo.sym.33,124,N5,N,1.0,-0.356437,False,-0.356437
DB0-m3_o6_o27_f0_nbo.sym.33,125,N6,N,1.0,-0.356708,False,-0.356708
DB0-m3_o6_o27_f0_nbo.sym.33,126,N7,N,1.0,-0.356628,False,-0.356628
DB0-m3_o6_o27_f0_nbo.sym.33,127,N8,N,1.0,-0.356445,False,-0.356445
DB0-m3_o6_o27_f0_nbo.sym.33,128,N9,N,1.0,-0.356812,False,-0.356812
DB0-m3_o6_o27_f0_nbo.sym.33,129,N10,N,1.0,-0.356674,False,-0.356674
DB0-m3_o6_o27_f0_nbo.sym.33,130,N11,N,1.0,-0.357217,False,-0.357217
DB0-m3_o6_o27_f0_nbo.sym.33,131,N12,N,1.0,-0.356622,False,-0.356622
DB0-m3_o6_o27_f0_nbo.sym.33,132,N13,N,1.0,-0.360732,False,-0.360732
DB0-m3_o6_o27_f0_nbo.sym.33,133,N14,N,1.0,-0.360477,False,-0.360477
DB0-m3_o6_o27_f0_nbo.sym.33,134,N15,N,1.0,-0.360999,False,-0.360999
DB0-m3_o6_o27_f0_nbo.sym.33,135,N16,N,1.0,-0.35991,False,-0.35991
DB0-m3_o6_o27_f0_nbo.sym.33,136,C65,C,1.0,0.986965,False,0.986965
DB0-m3_o6_o27_f0_nbo.sym.33,137,C66,C,1.0,0.988289,False,0.988289
DB0-m3_o6_o27_f0_nbo.sym.33,138,C67,C,1.0,0.975656,False,0.975656
DB0-m3_o6_o27_f0_nbo.sym.33,139,C68,C,1.0,0.977036,False,0.977036
DB0-m3_o6_o27_f0_nbo.sym.33,140,C69,C,1.0,0.974341,False,0.974341
DB0-m3_o6_o27_f0_nbo.sym.33,141,C70,C,1.0,0.97501,False,0.97501
DB0-m3_o6_o27_f0_nbo.sym.33,142,C71,C,1.0,0.985574,False,0.985574
DB0-m3_o6_o27_f0_nbo.sym.33,143,C72,C,1.0,0.987326,False,0.987326
DB0-m3_o6_o27_f0_nbo.sym.33,144,H17,H,1.0,0.152423,False,0.152423
DB0-m3_o6_o27_f0_nbo.sym.33,145,H18,H,1.0,0.152478,False,0.152478
DB0-m3_o6_o27_f0_nbo.sym.33,146,H19,H,1.0,0.152449,False,0.152449
DB0-m3_o6_o27_f0_nbo.sym.33,147,H20,H,1.0,0.152583,False,0.152583
DB0-m3_o6_o27_f0_nbo.sym.33,148,H21,H,1.0,0.151411,False,0.151411
DB0-m3_o6_o27_f0_nbo.sym.33,149,H22,H,1.0,0.151728,False,0.151728
DB0-m3_o6_o27_f0_nbo.sym.33,150,H23,H,1.0,0.151969,False,0.151969
DB0-m3_o6_o27_f0_nbo.sym.33,151,H24,H,1.0,0.151594,False,0.151594
DB0-m3_o6_o27_f0_nbo.sym.33,152,H25,H,1.0,0.15136,False,0.15136
DB0-m3_o6_o27_f0_nbo.sym.33,153,H26,H,1.0,0.152032,False,0.152032
DB0-m3_o6_o27_f0_nbo.sym.33,154,H27,H,1.0,0.152233,False,0.152233
DB0-m3_o6_o27_f0_nbo.sym.33,155,H28,H,1.0,0.151453,False,0.151453
DB0-m3_o6_o27_f0_nbo.sym.33,156,H29,H,1.0,0.152304,False,0.152304
DB0-m3_o6_o27_f0_nbo.sym.33,157,H30,H,1.0,0.152612,False,0.152612
DB0-m3_o6_o27_f0_nbo.sym.33,158,H31,H,1.0,0.152136,False,0.152136
DB0-m3_o6_o27_f0_nbo.sym.33,159,H32,H,1.0,0.152226,False,0.152226
DB0-m3_o6_o27_f0_nbo.sym.33,160,C73,C,1.0,-0.201405,False,-0.201405
DB0-m3_o6_o27_f0_nbo.sym.33,161,C74,C,1.0,-0.203408,False,-0.203408
DB0-m3_o6_o27_f0_nbo.sym.33,162,C75,C,1.0,-0.201281,False,-0.201281
DB0-m3_o6_o27_f0_nbo.sym.33,163,C76,C,1.0,-0.201894,False,-0.201894
DB0-m3_o6_o27_f0_nbo.sym.33,164,C77,C,1.0,-0.200224,False,-0.200224
DB0-m3_o6_o27_f0_nbo.sym.33,165,C78,C,1.0,-0.201109,False,-0.201109
DB0-m3_o6_o27_f0_nbo.sym.33,166,C79,C,1.0,-0.200075,False,-0.200075
DB0-m3_o6_o27_f0_nbo.sym.33,167,C80,C,1.0,-0.20084,False,-0.20084
DB0-m3_o6_o27_f0_nbo.sym.33,168,C81,C,1.0,-0.199307,False,-0.199307
DB0-m3_o6_o27_f0_nbo.sym.33,169,C82,C,1.0,-0.200281,False,-0.200281
DB0-m3_o6_o27_f0_nbo.sym.33,170,C83,C,1.0,-0.200248,False,-0.200248
DB0-m3_o6_o27_f0_nbo.sym.33,171,C84,C,1.0,-0.199404,False,-0.199404
DB0-m3_o6_o27_f0_nbo.sym.33,172,C85,C,1.0,-0.203025,False,-0.203025
DB0-m3_o6_o27_f0_nbo.sym.33,173,C86,C,1.0,-0.201286,False,-0.201286
DB0-m3_o6_o27_f0_nbo.sym.33,174,C87,C,1.0,-0.201653,False,-0.201653
DB0-m3_o6_o27_f0_nbo.sym.33,175,C88,C,1.0,-0.201085,False,-0.201085
DB0-m3_o6_o27_f0_nbo.sym.33,176,H33,H,1.0,0.156586,False,0.156586
DB0-m3_o6_o27_f0_nbo.sym.33,177,H34,H,1.0,0.156976,False,0.156976
DB0-m3_o6_o27_f0_nbo.sym.33,178,H35,H,1.0,0.155915,False,0.155915
DB0-m3_o6_o27_f0_nbo.sym.33,179,H36,H,1.0,0.156358,False,0.156358
DB0-m3_o6_o27_f0_nbo.sym.33,180,H37,H,1.0,0.155743,False,0.155743
DB0-m3_o6_o27_f0_nbo.sym.33,181,H38,H,1.0,0.156289,False,0.156289
DB0-m3_o6_o27_f0_nbo.sym.33,182,H39,H,1.0,0.155782,False,0.155782
DB0-m3_o6_o27_f0_nbo.sym.33,183,H40,H,1.0,0.155537,False,0.155537
DB0-m3_o6_o27_f0_nbo.sym.33,184,H41,H,1.0,0.15598,False,0.15598
DB0-m3_o6_o27_f0_nbo.sym.33,185,H42,H,1.0,0.155792,False,0.155792
DB0-m3_o6_o27_f0_nbo.sym.33,186,H43,H,1.0,0.155336,False,0.155336
DB0-m3_o6_o27_f0_nbo.sym.33,187,H44,H,1.0,0.155588,False,0.155588
DB0-m3_o6_o27_f0_nbo.sym.33,188,H45,H,1.0,0.156485,False,0.156485
DB0-m3_o6_o27_f0_nbo.sym.33,189,H46,H,1.0,0.156613,False,0.156613
DB0-m3_o6_o27_f0_nbo.sym.33,190,H47,H,1.0,0.156615,False,0.156615
DB0-m3_o6_o27_f0_nbo.sym.33,191,H48,H,1.0,0.15589,False,0.15589
DB0-m3_o6_o27_f0_nbo.sym.33,192,C89,C,1.0,0.327487,False,0.327487
DB0-m3_o6_o27_f0_nbo.sym.33,193,C90,C,1.0,0.328458,False,0.328458
DB0-m3_o6_o27_f0_nbo.sym.33,194,C91,C,1.0,0.328163,False,0.328163
DB0-m3_o6_o27_f0_nbo.sym.33,195,C92,C,1.0,0.327998,False,0.327998
DB0-m3_o6_o27_f0_nbo.sym.33,196,C93,C,1.0,0.326844,False,0.326844
DB0-m3_o6_o27_f0_nbo.sym.33,197,C94,C,1.0,0.328169,False,0.328169
DB0-m3_o6_o27_f0_nbo.sym.33,198,C95,C,1.0,0.3287,False,0.3287
DB0-m3_o6_o27_f0_nbo.sym.33,199,C96,C,1.0,0.325952,False,0.325952
DB0-m3_o6_o27_f0_nbo.sym.33,200,C97,C,1.0,-0.209554,False,-0.209554
DB0-m3_o6_o27_f0_nbo.sym.33,201,C98,C,1.0,-0.208746,False,-0.208746
DB0-m3_o6_o27_f0_nbo.sym.33,202,C99,C,1.0,-0.209097,False,-0.209097
DB0-m3_o6_o27_f0_nbo.sym.33,203,C100,C,1.0,-0.209377,False,-0.209377
DB0-m3_o6_o27_f0_nbo.sym.33,204,C101,C,1.0,-0.210597,False,-0.210597
DB0-m3_o6_o27_f0_nbo.sym.33,205,C102,C,1.0,-0.209421,False,-0.209421
DB0-m3_o6_o27_f0_nbo.sym.33,206,C103,C,1.0,-0.210861,False,-0.210861
DB0-m3_o6_o27_f0_nbo.sym.33,207,C104,C,1.0,-0.21152,False,-0.21152
DB0-m3_o6_o27_f0_nbo.sym.33,208,C105,C,1.0,-0.210444,False,-0.210444
DB0-m3_o6_o27_f0_nbo.sym.33,209,C106,C,1.0,-0.21164,False,-0.21164
DB0-m3_o6_o27_f0_nbo.sym.33,210,C107,C,1.0,-0.209093,False,-0.209093
DB0-m3_o6_o27_f0_nbo.sym.33,211,C108,C,1.0,-0.209858,False,-0.209858
DB0-m3_o6_o27_f0_nbo.sym.33,212,C109,C,1.0,-0.20929,False,-0.20929
DB0-m3_o6_o27_f0_nbo.sym.33,213,C110,C,1.0,-0.209794,False,-0.209794
DB0-m3_o6_o27_f0_nbo.sym.33,214,C111,C,1.0,-0.210091,False,-0.210091
DB0-m3_o6_o27_f0_nbo.sym.33,215,C112,C,1.0,-0.209215,False,-0.209215
DB0-m3_o6_o27_f0_nbo.sym.33,216,C113,C,1.0,0.348562,False,0.348562
DB0-m3_o6_o27_f0_nbo.sym.33,217,C114,C,1.0,0.347552,False,0.347552
DB0-m3_o6_o27_f0_nbo.sym.33,218,C115,C,1.0,0.347392,False,0.347392
DB0-m3_o6_o27_f0_nbo.sym.33,219,C116,C,1.0,0.350206,False,0.350206
DB0-m3_o6_o27_f0_nbo.sym.33,220,C117,C,1.0,0.348785,False,0.348785
DB0-m3_o6_o27_f0_nbo.sym.33,221,C118,C,1.0,0.349314,False,0.349314
DB0-m3_o6_o27_f0_nbo.sym.33,222,C119,C,1.0,0.346568,False,0.346568
DB0-m3_o6_o27_f0_nbo.sym.33,223,C120,C,1.0,0.347055,False,0.347055
DB0-m3_o6_o27_f0_nbo.sym.33,224,C121,C,1.0,-0.227763,False,-0.227763
DB0-m3_o6_o27_f0_nbo.sym.33,225,C122,C,1.0,-0.227815,False,-0.227815
DB0-m3_o6_o27_f0_nbo.sym.33,226,C123,C,1.0,-0.229565,False,-0.229565
DB0-m3_o6_o27_f0_nbo.sym.33,227,C124,C,1.0,-0.226767,False,-0.226767
DB0-m3_o6_o27_f0_nbo.sym.33,228,C125,C,1.0,-0.228592,False,-0.228592
DB0-m3_o6_o27_f0_nbo.sym.33,229,C126,C,1.0,-0.228172,False,-0.228172
DB0-m3_o6_o27_f0_nbo.sym.33,230,C127,C,1.0,-0.227812,False,-0.227812
DB0-m3_o6_o27_f0_nbo.sym.33,231,C128,C,1.0,-0.227114,False,-0.227114
DB0-m3_o6_o27_f0_nbo.sym.33,232,C129,C,1.0,-0.241885,False,-0.241885
DB0-m3_o6_o27_f0_nbo.sym.33,233,C130,C,1.0,-0.241596,False,-0.241596
DB0-m3_o6_o27_f0_nbo.sym.33,234,C131,C,1.0,-0.241395,False,-0.241395
DB0-m3_o6_o27_f0_nbo.sym.33,235,C132,C,1.0,-0.244925,False,-0.244925
DB0-m3_o6_o27_f0_nbo.sym.33,236,C133,C,1.0,-0.241909,False,-0.241909
DB0-m3_o6_o27_f0_nbo.sym.33,237,C134,C,1.0,-0.242251,False,-0.242251
DB0-m3_o6_o27_f0_nbo.sym.33,238,C135,C,1.0,-0.241173,False,-0.241173
DB0-m3_o6_o27_f0_nbo.sym.33,239,C136,C,1.0,-0.241551,False,-0.241551
DB0-m3_o6_o27_f0_nbo.sym.33,240,C137,C,1.0,-0.057593,False,-0.057593
DB0-m3_o6_o27_f0_nbo.sym.33,241,C138,C,1.0,-0.057431,False,-0.057431
DB0-m3_o6_o27_f0_nbo.sym.33,242,C139,C,1.0,-0.054709,False,-0.054709
DB0-m3_o6_o27_f0_nbo.sym.33,243,C140,C,1.0,-0.051635,False,-0.051635
DB0-m3_o6_o27_f0_nbo.sym.33,244,C141,C,1.0,-0.054089,False,-0.054089
DB0-m3_o6_o27_f0_nbo.sym.33,245,C142,C,1.0,-0.057385,False,-0.057385
DB0-m3_o6_o27_f0_nbo.sym.33,246,C143,C,1.0,-0.057897,False,-0.057897
DB0-m3_o6_o27_f0_nbo.sym.33,247,C144,C,1.0,-0.054168,False,-0.054168
DB0-m3_o6_o27_f0_nbo.sym.33,248,C145,C,1.0,-0.047382,False,-0.047382
DB0-m3_o6_o27_f0_nbo.sym.33,249,C146,C,1.0,-0.047535,False,-0.047535
DB0-m3_o6_o27_f0_nbo.sym.33,250,C147,C,1.0,-0.045115,False,-0.045115
DB0-m3_o6_o27_f0_nbo.sym.33,251,C148,C,1.0,-0.048449,False,-0.048449
DB0-m3_o6_o27_f0_nbo.sym.33,252,C149,C,1.0,-0.046307,False,-0.046307
DB0-m3_o6_o27_f0_nbo.sym.33,253,C150,C,1.0,-0.047602,False,-0.047602
DB0-m3_o6_o27_f0_nbo.sym.33,254,C151,C,1.0,-0.04664,False,-0.04664
DB0-m3_o6_o27_f0_nbo.sym.33,255,C152,C,1.0,-0.047241,False,-0.047241
DB0-m3_o6_o27_f0_nbo.sym.33,256,O33,O,1.0,-0.691213,False,-0.691213
DB0-m3_o6_o27_f0_nbo.sym.33,257,O34,O,1.0,-0.690731,False,-0.690731
DB0-m3_o6_o27_f0_nbo.sym.33,258,O35,O,1.0,-0.675348,False,-0.675348
DB0-m3_o6_o27_f0_nbo.sym.33,259,O36,O,1.0,-0.674455,False,-0.674455
DB0-m3_o6_o27_f0_nbo.sym.33,260,O37,O,1.0,-0.675312,False,-0.675312
DB0-m3_o6_o27_f0_nbo.sym.33,261,O38,O,1.0,-0.690661,False,-0.690661
DB0-m3_o6_o27_f0_nbo.sym.33,262,O39,O,1.0,-0.691326,False,-0.691326
DB0-m3_o6_o27_f0_nbo.sym.33,263,O40,O,1.0,-0.674728,False,-0.674728
DB0-m3_o6_o27_f0_nbo.sym.33,264,O41,O,1.0,-0.691217,False,-0.691217
DB0-m3_o6_o27_f0_nbo.sym.33,265,O42,O,1.0,-0.690957,False,-0.690957
DB0-m3_o6_o27_f0_nbo.sym.33,266,O43,O,1.0,-0.675158,False,-0.675158
DB0-m3_o6_o27_f0_nbo.sym.33,267,O44,O,1.0,-0.675064,False,-0.675064
DB0-m3_o6_o27_f0_nbo.sym.33,268,O45,O,1.0,-0.674854,False,-0.674854
DB0-m3_o6_o27_f0_nbo.sym.33,269,O46,O,1.0,-0.690866,False,-0.690866
DB0-m3_o6_o27_f0_nbo.sym.33,270,O47,O,1.0,-0.691159,False,-0.691159
DB0-m3_o6_o27_f0_nbo.sym.33,271,O48,O,1.0,-0.674911,False,-0.674911
DB0-m3_o6_o27_f0_nbo.sym.33,272,C153,C,1.0,0.746674,False,0.746674
DB0-m3_o6_o27_f0_nbo.sym.33,273,C154,C,1.0,0.745078,False,0.745078
DB0-m3_o6_o27_f0_nbo.sym.33,274,C155,C,1.0,0.747658,False,0.747658
DB0-m3_o6_o27_f0_nbo.sym.33,275,C156,C,1.0,0.745297,False,0.745297
DB0-m3_o6_o27_f0_nbo.sym.33,276,C157,C,1.0,0.746397,False,0.746397
DB0-m3_o6_o27_f0_nbo.sym.33,277,C158,C,1.0,0.745809,False,0.745809
DB0-m3_o6_o27_f0_nbo.sym.33,278,C159,C,1.0,0.746856,False,0.746856
DB0-m3_o6_o27_f0_nbo.sym.33,279,C160,C,1.0,0.745218,False,0.745218
DB0-m3_o6_o27_f0_nbo.sym.33,280,Zn9,Zn,1.0,1.32026,True,1.32026
DB0-m3_o6_o27_f0_nbo.sym.33,281,Zn10,Zn,1.0,1.320552,True,1.320552
DB0-m3_o6_o27_f0_nbo.sym.33,282,Zn11,Zn,1.0,1.320865,True,1.320865
DB0-m3_o6_o27_f0_nbo.sym.33,283,Zn12,Zn,1.0,1.320359,True,1.320359
DB0-m3_o6_o27_f0_nbo.sym.33,284,N17,N,1.0,-0.664267,False,-0.664267
DB0-m3_o6_o27_f0_nbo.sym.33,285,H49,H,1.0,0.271389,False,0.271389
DB0-m3_o6_o27_f0_nbo.sym.33,286,H50,H,1.0,0.303899,False,0.303899
DB0-m3_o6_o27_f0_nbo.sym.33,287,N18,N,1.0,-0.664543,False,-0.664543
DB0-m3_o6_o27_f0_nbo.sym.33,288,H51,H,1.0,0.271344,False,0.271344
DB0-m3_o6_o27_f0_nbo.sym.33,289,H52,H,1.0,0.304167,False,0.304167
DB0-m3_o6_o27_f0_nbo.sym.33,290,N19,N,1.0,-0.670883,False,-0.670883
DB0-m3_o6_o27_f0_nbo.sym.33,291,H53,H,1.0,0.275876,False,0.275876
DB0-m3_o6_o27_f0_nbo.sym.33,292,H54,H,1.0,0.305734,False,0.305734
DB0-m3_o6_o27_f0_nbo.sym.33,293,N20,N,1.0,-0.671143,False,-0.671143
DB0-m3_o6_o27_f0_nbo.sym.33,294,H55,H,1.0,0.276008,False,0.276008
DB0-m3_o6_o27_f0_nbo.sym.33,295,H56,H,1.0,0.305795,False,0.305795
DB0-m3_o6_o27_f0_nbo.sym.33,296,N21,N,1.0,-0.662648,False,-0.662648
DB0-m3_o6_o27_f0_nbo.sym.33,297,H57,H,1.0,0.274643,False,0.274643
DB0-m3_o6_o27_f0_nbo.sym.33,298,H58,H,1.0,0.303159,False,0.303159
DB0-m3_o6_o27_f0_nbo.sym.33,299,N22,N,1.0,-0.656688,False,-0.656688
DB0-m3_o6_o27_f0_nbo.sym.33,300,H59,H,1.0,0.270594,False,0.270594
DB0-m3_o6_o27_f0_nbo.sym.33,301,H60,H,1.0,0.300552,False,0.300552
DB0-m3_o6_o27_f0_nbo.sym.33,302,N23,N,1.0,-0.656772,False,-0.656772
DB0-m3_o6_o27_f0_nbo.sym.33,303,H61,H,1.0,0.270985,False,0.270985
DB0-m3_o6_o27_f0_nbo.sym.33,304,H62,H,1.0,0.300532,False,0.300532
DB0-m3_o6_o27_f0_nbo.sym.33,305,N24,N,1.0,-0.661978,False,-0.661978
DB0-m3_o6_o27_f0_nbo.sym.33,306,H63,H,1.0,0.274489,False,0.274489
DB0-m3_o6_o27_f0_nbo.sym.33,307,H64,H,1.0,0.302788,False,0.302788
DB0-m3_o6_o27_f0_nbo.sym.33,308,N25,N,1.0,-0.662567,False,-0.662567
DB0-m3_o6_o27_f0_nbo.sym.33,309,H65,H,1.0,0.274585,False,0.274585
DB0-m3_o6_o27_f0_nbo.sym.33,310,H66,H,1.0,0.303118,False,0.303118
DB0-m3_o6_o27_f0_nbo.sym.33,311,N26,N,1.0,-0.656675,False,-0.656675
DB0-m3_o6_o27_f0_nbo.sym.33,312,H67,H,1.0,0.270883,False,0.270883
DB0-m3_o6_o27_f0_nbo.sym.33,313,H68,H,1.0,0.300512,False,0.300512
DB0-m3_o6_o27_f0_nbo.sym.33,314,N27,N,1.0,-0.6561,False,-0.6561
DB0-m3_o6_o27_f0_nbo.sym.33,315,H69,H,1.0,0.270735,False,0.270735
DB0-m3_o6_o27_f0_nbo.sym.33,316,H70,H,1.0,0.300433,False,0.300433
DB0-m3_o6_o27_f0_nbo.sym.33,317,N28,N,1.0,-0.662157,False,-0.662157
DB0-m3_o6_o27_f0_nbo.sym.33,318,H71,H,1.0,0.274581,False,0.274581
DB0-m3_o6_o27_f0_nbo.sym.33,319,H72,H,1.0,0.302879,False,0.302879
DB0-m3_o6_o27_f0_nbo.sym.33,320,N29,N,1.0,-0.663934,False,-0.663934
DB0-m3_o6_o27_f0_nbo.sym.33,321,H73,H,1.0,0.271344,False,0.271344
DB0-m3_o6_o27_f0_nbo.sym.33,322,H74,H,1.0,0.304015,False,0.304015
DB0-m3_o6_o27_f0_nbo.sym.33,323,N30,N,1.0,-0.664459,False,-0.664459
DB0-m3_o6_o27_f0_nbo.sym.33,324,H75,H,1.0,0.271372,False,0.271372
DB0-m3_o6_o27_f0_nbo.sym.33,325,H76,H,1.0,0.303969,False,0.303969
DB0-m3_o6_o27_f0_nbo.sym.33,326,N31,N,1.0,-0.670665,False,-0.670665
DB0-m3_o6_o27_f0_nbo.sym.33,327,H77,H,1.0,0.275835,False,0.275835
DB0-m3_o6_o27_f0_nbo.sym.33,328,H78,H,1.0,0.305619,False,0.305619
DB0-m3_o6_o27_f0_nbo.sym.33,329,N32,N,1.0,-0.671136,False,-0.671136
DB0-m3_o6_o27_f0_nbo.sym.33,330,H79,H,1.0,0.275959,False,0.275959
DB0-m3_o6_o27_f0_nbo.sym.33,331,H80,H,1.0,0.305788,False,0.305788
DB0-m3_o7_o7_f0_nbo.sym.48,0,O1,O,1.0,-0.664936,False,-0.664936
DB0-m3_o7_o7_f0_nbo.sym.48,1,O2,O,1.0,-0.66415,False,-0.66415
DB0-m3_o7_o7_f0_nbo.sym.48,2,O3,O,1.0,-0.648572,False,-0.648572
DB0-m3_o7_o7_f0_nbo.sym.48,3,O4,O,1.0,-0.64845,False,-0.64845
DB0-m3_o7_o7_f0_nbo.sym.48,4,O5,O,1.0,-0.648285,False,-0.648285
DB0-m3_o7_o7_f0_nbo.sym.48,5,O6,O,1.0,-0.664305,False,-0.664305
DB0-m3_o7_o7_f0_nbo.sym.48,6,O7,O,1.0,-0.66493,False,-0.66493
DB0-m3_o7_o7_f0_nbo.sym.48,7,O8,O,1.0,-0.648351,False,-0.648351
DB0-m3_o7_o7_f0_nbo.sym.48,8,O9,O,1.0,-0.663965,False,-0.663965
DB0-m3_o7_o7_f0_nbo.sym.48,9,O10,O,1.0,-0.665153,False,-0.665153
DB0-m3_o7_o7_f0_nbo.sym.48,10,O11,O,1.0,-0.648393,False,-0.648393
DB0-m3_o7_o7_f0_nbo.sym.48,11,O12,O,1.0,-0.648065,False,-0.648065
DB0-m3_o7_o7_f0_nbo.sym.48,12,O13,O,1.0,-0.648234,False,-0.648234
DB0-m3_o7_o7_f0_nbo.sym.48,13,O14,O,1.0,-0.664795,False,-0.664795
DB0-m3_o7_o7_f0_nbo.sym.48,14,O15,O,1.0,-0.664091,False,-0.664091
DB0-m3_o7_o7_f0_nbo.sym.48,15,O16,O,1.0,-0.648006,False,-0.648006
DB0-m3_o7_o7_f0_nbo.sym.48,16,O17,O,1.0,-0.648149,False,-0.648149
DB0-m3_o7_o7_f0_nbo.sym.48,17,O18,O,1.0,-0.665184,False,-0.665184
DB0-m3_o7_o7_f0_nbo.sym.48,18,O19,O,1.0,-0.664351,False,-0.664351
DB0-m3_o7_o7_f0_nbo.sym.48,19,O20,O,1.0,-0.648133,False,-0.648133
DB0-m3_o7_o7_f0_nbo.sym.48,20,O21,O,1.0,-0.664165,False,-0.664165
DB0-m3_o7_o7_f0_nbo.sym.48,21,O22,O,1.0,-0.664976,False,-0.664976
DB0-m3_o7_o7_f0_nbo.sym.48,22,O23,O,1.0,-0.648349,False,-0.648349
DB0-m3_o7_o7_f0_nbo.sym.48,23,O24,O,1.0,-0.64794,False,-0.64794
DB0-m3_o7_o7_f0_nbo.sym.48,24,O25,O,1.0,-0.664554,False,-0.664554
DB0-m3_o7_o7_f0_nbo.sym.48,25,O26,O,1.0,-0.665138,False,-0.665138
DB0-m3_o7_o7_f0_nbo.sym.48,26,O27,O,1.0,-0.648067,False,-0.648067
DB0-m3_o7_o7_f0_nbo.sym.48,27,O28,O,1.0,-0.648145,False,-0.648145
DB0-m3_o7_o7_f0_nbo.sym.48,28,O29,O,1.0,-0.647721,False,-0.647721
DB0-m3_o7_o7_f0_nbo.sym.48,29,O30,O,1.0,-0.664686,False,-0.664686
DB0-m3_o7_o7_f0_nbo.sym.48,30,O31,O,1.0,-0.664622,False,-0.664622
DB0-m3_o7_o7_f0_nbo.sym.48,31,O32,O,1.0,-0.648628,False,-0.648628
DB0-m3_o7_o7_f0_nbo.sym.48,32,O33,O,1.0,-0.665174,False,-0.665174
DB0-m3_o7_o7_f0_nbo.sym.48,33,O34,O,1.0,-0.64814,False,-0.64814
DB0-m3_o7_o7_f0_nbo.sym.48,34,O35,O,1.0,-0.648024,False,-0.648024
DB0-m3_o7_o7_f0_nbo.sym.48,35,O36,O,1.0,-0.66457,False,-0.66457
DB0-m3_o7_o7_f0_nbo.sym.48,36,O37,O,1.0,-0.6482,False,-0.6482
DB0-m3_o7_o7_f0_nbo.sym.48,37,O38,O,1.0,-0.648062,False,-0.648062
DB0-m3_o7_o7_f0_nbo.sym.48,38,O39,O,1.0,-0.665285,False,-0.665285
DB0-m3_o7_o7_f0_nbo.sym.48,39,O40,O,1.0,-0.66456,False,-0.66456
DB0-m3_o7_o7_f0_nbo.sym.48,40,O41,O,1.0,-0.648071,False,-0.648071
DB0-m3_o7_o7_f0_nbo.sym.48,41,O42,O,1.0,-0.647925,False,-0.647925
DB0-m3_o7_o7_f0_nbo.sym.48,42,O43,O,1.0,-0.6644,False,-0.6644
DB0-m3_o7_o7_f0_nbo.sym.48,43,O44,O,1.0,-0.664585,False,-0.664585
DB0-m3_o7_o7_f0_nbo.sym.48,44,O45,O,1.0,-0.664799,False,-0.664799
DB0-m3_o7_o7_f0_nbo.sym.48,45,O46,O,1.0,-0.648123,False,-0.648123
DB0-m3_o7_o7_f0_nbo.sym.48,46,O47,O,1.0,-0.648292,False,-0.648292
DB0-m3_o7_o7_f0_nbo.sym.48,47,O48,O,1.0,-0.664917,False,-0.664917
DB0-m3_o7_o7_f0_nbo.sym.48,48,C1,C,1.0,0.620558,False,0.620558
DB0-m3_o7_o7_f0_nbo.sym.48,49,C2,C,1.0,0.620349,False,0.620349
DB0-m3_o7_o7_f0_nbo.sym.48,50,C3,C,1.0,0.621234,False,0.621234
DB0-m3_o7_o7_f0_nbo.sym.48,51,C4,C,1.0,0.620561,False,0.620561
DB0-m3_o7_o7_f0_nbo.sym.48,52,C5,C,1.0,0.619499,False,0.619499
DB0-m3_o7_o7_f0_nbo.sym.48,53,C6,C,1.0,0.621726,False,0.621726
DB0-m3_o7_o7_f0_nbo.sym.48,54,C7,C,1.0,0.61992,False,0.61992
DB0-m3_o7_o7_f0_nbo.sym.48,55,C8,C,1.0,0.621255,False,0.621255
DB0-m3_o7_o7_f0_nbo.sym.48,56,C9,C,1.0,0.619954,False,0.619954
DB0-m3_o7_o7_f0_nbo.sym.48,57,C10,C,1.0,0.621135,False,0.621135
DB0-m3_o7_o7_f0_nbo.sym.48,58,C11,C,1.0,0.620351,False,0.620351
DB0-m3_o7_o7_f0_nbo.sym.48,59,C12,C,1.0,0.621215,False,0.621215
DB0-m3_o7_o7_f0_nbo.sym.48,60,C13,C,1.0,0.620264,False,0.620264
DB0-m3_o7_o7_f0_nbo.sym.48,61,C14,C,1.0,0.622095,False,0.622095
DB0-m3_o7_o7_f0_nbo.sym.48,62,C15,C,1.0,0.620457,False,0.620457
DB0-m3_o7_o7_f0_nbo.sym.48,63,C16,C,1.0,0.620773,False,0.620773
DB0-m3_o7_o7_f0_nbo.sym.48,64,C17,C,1.0,0.622024,False,0.622024
DB0-m3_o7_o7_f0_nbo.sym.48,65,C18,C,1.0,0.620401,False,0.620401
DB0-m3_o7_o7_f0_nbo.sym.48,66,C19,C,1.0,0.62203,False,0.62203
DB0-m3_o7_o7_f0_nbo.sym.48,67,C20,C,1.0,0.620024,False,0.620024
DB0-m3_o7_o7_f0_nbo.sym.48,68,C21,C,1.0,0.621169,False,0.621169
DB0-m3_o7_o7_f0_nbo.sym.48,69,C22,C,1.0,0.620511,False,0.620511
DB0-m3_o7_o7_f0_nbo.sym.48,70,C23,C,1.0,0.620517,False,0.620517
DB0-m3_o7_o7_f0_nbo.sym.48,71,C24,C,1.0,0.620236,False,0.620236
DB0-m3_o7_o7_f0_nbo.sym.48,72,Zn1,Zn,1.0,1.295639,True,1.295639
DB0-m3_o7_o7_f0_nbo.sym.48,73,Zn2,Zn,1.0,1.295525,True,1.295525
DB0-m3_o7_o7_f0_nbo.sym.48,74,Zn3,Zn,1.0,1.29545,True,1.29545
DB0-m3_o7_o7_f0_nbo.sym.48,75,Zn4,Zn,1.0,1.295341,True,1.295341
DB0-m3_o7_o7_f0_nbo.sym.48,76,Zn5,Zn,1.0,1.295512,True,1.295512
DB0-m3_o7_o7_f0_nbo.sym.48,77,Zn6,Zn,1.0,1.295373,True,1.295373
DB0-m3_o7_o7_f0_nbo.sym.48,78,Zn7,Zn,1.0,1.295563,True,1.295563
DB0-m3_o7_o7_f0_nbo.sym.48,79,Zn8,Zn,1.0,1.295537,True,1.295537
DB0-m3_o7_o7_f0_nbo.sym.48,80,Zn9,Zn,1.0,1.295478,True,1.295478
DB0-m3_o7_o7_f0_nbo.sym.48,81,Zn10,Zn,1.0,1.295641,True,1.295641
DB0-m3_o7_o7_f0_nbo.sym.48,82,Zn11,Zn,1.0,1.295348,True,1.295348
DB0-m3_o7_o7_f0_nbo.sym.48,83,Zn12,Zn,1.0,1.295817,True,1.295817
DB0-m3_o7_o7_f0_nbo.sym.48,84,C25,C,1.0,-0.274792,False,-0.274792
DB0-m3_o7_o7_f0_nbo.sym.48,85,C26,C,1.0,-0.26873,False,-0.26873
DB0-m3_o7_o7_f0_nbo.sym.48,86,C27,C,1.0,-0.272727,False,-0.272727
DB0-m3_o7_o7_f0_nbo.sym.48,87,C28,C,1.0,-0.270908,False,-0.270908
DB0-m3_o7_o7_f0_nbo.sym.48,88,C29,C,1.0,-0.272362,False,-0.272362
DB0-m3_o7_o7_f0_nbo.sym.48,89,C30,C,1.0,-0.271272,False,-0.271272
DB0-m3_o7_o7_f0_nbo.sym.48,90,C31,C,1.0,-0.275137,False,-0.275137
DB0-m3_o7_o7_f0_nbo.sym.48,91,C32,C,1.0,-0.271843,False,-0.271843
DB0-m3_o7_o7_f0_nbo.sym.48,92,C33,C,1.0,-0.272244,False,-0.272244
DB0-m3_o7_o7_f0_nbo.sym.48,93,C34,C,1.0,-0.276845,False,-0.276845
DB0-m3_o7_o7_f0_nbo.sym.48,94,C35,C,1.0,-0.273719,False,-0.273719
DB0-m3_o7_o7_f0_nbo.sym.48,95,C36,C,1.0,-0.276028,False,-0.276028
DB0-m3_o7_o7_f0_nbo.sym.48,96,C37,C,1.0,-0.275005,False,-0.275005
DB0-m3_o7_o7_f0_nbo.sym.48,97,C38,C,1.0,-0.275573,False,-0.275573
DB0-m3_o7_o7_f0_nbo.sym.48,98,C39,C,1.0,-0.272098,False,-0.272098
DB0-m3_o7_o7_f0_nbo.sym.48,99,C40,C,1.0,-0.275243,False,-0.275243
DB0-m3_o7_o7_f0_nbo.sym.48,100,C41,C,1.0,-0.273003,False,-0.273003
DB0-m3_o7_o7_f0_nbo.sym.48,101,C42,C,1.0,-0.275387,False,-0.275387
DB0-m3_o7_o7_f0_nbo.sym.48,102,C43,C,1.0,-0.269186,False,-0.269186
DB0-m3_o7_o7_f0_nbo.sym.48,103,C44,C,1.0,-0.274689,False,-0.274689
DB0-m3_o7_o7_f0_nbo.sym.48,104,C45,C,1.0,-0.270713,False,-0.270713
DB0-m3_o7_o7_f0_nbo.sym.48,105,C46,C,1.0,-0.276601,False,-0.276601
DB0-m3_o7_o7_f0_nbo.sym.48,106,C47,C,1.0,-0.272699,False,-0.272699
DB0-m3_o7_o7_f0_nbo.sym.48,107,C48,C,1.0,-0.275799,False,-0.275799
DB0-m3_o7_o7_f0_nbo.sym.48,108,C49,C,1.0,-0.274883,False,-0.274883
DB0-m3_o7_o7_f0_nbo.sym.48,109,C50,C,1.0,-0.277004,False,-0.277004
DB0-m3_o7_o7_f0_nbo.sym.48,110,C51,C,1.0,-0.273573,False,-0.273573
DB0-m3_o7_o7_f0_nbo.sym.48,111,C52,C,1.0,-0.275724,False,-0.275724
DB0-m3_o7_o7_f0_nbo.sym.48,112,C53,C,1.0,-0.275207,False,-0.275207
DB0-m3_o7_o7_f0_nbo.sym.48,113,C54,C,1.0,-0.273523,False,-0.273523
DB0-m3_o7_o7_f0_nbo.sym.48,114,C55,C,1.0,-0.275676,False,-0.275676
DB0-m3_o7_o7_f0_nbo.sym.48,115,C56,C,1.0,-0.274362,False,-0.274362
DB0-m3_o7_o7_f0_nbo.sym.48,116,C57,C,1.0,-0.275813,False,-0.275813
DB0-m3_o7_o7_f0_nbo.sym.48,117,C58,C,1.0,-0.272459,False,-0.272459
DB0-m3_o7_o7_f0_nbo.sym.48,118,C59,C,1.0,-0.275978,False,-0.275978
DB0-m3_o7_o7_f0_nbo.sym.48,119,C60,C,1.0,-0.270276,False,-0.270276
DB0-m3_o7_o7_f0_nbo.sym.48,120,C61,C,1.0,-0.274905,False,-0.274905
DB0-m3_o7_o7_f0_nbo.sym.48,121,C62,C,1.0,-0.272772,False,-0.272772
DB0-m3_o7_o7_f0_nbo.sym.48,122,C63,C,1.0,-0.275524,False,-0.275524
DB0-m3_o7_o7_f0_nbo.sym.48,123,C64,C,1.0,-0.269473,False,-0.269473
DB0-m3_o7_o7_f0_nbo.sym.48,124,C65,C,1.0,-0.273621,False,-0.273621
DB0-m3_o7_o7_f0_nbo.sym.48,125,C66,C,1.0,-0.275695,False,-0.275695
DB0-m3_o7_o7_f0_nbo.sym.48,126,C67,C,1.0,-0.274485,False,-0.274485
DB0-m3_o7_o7_f0_nbo.sym.48,127,C68,C,1.0,-0.275659,False,-0.275659
DB0-m3_o7_o7_f0_nbo.sym.48,128,C69,C,1.0,-0.277196,False,-0.277196
DB0-m3_o7_o7_f0_nbo.sym.48,129,C70,C,1.0,-0.273407,False,-0.273407
DB0-m3_o7_o7_f0_nbo.sym.48,130,C71,C,1.0,-0.274908,False,-0.274908
DB0-m3_o7_o7_f0_nbo.sym.48,131,C72,C,1.0,-0.274239,False,-0.274239
DB0-m3_o7_o7_f0_nbo.sym.48,132,C73,C,1.0,0.012845,False,0.012845
DB0-m3_o7_o7_f0_nbo.sym.48,133,C74,C,1.0,0.006899,False,0.006899
DB0-m3_o7_o7_f0_nbo.sym.48,134,C75,C,1.0,0.012169,False,0.012169
DB0-m3_o7_o7_f0_nbo.sym.48,135,C76,C,1.0,0.009617,False,0.009617
DB0-m3_o7_o7_f0_nbo.sym.48,136,C77,C,1.0,0.009907,False,0.009907
DB0-m3_o7_o7_f0_nbo.sym.48,137,C78,C,1.0,0.009326,False,0.009326
DB0-m3_o7_o7_f0_nbo.sym.48,138,C79,C,1.0,0.011706,False,0.011706
DB0-m3_o7_o7_f0_nbo.sym.48,139,C80,C,1.0,0.010065,False,0.010065
DB0-m3_o7_o7_f0_nbo.sym.48,140,C81,C,1.0,0.010582,False,0.010582
DB0-m3_o7_o7_f0_nbo.sym.48,141,C82,C,1.0,0.014263,False,0.014263
DB0-m3_o7_o7_f0_nbo.sym.48,142,C83,C,1.0,0.012047,False,0.012047
DB0-m3_o7_o7_f0_nbo.sym.48,143,C84,C,1.0,0.013234,False,0.013234
DB0-m3_o7_o7_f0_nbo.sym.48,144,C85,C,1.0,0.012851,False,0.012851
DB0-m3_o7_o7_f0_nbo.sym.48,145,C86,C,1.0,0.013279,False,0.013279
DB0-m3_o7_o7_f0_nbo.sym.48,146,C87,C,1.0,0.011031,False,0.011031
DB0-m3_o7_o7_f0_nbo.sym.48,147,C88,C,1.0,0.012356,False,0.012356
DB0-m3_o7_o7_f0_nbo.sym.48,148,C89,C,1.0,0.011948,False,0.011948
DB0-m3_o7_o7_f0_nbo.sym.48,149,C90,C,1.0,0.013072,False,0.013072
DB0-m3_o7_o7_f0_nbo.sym.48,150,C91,C,1.0,0.008251,False,0.008251
DB0-m3_o7_o7_f0_nbo.sym.48,151,C92,C,1.0,0.011594,False,0.011594
DB0-m3_o7_o7_f0_nbo.sym.48,152,C93,C,1.0,0.008703,False,0.008703
DB0-m3_o7_o7_f0_nbo.sym.48,153,C94,C,1.0,0.014494,False,0.014494
DB0-m3_o7_o7_f0_nbo.sym.48,154,C95,C,1.0,0.010306,False,0.010306
DB0-m3_o7_o7_f0_nbo.sym.48,155,C96,C,1.0,0.013325,False,0.013325
DB0-m3_o7_o7_f0_nbo.sym.48,156,C97,C,1.0,0.011803,False,0.011803
DB0-m3_o7_o7_f0_nbo.sym.48,157,C98,C,1.0,0.012511,False,0.012511
DB0-m3_o7_o7_f0_nbo.sym.48,158,C99,C,1.0,0.010631,False,0.010631
DB0-m3_o7_o7_f0_nbo.sym.48,159,C100,C,1.0,0.011621,False,0.011621
DB0-m3_o7_o7_f0_nbo.sym.48,160,C101,C,1.0,0.012133,False,0.012133
DB0-m3_o7_o7_f0_nbo.sym.48,161,C102,C,1.0,0.009394,False,0.009394
DB0-m3_o7_o7_f0_nbo.sym.48,162,C103,C,1.0,0.01314,False,0.01314
DB0-m3_o7_o7_f0_nbo.sym.48,163,C104,C,1.0,0.011459,False,0.011459
DB0-m3_o7_o7_f0_nbo.sym.48,164,C105,C,1.0,0.013305,False,0.013305
DB0-m3_o7_o7_f0_nbo.sym.48,165,C106,C,1.0,0.010501,False,0.010501
DB0-m3_o7_o7_f0_nbo.sym.48,166,C107,C,1.0,0.012568,False,0.012568
DB0-m3_o7_o7_f0_nbo.sym.48,167,C108,C,1.0,0.008516,False,0.008516
DB0-m3_o7_o7_f0_nbo.sym.48,168,C109,C,1.0,0.011573,False,0.011573
DB0-m3_o7_o7_f0_nbo.sym.48,169,C110,C,1.0,0.010859,False,0.010859
DB0-m3_o7_o7_f0_nbo.sym.48,170,C111,C,1.0,0.012784,False,0.012784
DB0-m3_o7_o7_f0_nbo.sym.48,171,C112,C,1.0,0.008293,False,0.008293
DB0-m3_o7_o7_f0_nbo.sym.48,172,C113,C,1.0,0.010808,False,0.010808
DB0-m3_o7_o7_f0_nbo.sym.48,173,C114,C,1.0,0.012281,False,0.012281
DB0-m3_o7_o7_f0_nbo.sym.48,174,C115,C,1.0,0.009291,False,0.009291
DB0-m3_o7_o7_f0_nbo.sym.48,175,C116,C,1.0,0.012153,False,0.012153
DB0-m3_o7_o7_f0_nbo.sym.48,176,C117,C,1.0,0.011953,False,0.011953
DB0-m3_o7_o7_f0_nbo.sym.48,177,C118,C,1.0,0.011173,False,0.011173
DB0-m3_o7_o7_f0_nbo.sym.48,178,C119,C,1.0,0.010901,False,0.010901
DB0-m3_o7_o7_f0_nbo.sym.48,179,C120,C,1.0,0.011981,False,0.011981
DB0-m3_o7_o7_f0_nbo.sym.48,180,H1,H,1.0,0.084403,False,0.084403
DB0-m3_o7_o7_f0_nbo.sym.48,181,H2,H,1.0,0.085645,False,0.085645
DB0-m3_o7_o7_f0_nbo.sym.48,182,H3,H,1.0,0.084364,False,0.084364
DB0-m3_o7_o7_f0_nbo.sym.48,183,H4,H,1.0,0.084995,False,0.084995
DB0-m3_o7_o7_f0_nbo.sym.48,184,H5,H,1.0,0.086071,False,0.086071
DB0-m3_o7_o7_f0_nbo.sym.48,185,H6,H,1.0,0.086004,False,0.086004
DB0-m3_o7_o7_f0_nbo.sym.48,186,H7,H,1.0,0.085817,False,0.085817
DB0-m3_o7_o7_f0_nbo.sym.48,187,H8,H,1.0,0.085777,False,0.085777
DB0-m3_o7_o7_f0_nbo.sym.48,188,H9,H,1.0,0.085641,False,0.085641
DB0-m3_o7_o7_f0_nbo.sym.48,189,H10,H,1.0,0.085146,False,0.085146
DB0-m3_o7_o7_f0_nbo.sym.48,190,H11,H,1.0,0.085496,False,0.085496
DB0-m3_o7_o7_f0_nbo.sym.48,191,H12,H,1.0,0.085126,False,0.085126
DB0-m3_o7_o7_f0_nbo.sym.48,192,H13,H,1.0,0.084389,False,0.084389
DB0-m3_o7_o7_f0_nbo.sym.48,193,H14,H,1.0,0.084539,False,0.084539
DB0-m3_o7_o7_f0_nbo.sym.48,194,H15,H,1.0,0.084726,False,0.084726
DB0-m3_o7_o7_f0_nbo.sym.48,195,H16,H,1.0,0.084605,False,0.084605
DB0-m3_o7_o7_f0_nbo.sym.48,196,H17,H,1.0,0.084511,False,0.084511
DB0-m3_o7_o7_f0_nbo.sym.48,197,H18,H,1.0,0.084509,False,0.084509
DB0-m3_o7_o7_f0_nbo.sym.48,198,H19,H,1.0,0.085219,False,0.085219
DB0-m3_o7_o7_f0_nbo.sym.48,199,H20,H,1.0,0.084896,False,0.084896
DB0-m3_o7_o7_f0_nbo.sym.48,200,H21,H,1.0,0.086044,False,0.086044
DB0-m3_o7_o7_f0_nbo.sym.48,201,H22,H,1.0,0.084821,False,0.084821
DB0-m3_o7_o7_f0_nbo.sym.48,202,H23,H,1.0,0.085869,False,0.085869
DB0-m3_o7_o7_f0_nbo.sym.48,203,H24,H,1.0,0.085149,False,0.085149
DB0-m3_o7_o7_f0_nbo.sym.48,204,H25,H,1.0,0.084929,False,0.084929
DB0-m3_o7_o7_f0_nbo.sym.48,205,H26,H,1.0,0.085698,False,0.085698
DB0-m3_o7_o7_f0_nbo.sym.48,206,H27,H,1.0,0.08504,False,0.08504
DB0-m3_o7_o7_f0_nbo.sym.48,207,H28,H,1.0,0.085852,False,0.085852
DB0-m3_o7_o7_f0_nbo.sym.48,208,H29,H,1.0,0.08532,False,0.08532
DB0-m3_o7_o7_f0_nbo.sym.48,209,H30,H,1.0,0.085513,False,0.085513
DB0-m3_o7_o7_f0_nbo.sym.48,210,H31,H,1.0,0.084982,False,0.084982
DB0-m3_o7_o7_f0_nbo.sym.48,211,H32,H,1.0,0.084893,False,0.084893
DB0-m3_o7_o7_f0_nbo.sym.48,212,H33,H,1.0,0.085125,False,0.085125
DB0-m3_o7_o7_f0_nbo.sym.48,213,H34,H,1.0,0.08561,False,0.08561
DB0-m3_o7_o7_f0_nbo.sym.48,214,H35,H,1.0,0.085298,False,0.085298
DB0-m3_o7_o7_f0_nbo.sym.48,215,H36,H,1.0,0.086087,False,0.086087
DB0-m3_o7_o7_f0_nbo.sym.48,216,H37,H,1.0,0.084799,False,0.084799
DB0-m3_o7_o7_f0_nbo.sym.48,217,H38,H,1.0,0.084908,False,0.084908
DB0-m3_o7_o7_f0_nbo.sym.48,218,H39,H,1.0,0.084631,False,0.084631
DB0-m3_o7_o7_f0_nbo.sym.48,219,H40,H,1.0,0.085459,False,0.085459
DB0-m3_o7_o7_f0_nbo.sym.48,220,H41,H,1.0,0.085049,False,0.085049
DB0-m3_o7_o7_f0_nbo.sym.48,221,H42,H,1.0,0.085672,False,0.085672
DB0-m3_o7_o7_f0_nbo.sym.48,222,H43,H,1.0,0.085671,False,0.085671
DB0-m3_o7_o7_f0_nbo.sym.48,223,H44,H,1.0,0.085626,False,0.085626
DB0-m3_o7_o7_f0_nbo.sym.48,224,H45,H,1.0,0.08586,False,0.08586
DB0-m3_o7_o7_f0_nbo.sym.48,225,H46,H,1.0,0.084808,False,0.084808
DB0-m3_o7_o7_f0_nbo.sym.48,226,H47,H,1.0,0.086084,False,0.086084
DB0-m3_o7_o7_f0_nbo.sym.48,227,H48,H,1.0,0.084705,False,0.084705
DB0-m3_o7_o7_f0_nbo.sym.48,228,C121,C,1.0,0.011533,False,0.011533
DB0-m3_o7_o7_f0_nbo.sym.48,229,C122,C,1.0,0.015664,False,0.015664
DB0-m3_o7_o7_f0_nbo.sym.48,230,C123,C,1.0,0.012288,False,0.012288
DB0-m3_o7_o7_f0_nbo.sym.48,231,C124,C,1.0,0.014764,False,0.014764
DB0-m3_o7_o7_f0_nbo.sym.48,232,C125,C,1.0,0.013762,False,0.013762
DB0-m3_o7_o7_f0_nbo.sym.48,233,C126,C,1.0,0.010535,False,0.010535
DB0-m3_o7_o7_f0_nbo.sym.48,234,C127,C,1.0,0.011861,False,0.011861
DB0-m3_o7_o7_f0_nbo.sym.48,235,C128,C,1.0,0.012299,False,0.012299
DB0-m3_o7_o7_f0_nbo.sym.48,236,C129,C,1.0,0.013696,False,0.013696
DB0-m3_o7_o7_f0_nbo.sym.48,237,C130,C,1.0,0.011631,False,0.011631
DB0-m3_o7_o7_f0_nbo.sym.48,238,C131,C,1.0,0.015347,False,0.015347
DB0-m3_o7_o7_f0_nbo.sym.48,239,C132,C,1.0,0.012977,False,0.012977
DB0-m3_o7_o7_f0_nbo.sym.48,240,C133,C,1.0,0.013218,False,0.013218
DB0-m3_o7_o7_f0_nbo.sym.48,241,C134,C,1.0,0.013554,False,0.013554
DB0-m3_o7_o7_f0_nbo.sym.48,242,C135,C,1.0,0.014296,False,0.014296
DB0-m3_o7_o7_f0_nbo.sym.48,243,C136,C,1.0,0.012867,False,0.012867
DB0-m3_o7_o7_f0_nbo.sym.48,244,C137,C,1.0,0.012508,False,0.012508
DB0-m3_o7_o7_f0_nbo.sym.48,245,C138,C,1.0,0.014057,False,0.014057
DB0-m3_o7_o7_f0_nbo.sym.48,246,C139,C,1.0,0.013591,False,0.013591
DB0-m3_o7_o7_f0_nbo.sym.48,247,C140,C,1.0,0.015361,False,0.015361
DB0-m3_o7_o7_f0_nbo.sym.48,248,C141,C,1.0,0.01342,False,0.01342
DB0-m3_o7_o7_f0_nbo.sym.48,249,C142,C,1.0,0.012117,False,0.012117
DB0-m3_o7_o7_f0_nbo.sym.48,250,C143,C,1.0,0.014542,False,0.014542
DB0-m3_o7_o7_f0_nbo.sym.48,251,C144,C,1.0,0.012356,False,0.012356
DB0-m3_o7_o7_f0_nbo.sym.48,252,C145,C,1.0,0.528105,False,0.528105
DB0-m3_o7_o7_f0_nbo.sym.48,253,C146,C,1.0,0.521588,False,0.521588
DB0-m3_o7_o7_f0_nbo.sym.48,254,C147,C,1.0,0.524559,False,0.524559
DB0-m3_o7_o7_f0_nbo.sym.48,255,C148,C,1.0,0.521781,False,0.521781
DB0-m3_o7_o7_f0_nbo.sym.48,256,C149,C,1.0,0.522544,False,0.522544
DB0-m3_o7_o7_f0_nbo.sym.48,257,C150,C,1.0,0.528721,False,0.528721
DB0-m3_o7_o7_f0_nbo.sym.48,258,C151,C,1.0,0.526725,False,0.526725
DB0-m3_o7_o7_f0_nbo.sym.48,259,C152,C,1.0,0.527896,False,0.527896
DB0-m3_o7_o7_f0_nbo.sym.48,260,C153,C,1.0,0.523258,False,0.523258
DB0-m3_o7_o7_f0_nbo.sym.48,261,C154,C,1.0,0.52753,False,0.52753
DB0-m3_o7_o7_f0_nbo.sym.48,262,C155,C,1.0,0.521215,False,0.521215
DB0-m3_o7_o7_f0_nbo.sym.48,263,C156,C,1.0,0.527262,False,0.527262
DB0-m3_o7_o7_f0_nbo.sym.48,264,C157,C,1.0,0.526762,False,0.526762
DB0-m3_o7_o7_f0_nbo.sym.48,265,C158,C,1.0,0.52956,False,0.52956
DB0-m3_o7_o7_f0_nbo.sym.48,266,C159,C,1.0,0.526221,False,0.526221
DB0-m3_o7_o7_f0_nbo.sym.48,267,C160,C,1.0,0.528425,False,0.528425
DB0-m3_o7_o7_f0_nbo.sym.48,268,C161,C,1.0,0.526914,False,0.526914
DB0-m3_o7_o7_f0_nbo.sym.48,269,C162,C,1.0,0.523529,False,0.523529
DB0-m3_o7_o7_f0_nbo.sym.48,270,C163,C,1.0,0.527547,False,0.527547
DB0-m3_o7_o7_f0_nbo.sym.48,271,C164,C,1.0,0.520933,False,0.520933
DB0-m3_o7_o7_f0_nbo.sym.48,272,C165,C,1.0,0.527421,False,0.527421
DB0-m3_o7_o7_f0_nbo.sym.48,273,C166,C,1.0,0.527897,False,0.527897
DB0-m3_o7_o7_f0_nbo.sym.48,274,C167,C,1.0,0.530298,False,0.530298
DB0-m3_o7_o7_f0_nbo.sym.48,275,C168,C,1.0,0.527123,False,0.527123
DB0-m3_o7_o7_f0_nbo.sym.48,276,C169,C,1.0,-0.186966,False,-0.186966
DB0-m3_o7_o7_f0_nbo.sym.48,277,C170,C,1.0,-0.18436,False,-0.18436
DB0-m3_o7_o7_f0_nbo.sym.48,278,C171,C,1.0,-0.185696,False,-0.185696
DB0-m3_o7_o7_f0_nbo.sym.48,279,C172,C,1.0,-0.182857,False,-0.182857
DB0-m3_o7_o7_f0_nbo.sym.48,280,C173,C,1.0,-0.183026,False,-0.183026
DB0-m3_o7_o7_f0_nbo.sym.48,281,C174,C,1.0,-0.186826,False,-0.186826
DB0-m3_o7_o7_f0_nbo.sym.48,282,C175,C,1.0,-0.186673,False,-0.186673
DB0-m3_o7_o7_f0_nbo.sym.48,283,C176,C,1.0,-0.185893,False,-0.185893
DB0-m3_o7_o7_f0_nbo.sym.48,284,C177,C,1.0,-0.182673,False,-0.182673
DB0-m3_o7_o7_f0_nbo.sym.48,285,C178,C,1.0,-0.186015,False,-0.186015
DB0-m3_o7_o7_f0_nbo.sym.48,286,C179,C,1.0,-0.184017,False,-0.184017
DB0-m3_o7_o7_f0_nbo.sym.48,287,C180,C,1.0,-0.185901,False,-0.185901
DB0-m3_o7_o7_f0_nbo.sym.48,288,C181,C,1.0,-0.184505,False,-0.184505
DB0-m3_o7_o7_f0_nbo.sym.48,289,C182,C,1.0,-0.188098,False,-0.188098
DB0-m3_o7_o7_f0_nbo.sym.48,290,C183,C,1.0,-0.185236,False,-0.185236
DB0-m3_o7_o7_f0_nbo.sym.48,291,C184,C,1.0,-0.186506,False,-0.186506
DB0-m3_o7_o7_f0_nbo.sym.48,292,C185,C,1.0,-0.184836,False,-0.184836
DB0-m3_o7_o7_f0_nbo.sym.48,293,C186,C,1.0,-0.183567,False,-0.183567
DB0-m3_o7_o7_f0_nbo.sym.48,294,C187,C,1.0,-0.185331,False,-0.185331
DB0-m3_o7_o7_f0_nbo.sym.48,295,C188,C,1.0,-0.183788,False,-0.183788
DB0-m3_o7_o7_f0_nbo.sym.48,296,C189,C,1.0,-0.186067,False,-0.186067
DB0-m3_o7_o7_f0_nbo.sym.48,297,C190,C,1.0,-0.187216,False,-0.187216
DB0-m3_o7_o7_f0_nbo.sym.48,298,C191,C,1.0,-0.187848,False,-0.187848
DB0-m3_o7_o7_f0_nbo.sym.48,299,C192,C,1.0,-0.184352,False,-0.184352
DB0-m3_o7_o7_f0_nbo.sym.48,300,I1,I,1.0,0.022807,False,0.022807
DB0-m3_o7_o7_f0_nbo.sym.48,301,I2,I,1.0,0.021789,False,0.021789
DB0-m3_o7_o7_f0_nbo.sym.48,302,I3,I,1.0,0.022556,False,0.022556
DB0-m3_o7_o7_f0_nbo.sym.48,303,I4,I,1.0,0.022132,False,0.022132
DB0-m3_o7_o7_f0_nbo.sym.48,304,I5,I,1.0,0.022205,False,0.022205
DB0-m3_o7_o7_f0_nbo.sym.48,305,I6,I,1.0,0.022157,False,0.022157
DB0-m3_o7_o7_f0_nbo.sym.48,306,I7,I,1.0,0.022528,False,0.022528
DB0-m3_o7_o7_f0_nbo.sym.48,307,I8,I,1.0,0.022203,False,0.022203
DB0-m3_o7_o7_f0_nbo.sym.48,308,I9,I,1.0,0.022155,False,0.022155
DB0-m3_o7_o7_f0_nbo.sym.48,309,I10,I,1.0,0.022925,False,0.022925
DB0-m3_o7_o7_f0_nbo.sym.48,310,I11,I,1.0,0.02222,False,0.02222
DB0-m3_o7_o7_f0_nbo.sym.48,311,I12,I,1.0,0.022871,False,0.022871
DB0-m3_o7_o7_f0_nbo.sym.48,312,I13,I,1.0,0.022818,False,0.022818
DB0-m3_o7_o7_f0_nbo.sym.48,313,I14,I,1.0,0.022895,False,0.022895
DB0-m3_o7_o7_f0_nbo.sym.48,314,I15,I,1.0,0.022293,False,0.022293
DB0-m3_o7_o7_f0_nbo.sym.48,315,I16,I,1.0,0.022927,False,0.022927
DB0-m3_o7_o7_f0_nbo.sym.48,316,I17,I,1.0,0.022595,False,0.022595
DB0-m3_o7_o7_f0_nbo.sym.48,317,I18,I,1.0,0.022958,False,0.022958
DB0-m3_o7_o7_f0_nbo.sym.48,318,I19,I,1.0,0.021995,False,0.021995
DB0-m3_o7_o7_f0_nbo.sym.48,319,I20,I,1.0,0.022843,False,0.022843
DB0-m3_o7_o7_f0_nbo.sym.48,320,I21,I,1.0,0.021897,False,0.021897
DB0-m3_o7_o7_f0_nbo.sym.48,321,I22,I,1.0,0.023073,False,0.023073
DB0-m3_o7_o7_f0_nbo.sym.48,322,I23,I,1.0,0.022031,False,0.022031
DB0-m3_o7_o7_f0_nbo.sym.48,323,I24,I,1.0,0.022849,False,0.022849
DB0-m3_o7_o7_f0_nbo.sym.48,324,I25,I,1.0,0.022943,False,0.022943
DB0-m3_o7_o7_f0_nbo.sym.48,325,I26,I,1.0,0.02267,False,0.02267
DB0-m3_o7_o7_f0_nbo.sym.48,326,I27,I,1.0,0.022748,False,0.022748
DB0-m3_o7_o7_f0_nbo.sym.48,327,I28,I,1.0,0.02252,False,0.02252
DB0-m3_o7_o7_f0_nbo.sym.48,328,I29,I,1.0,0.022641,False,0.022641
DB0-m3_o7_o7_f0_nbo.sym.48,329,I30,I,1.0,0.022641,False,0.022641
DB0-m3_o7_o7_f0_nbo.sym.48,330,I31,I,1.0,0.022749,False,0.022749
DB0-m3_o7_o7_f0_nbo.sym.48,331,I32,I,1.0,0.02277,False,0.02277
DB0-m3_o7_o7_f0_nbo.sym.48,332,I33,I,1.0,0.022853,False,0.022853
DB0-m3_o7_o7_f0_nbo.sym.48,333,I34,I,1.0,0.022196,False,0.022196
DB0-m3_o7_o7_f0_nbo.sym.48,334,I35,I,1.0,0.022862,False,0.022862
DB0-m3_o7_o7_f0_nbo.sym.48,335,I36,I,1.0,0.021909,False,0.021909
DB0-m3_o7_o7_f0_nbo.sym.48,336,I37,I,1.0,0.022869,False,0.022869
DB0-m3_o7_o7_f0_nbo.sym.48,337,I38,I,1.0,0.022445,False,0.022445
DB0-m3_o7_o7_f0_nbo.sym.48,338,I39,I,1.0,0.023013,False,0.023013
DB0-m3_o7_o7_f0_nbo.sym.48,339,I40,I,1.0,0.02185,False,0.02185
DB0-m3_o7_o7_f0_nbo.sym.48,340,I41,I,1.0,0.022501,False,0.022501
DB0-m3_o7_o7_f0_nbo.sym.48,341,I42,I,1.0,0.022538,False,0.022538
DB0-m3_o7_o7_f0_nbo.sym.48,342,I43,I,1.0,0.022674,False,0.022674
DB0-m3_o7_o7_f0_nbo.sym.48,343,I44,I,1.0,0.022511,False,0.022511
DB0-m3_o7_o7_f0_nbo.sym.48,344,I45,I,1.0,0.02286,False,0.02286
DB0-m3_o7_o7_f0_nbo.sym.48,345,I46,I,1.0,0.022649,False,0.022649
DB0-m3_o7_o7_f0_nbo.sym.48,346,I47,I,1.0,0.022524,False,0.022524
DB0-m3_o7_o7_f0_nbo.sym.48,347,I48,I,1.0,0.022751,False,0.022751
DB0-m9_o17_o27_f0_sra.sym.116,0,O1,O,1.0,-0.571577,False,-0.571577
DB0-m9_o17_o27_f0_sra.sym.116,1,O2,O,1.0,-0.530216,False,-0.530216
DB0-m9_o17_o27_f0_sra.sym.116,2,O3,O,1.0,-0.338641,False,-0.338641
DB0-m9_o17_o27_f0_sra.sym.116,3,C1,C,1.0,0.518121,False,0.518121
DB0-m9_o17_o27_f0_sra.sym.116,4,O4,O,1.0,-0.439294,False,-0.439294
DB0-m9_o17_o27_f0_sra.sym.116,5,O5,O,1.0,-0.549835,False,-0.549835
DB0-m9_o17_o27_f0_sra.sym.116,6,C2,C,1.0,0.66089,False,0.66089
DB0-m9_o17_o27_f0_sra.sym.116,7,O6,O,1.0,-0.408438,False,-0.408438
DB0-m9_o17_o27_f0_sra.sym.116,8,O7,O,1.0,-0.587595,False,-0.587595
DB0-m9_o17_o27_f0_sra.sym.116,9,V1,V,1.0,1.294166,True,1.294166
DB0-m9_o17_o27_f0_sra.sym.116,10,O8,O,1.0,-0.473388,False,-0.473388
DB0-m9_o17_o27_f0_sra.sym.116,11,C3,C,1.0,0.572994,False,0.572994
DB0-m9_o17_o27_f0_sra.sym.116,12,O9,O,1.0,-0.540194,False,-0.540194
DB0-m9_o17_o27_f0_sra.sym.116,13,C4,C,1.0,0.534404,False,0.534404
DB0-m9_o17_o27_f0_sra.sym.116,14,V2,V,1.0,1.379179,True,1.379179
DB0-m9_o17_o27_f0_sra.sym.116,15,O10,O,1.0,-0.566667,False,-0.566667
DB0-m9_o17_o27_f0_sra.sym.116,16,C5,C,1.0,-0.227687,False,-0.227687
DB0-m9_o17_o27_f0_sra.sym.116,17,C6,C,1.0,0.062267,False,0.062267
DB0-m9_o17_o27_f0_sra.sym.116,18,C7,C,1.0,-0.324066,False,-0.324066
DB0-m9_o17_o27_f0_sra.sym.116,19,C8,C,1.0,0.289177,False,0.289177
DB0-m9_o17_o27_f0_sra.sym.116,20,C9,C,1.0,-0.082081,False,-0.082081
DB0-m9_o17_o27_f0_sra.sym.116,21,C10,C,1.0,0.186007,False,0.186007
DB0-m9_o17_o27_f0_sra.sym.116,22,C11,C,1.0,-0.194183,False,-0.194183
DB0-m9_o17_o27_f0_sra.sym.116,23,C12,C,1.0,-0.158492,False,-0.158492
DB0-m9_o17_o27_f0_sra.sym.116,24,C13,C,1.0,0.23437,False,0.23437
DB0-m9_o17_o27_f0_sra.sym.116,25,C14,C,1.0,-0.052973,False,-0.052973
DB0-m9_o17_o27_f0_sra.sym.116,26,C15,C,1.0,0.305313,False,0.305313
DB0-m9_o17_o27_f0_sra.sym.116,27,C16,C,1.0,-0.250893,False,-0.250893
DB0-m9_o17_o27_f0_sra.sym.116,28,C17,C,1.0,-0.175168,False,-0.175168
DB0-m9_o17_o27_f0_sra.sym.116,29,C18,C,1.0,-0.283762,False,-0.283762
DB0-m9_o17_o27_f0_sra.sym.116,30,C19,C,1.0,0.094826,False,0.094826
DB0-m9_o17_o27_f0_sra.sym.116,31,C20,C,1.0,-0.329466,False,-0.329466
DB0-m9_o17_o27_f0_sra.sym.116,32,H1,H,1.0,0.135188,False,0.135188
DB0-m9_o17_o27_f0_sra.sym.116,33,H2,H,1.0,0.13696,False,0.13696
DB0-m9_o17_o27_f0_sra.sym.116,34,H3,H,1.0,0.146145,False,0.146145
DB0-m9_o17_o27_f0_sra.sym.116,35,H4,H,1.0,0.163814,False,0.163814
DB0-m9_o17_o27_f0_sra.sym.116,36,H5,H,1.0,0.140591,False,0.140591
DB0-m9_o17_o27_f0_sra.sym.116,37,H6,H,1.0,0.137783,False,0.137783
DB0-m9_o17_o27_f0_sra.sym.116,38,H7,H,1.0,0.115489,False,0.115489
DB0-m9_o17_o27_f0_sra.sym.116,39,C21,C,1.0,-0.103326,False,-0.103326
DB0-m9_o17_o27_f0_sra.sym.116,40,H8,H,1.0,0.087142,False,0.087142
DB0-m9_o17_o27_f0_sra.sym.116,41,C22,C,1.0,0.111799,False,0.111799
DB0-m9_o17_o27_f0_sra.sym.116,42,H9,H,1.0,0.007035,False,0.007035
DB0-m9_o17_o27_f0_sra.sym.116,43,C23,C,1.0,-0.481338,False,-0.481338
DB0-m9_o17_o27_f0_sra.sym.116,44,C24,C,1.0,0.196966,False,0.196966
DB0-m9_o17_o27_f0_sra.sym.116,45,H10,H,1.0,0.00967,False,0.00967
DB0-m9_o17_o27_f0_sra.sym.116,46,C25,C,1.0,-0.24865,False,-0.24865
DB0-m9_o17_o27_f0_sra.sym.116,47,H11,H,1.0,0.139308,False,0.139308
DB0-m9_o17_o27_f0_sra.sym.116,48,C26,C,1.0,0.079748,False,0.079748
DB0-m9_o17_o27_f0_sra.sym.116,49,N1,N,1.0,-0.347075,False,-0.347075
DB0-m9_o17_o27_f0_sra.sym.116,50,N2,N,1.0,-0.304078,False,-0.304078
DB0-m9_o17_o27_f0_sra.sym.116,51,C27,C,1.0,0.869673,False,0.869673
DB0-m9_o17_o27_f0_sra.sym.116,52,N3,N,1.0,-0.349754,False,-0.349754
DB0-m9_o17_o27_f0_sra.sym.116,53,N4,N,1.0,-0.302629,False,-0.302629
DB0-m9_o17_o27_f0_sra.sym.116,54,C28,C,1.0,0.868279,False,0.868279
DB0-m9_o17_o27_f0_sra.sym.116,55,C29,C,1.0,0.190655,False,0.190655
DB0-m9_o17_o27_f0_sra.sym.116,56,H12,H,1.0,0.009044,False,0.009044
DB0-m9_o17_o27_f0_sra.sym.116,57,C30,C,1.0,-0.225823,False,-0.225823
DB0-m9_o17_o27_f0_sra.sym.116,58,H13,H,1.0,0.128849,False,0.128849
DB0-m9_o17_o27_f0_sra.sym.116,59,C31,C,1.0,0.050365,False,0.050365
DB0-m9_o17_o27_f0_sra.sym.116,60,C32,C,1.0,-0.08949,False,-0.08949
DB0-m9_o17_o27_f0_sra.sym.116,61,H14,H,1.0,0.081527,False,0.081527
DB0-m9_o17_o27_f0_sra.sym.116,62,C33,C,1.0,0.107246,False,0.107246
DB0-m9_o17_o27_f0_sra.sym.116,63,H15,H,1.0,0.009235,False,0.009235
DB0-m9_o17_o27_f0_sra.sym.116,64,C34,C,1.0,-0.478413,False,-0.478413
DB0-m9_o17_o27_f0_sra.sym.116,65,C35,C,1.0,-0.269439,False,-0.269439
DB0-m9_o17_o27_f0_sra.sym.116,66,H16,H,1.0,0.121411,False,0.121411
DB0-m9_o17_o27_f0_sra.sym.116,67,C36,C,1.0,0.275693,False,0.275693
DB0-m9_o17_o27_f0_sra.sym.116,68,H17,H,1.0,-0.027374,False,-0.027374
DB0-m9_o17_o27_f0_sra.sym.116,69,C37,C,1.0,-0.58141,False,-0.58141
DB0-m9_o17_o27_f0_sra.sym.116,70,C38,C,1.0,0.211317,False,0.211317
DB0-m9_o17_o27_f0_sra.sym.116,71,H18,H,1.0,0.011512,False,0.011512
DB0-m9_o17_o27_f0_sra.sym.116,72,C39,C,1.0,-0.171066,False,-0.171066
DB0-m9_o17_o27_f0_sra.sym.116,73,H19,H,1.0,0.122013,False,0.122013
DB0-m9_o17_o27_f0_sra.sym.116,74,C40,C,1.0,0.115203,False,0.115203
DB0-m9_o17_o27_f0_sra.sym.116,75,N5,N,1.0,-0.318138,False,-0.318138
DB0-m9_o17_o27_f0_sra.sym.116,76,N6,N,1.0,-0.314943,False,-0.314943
DB0-m9_o17_o27_f0_sra.sym.116,77,C41,C,1.0,0.865602,False,0.865602
DB0-m9_o17_o27_f0_sra.sym.116,78,N7,N,1.0,-0.320621,False,-0.320621
DB0-m9_o17_o27_f0_sra.sym.116,79,N8,N,1.0,-0.3113,False,-0.3113
DB0-m9_o17_o27_f0_sra.sym.116,80,C42,C,1.0,0.887796,False,0.887796
DB0-m9_o17_o27_f0_sra.sym.116,81,C43,C,1.0,0.224164,False,0.224164
DB0-m9_o17_o27_f0_sra.sym.116,82,H20,H,1.0,5.8e-05,False,5.8e-05
DB0-m9_o17_o27_f0_sra.sym.116,83,C44,C,1.0,-0.240912,False,-0.240912
DB0-m9_o17_o27_f0_sra.sym.116,84,H21,H,1.0,0.172573,False,0.172573
DB0-m9_o17_o27_f0_sra.sym.116,85,C45,C,1.0,0.092944,False,0.092944
DB0-m9_o17_o27_f0_sra.sym.116,86,C46,C,1.0,-0.103107,False,-0.103107
DB0-m9_o17_o27_f0_sra.sym.116,87,C47,C,1.0,0.190001,False,0.190001
DB0-m9_o17_o27_f0_sra.sym.116,88,H22,H,1.0,0.015146,False,0.015146
DB0-m9_o17_o27_f0_sra.sym.116,89,C48,C,1.0,-0.541241,False,-0.541241
DB0-m9_o17_o27_f0_sra.sym.116,90,C49,C,1.0,-0.131865,False,-0.131865
DB0-m9_o17_o27_f0_sra.sym.116,91,C50,C,1.0,-0.0605,False,-0.0605
DB0-m9_o17_o27_f0_sra.sym.116,92,C51,C,1.0,-0.259276,False,-0.259276
DB0-m9_o17_o27_f0_sra.sym.116,93,C52,C,1.0,0.252923,False,0.252923
DB0-m9_o17_o27_f0_sra.sym.116,94,C53,C,1.0,-0.038676,False,-0.038676
DB0-m9_o17_o27_f0_sra.sym.116,95,C54,C,1.0,0.132727,False,0.132727
DB0-m9_o17_o27_f0_sra.sym.116,96,C55,C,1.0,-0.213791,False,-0.213791
DB0-m9_o17_o27_f0_sra.sym.116,97,C56,C,1.0,-0.174766,False,-0.174766
DB0-m9_o17_o27_f0_sra.sym.116,98,C57,C,1.0,0.125007,False,0.125007
DB0-m9_o17_o27_f0_sra.sym.116,99,C58,C,1.0,-0.025267,False,-0.025267
DB0-m9_o17_o27_f0_sra.sym.116,100,C59,C,1.0,0.24755,False,0.24755
DB0-m9_o17_o27_f0_sra.sym.116,101,C60,C,1.0,-0.204316,False,-0.204316
DB0-m9_o17_o27_f0_sra.sym.116,102,C61,C,1.0,-0.182753,False,-0.182753
DB0-m9_o17_o27_f0_sra.sym.116,103,C62,C,1.0,-0.137133,False,-0.137133
DB0-m9_o17_o27_f0_sra.sym.116,104,C63,C,1.0,-0.031143,False,-0.031143
DB0-m9_o17_o27_f0_sra.sym.116,105,C64,C,1.0,-0.282579,False,-0.282579
DB0-m9_o17_o27_f0_sra.sym.116,106,H23,H,1.0,0.100367,False,0.100367
DB0-m9_o17_o27_f0_sra.sym.116,107,H24,H,1.0,0.116491,False,0.116491
DB0-m9_o17_o27_f0_sra.sym.116,108,H25,H,1.0,0.137216,False,0.137216
DB0-m9_o17_o27_f0_sra.sym.116,109,H26,H,1.0,0.113854,False,0.113854
DB0-m9_o17_o27_f0_sra.sym.116,110,H27,H,1.0,0.103216,False,0.103216
DB0-m9_o17_o27_f0_sra.sym.116,111,H28,H,1.0,0.130519,False,0.130519
DB0-m9_o17_o27_f0_sra.sym.116,112,H29,H,1.0,0.134343,False,0.134343
DB0-m9_o17_o27_f0_sra.sym.116,113,H30,H,1.0,0.11576,False,0.11576
DB0-m9_o17_o27_f0_sra.sym.116,114,O11,O,1.0,-0.467522,False,-0.467522
DB0-m9_o17_o27_f0_sra.sym.116,115,O12,O,1.0,-0.450216,False,-0.450216
DB0-m9_o17_o27_f0_sra.sym.116,116,O13,O,1.0,-0.564555,False,-0.564555
DB0-m9_o17_o27_f0_sra.sym.116,117,C65,C,1.0,0.692059,False,0.692059
DB0-m9_o17_o27_f0_sra.sym.116,118,O14,O,1.0,-0.553596,False,-0.553596
DB0-m9_o17_o27_f0_sra.sym.116,119,O15,O,1.0,-0.316109,False,-0.316109
DB0-m9_o17_o27_f0_sra.sym.116,120,C66,C,1.0,0.612546,False,0.612546
DB0-m9_o17_o27_f0_sra.sym.116,121,O16,O,1.0,-0.579089,False,-0.579089
DB0-m9_o17_o27_f0_sra.sym.116,122,O17,O,1.0,-0.614516,False,-0.614516
DB0-m9_o17_o27_f0_sra.sym.116,123,V3,V,1.0,1.330261,True,1.330261
DB0-m9_o17_o27_f0_sra.sym.116,124,O18,O,1.0,-0.514002,False,-0.514002
DB0-m9_o17_o27_f0_sra.sym.116,125,C67,C,1.0,0.525967,False,0.525967
DB0-m9_o17_o27_f0_sra.sym.116,126,O19,O,1.0,-0.480447,False,-0.480447
DB0-m9_o17_o27_f0_sra.sym.116,127,C68,C,1.0,0.56153,False,0.56153
DB0-m9_o17_o27_f0_sra.sym.116,128,V4,V,1.0,1.396313,True,1.396313
DB0-m9_o17_o27_f0_sra.sym.116,129,O20,O,1.0,-0.546631,False,-0.546631
DB0-m9_o17_o27_f0_sra.sym.116,130,C69,C,1.0,0.183172,False,0.183172
DB0-m9_o17_o27_f0_sra.sym.116,131,N9,N,1.0,-0.272106,False,-0.272106
DB0-m9_o17_o27_f0_sra.sym.116,132,C70,C,1.0,0.429103,False,0.429103
DB0-m9_o17_o27_f0_sra.sym.116,133,N10,N,1.0,-0.484984,False,-0.484984
DB0-m9_o17_o27_f0_sra.sym.117,0,O1,O,1.0,-0.560492,False,-0.560492
DB0-m9_o17_o27_f0_sra.sym.117,1,O2,O,1.0,-0.555714,False,-0.555714
DB0-m9_o17_o27_f0_sra.sym.117,2,O3,O,1.0,-0.3351,False,-0.3351
DB0-m9_o17_o27_f0_sra.sym.117,3,C1,C,1.0,0.531368,False,0.531368
DB0-m9_o17_o27_f0_sra.sym.117,4,O4,O,1.0,-0.415346,False,-0.415346
DB0-m9_o17_o27_f0_sra.sym.117,5,O5,O,1.0,-0.545219,False,-0.545219
DB0-m9_o17_o27_f0_sra.sym.117,6,C2,C,1.0,0.633615,False,0.633615
DB0-m9_o17_o27_f0_sra.sym.117,7,O6,O,1.0,-0.419537,False,-0.419537
DB0-m9_o17_o27_f0_sra.sym.117,8,O7,O,1.0,-0.586816,False,-0.586816
DB0-m9_o17_o27_f0_sra.sym.117,9,V1,V,1.0,1.301151,True,1.301151
DB0-m9_o17_o27_f0_sra.sym.117,10,O8,O,1.0,-0.464523,False,-0.464523
DB0-m9_o17_o27_f0_sra.sym.117,11,C3,C,1.0,0.547955,False,0.547955
DB0-m9_o17_o27_f0_sra.sym.117,12,O9,O,1.0,-0.54449,False,-0.54449
DB0-m9_o17_o27_f0_sra.sym.117,13,C4,C,1.0,0.578052,False,0.578052
DB0-m9_o17_o27_f0_sra.sym.117,14,V2,V,1.0,1.378165,True,1.378165
DB0-m9_o17_o27_f0_sra.sym.117,15,O10,O,1.0,-0.572371,False,-0.572371
DB0-m9_o17_o27_f0_sra.sym.117,16,C5,C,1.0,-0.206911,False,-0.206911
DB0-m9_o17_o27_f0_sra.sym.117,17,C6,C,1.0,-0.01185,False,-0.01185
DB0-m9_o17_o27_f0_sra.sym.117,18,C7,C,1.0,-0.284761,False,-0.284761
DB0-m9_o17_o27_f0_sra.sym.117,19,C8,C,1.0,0.285426,False,0.285426
DB0-m9_o17_o27_f0_sra.sym.117,20,C9,C,1.0,-0.063655,False,-0.063655
DB0-m9_o17_o27_f0_sra.sym.117,21,C10,C,1.0,0.172762,False,0.172762
DB0-m9_o17_o27_f0_sra.sym.117,22,C11,C,1.0,-0.241352,False,-0.241352
DB0-m9_o17_o27_f0_sra.sym.117,23,C12,C,1.0,-0.140591,False,-0.140591
DB0-m9_o17_o27_f0_sra.sym.117,24,C13,C,1.0,0.142318,False,0.142318
DB0-m9_o17_o27_f0_sra.sym.117,25,C14,C,1.0,-0.037094,False,-0.037094
DB0-m9_o17_o27_f0_sra.sym.117,26,C15,C,1.0,0.275022,False,0.275022
DB0-m9_o17_o27_f0_sra.sym.117,27,C16,C,1.0,-0.235743,False,-0.235743
DB0-m9_o17_o27_f0_sra.sym.117,28,C17,C,1.0,-0.169409,False,-0.169409
DB0-m9_o17_o27_f0_sra.sym.117,29,C18,C,1.0,-0.187693,False,-0.187693
DB0-m9_o17_o27_f0_sra.sym.117,30,C19,C,1.0,-0.005965,False,-0.005965
DB0-m9_o17_o27_f0_sra.sym.117,31,C20,C,1.0,-0.295434,False,-0.295434
DB0-m9_o17_o27_f0_sra.sym.117,32,H1,H,1.0,0.117678,False,0.117678
DB0-m9_o17_o27_f0_sra.sym.117,33,H2,H,1.0,0.12748,False,0.12748
DB0-m9_o17_o27_f0_sra.sym.117,34,H3,H,1.0,0.147644,False,0.147644
DB0-m9_o17_o27_f0_sra.sym.117,35,H4,H,1.0,0.106453,False,0.106453
DB0-m9_o17_o27_f0_sra.sym.117,36,H5,H,1.0,0.119432,False,0.119432
DB0-m9_o17_o27_f0_sra.sym.117,37,H6,H,1.0,0.132806,False,0.132806
DB0-m9_o17_o27_f0_sra.sym.117,38,H7,H,1.0,0.143529,False,0.143529
DB0-m9_o17_o27_f0_sra.sym.117,39,H8,H,1.0,0.110659,False,0.110659
DB0-m9_o17_o27_f0_sra.sym.117,40,C21,C,1.0,-0.097554,False,-0.097554
DB0-m9_o17_o27_f0_sra.sym.117,41,H9,H,1.0,0.089127,False,0.089127
DB0-m9_o17_o27_f0_sra.sym.117,42,C22,C,1.0,0.129716,False,0.129716
DB0-m9_o17_o27_f0_sra.sym.117,43,H10,H,1.0,-0.000368,False,-0.000368
DB0-m9_o17_o27_f0_sra.sym.117,44,C23,C,1.0,-0.397061,False,-0.397061
DB0-m9_o17_o27_f0_sra.sym.117,45,C24,C,1.0,0.223818,False,0.223818
DB0-m9_o17_o27_f0_sra.sym.117,46,C25,C,1.0,-0.206385,False,-0.206385
DB0-m9_o17_o27_f0_sra.sym.117,47,H11,H,1.0,0.136504,False,0.136504
DB0-m9_o17_o27_f0_sra.sym.117,48,C26,C,1.0,0.02594,False,0.02594
DB0-m9_o17_o27_f0_sra.sym.117,49,N1,N,1.0,-0.07775,False,-0.07775
DB0-m9_o17_o27_f0_sra.sym.117,50,N2,N,1.0,-0.404087,False,-0.404087
DB0-m9_o17_o27_f0_sra.sym.117,51,C27,C,1.0,0.895248,False,0.895248
DB0-m9_o17_o27_f0_sra.sym.117,52,N3,N,1.0,-0.389044,False,-0.389044
DB0-m9_o17_o27_f0_sra.sym.117,53,N4,N,1.0,-0.237089,False,-0.237089
DB0-m9_o17_o27_f0_sra.sym.117,54,C28,C,1.0,0.650493,False,0.650493
DB0-m9_o17_o27_f0_sra.sym.117,55,C29,C,1.0,0.176496,False,0.176496
DB0-m9_o17_o27_f0_sra.sym.117,56,H12,H,1.0,0.013626,False,0.013626
DB0-m9_o17_o27_f0_sra.sym.117,57,C30,C,1.0,-0.236841,False,-0.236841
DB0-m9_o17_o27_f0_sra.sym.117,58,H13,H,1.0,0.131247,False,0.131247
DB0-m9_o17_o27_f0_sra.sym.117,59,C31,C,1.0,0.07331,False,0.07331
DB0-m9_o17_o27_f0_sra.sym.117,60,C32,C,1.0,-0.09849,False,-0.09849
DB0-m9_o17_o27_f0_sra.sym.117,61,H14,H,1.0,0.085069,False,0.085069
DB0-m9_o17_o27_f0_sra.sym.117,62,C33,C,1.0,0.08635,False,0.08635
DB0-m9_o17_o27_f0_sra.sym.117,63,H15,H,1.0,0.033869,False,0.033869
DB0-m9_o17_o27_f0_sra.sym.117,64,C34,C,1.0,-0.439936,False,-0.439936
DB0-m9_o17_o27_f0_sra.sym.117,65,C35,C,1.0,-0.275234,False,-0.275234
DB0-m9_o17_o27_f0_sra.sym.117,66,H16,H,1.0,0.142627,False,0.142627
DB0-m9_o17_o27_f0_sra.sym.117,67,C36,C,1.0,0.235655,False,0.235655
DB0-m9_o17_o27_f0_sra.sym.117,68,H17,H,1.0,-0.015979,False,-0.015979
DB0-m9_o17_o27_f0_sra.sym.117,69,C37,C,1.0,-0.491646,False,-0.491646
DB0-m9_o17_o27_f0_sra.sym.117,70,C38,C,1.0,0.153756,False,0.153756
DB0-m9_o17_o27_f0_sra.sym.117,71,H18,H,1.0,0.04703,False,0.04703
DB0-m9_o17_o27_f0_sra.sym.117,72,C39,C,1.0,-0.173697,False,-0.173697
DB0-m9_o17_o27_f0_sra.sym.117,73,H19,H,1.0,0.106223,False,0.106223
DB0-m9_o17_o27_f0_sra.sym.117,74,C40,C,1.0,0.108357,False,0.108357
DB0-m9_o17_o27_f0_sra.sym.117,75,N5,N,1.0,-0.414591,False,-0.414591
DB0-m9_o17_o27_f0_sra.sym.117,76,N6,N,1.0,-0.074597,False,-0.074597
DB0-m9_o17_o27_f0_sra.sym.117,77,C41,C,1.0,0.591319,False,0.591319
DB0-m9_o17_o27_f0_sra.sym.117,78,N7,N,1.0,-0.133406,False,-0.133406
DB0-m9_o17_o27_f0_sra.sym.117,79,N8,N,1.0,-0.376152,False,-0.376152
DB0-m9_o17_o27_f0_sra.sym.117,80,C42,C,1.0,0.869719,False,0.869719
DB0-m9_o17_o27_f0_sra.sym.117,81,C43,C,1.0,0.397701,False,0.397701
DB0-m9_o17_o27_f0_sra.sym.117,82,C44,C,1.0,-0.313064,False,-0.313064
DB0-m9_o17_o27_f0_sra.sym.117,83,H20,H,1.0,0.197477,False,0.197477
DB0-m9_o17_o27_f0_sra.sym.117,84,C45,C,1.0,0.100939,False,0.100939
DB0-m9_o17_o27_f0_sra.sym.117,85,C46,C,1.0,-0.231594,False,-0.231594
DB0-m9_o17_o27_f0_sra.sym.117,86,H21,H,1.0,0.108943,False,0.108943
DB0-m9_o17_o27_f0_sra.sym.117,87,C47,C,1.0,0.204748,False,0.204748
DB0-m9_o17_o27_f0_sra.sym.117,88,H22,H,1.0,-0.008857,False,-0.008857
DB0-m9_o17_o27_f0_sra.sym.117,89,C48,C,1.0,-0.47972,False,-0.47972
DB0-m9_o17_o27_f0_sra.sym.117,90,C49,C,1.0,-0.129465,False,-0.129465
DB0-m9_o17_o27_f0_sra.sym.117,91,C50,C,1.0,-0.045642,False,-0.045642
DB0-m9_o17_o27_f0_sra.sym.117,92,C51,C,1.0,-0.273693,False,-0.273693
DB0-m9_o17_o27_f0_sra.sym.117,93,C52,C,1.0,0.257809,False,0.257809
DB0-m9_o17_o27_f0_sra.sym.117,94,C53,C,1.0,-0.036432,False,-0.036432
DB0-m9_o17_o27_f0_sra.sym.117,95,C54,C,1.0,0.129292,False,0.129292
DB0-m9_o17_o27_f0_sra.sym.117,96,C55,C,1.0,-0.207804,False,-0.207804
DB0-m9_o17_o27_f0_sra.sym.117,97,C56,C,1.0,-0.175505,False,-0.175505
DB0-m9_o17_o27_f0_sra.sym.117,98,C57,C,1.0,0.129205,False,0.129205
DB0-m9_o17_o27_f0_sra.sym.117,99,C58,C,1.0,-0.03336,False,-0.03336
DB0-m9_o17_o27_f0_sra.sym.117,100,C59,C,1.0,0.260496,False,0.260496
DB0-m9_o17_o27_f0_sra.sym.117,101,C60,C,1.0,-0.208974,False,-0.208974
DB0-m9_o17_o27_f0_sra.sym.117,102,C61,C,1.0,-0.186191,False,-0.186191
DB0-m9_o17_o27_f0_sra.sym.117,103,C62,C,1.0,-0.143537,False,-0.143537
DB0-m9_o17_o27_f0_sra.sym.117,104,C63,C,1.0,-0.015208,False,-0.015208
DB0-m9_o17_o27_f0_sra.sym.117,105,C64,C,1.0,-0.294393,False,-0.294393
DB0-m9_o17_o27_f0_sra.sym.117,106,H23,H,1.0,0.096622,False,0.096622
DB0-m9_o17_o27_f0_sra.sym.117,107,H24,H,1.0,0.122999,False,0.122999
DB0-m9_o17_o27_f0_sra.sym.117,108,H25,H,1.0,0.138301,False,0.138301
DB0-m9_o17_o27_f0_sra.sym.117,109,H26,H,1.0,0.116287,False,0.116287
DB0-m9_o17_o27_f0_sra.sym.117,110,H27,H,1.0,0.107091,False,0.107091
DB0-m9_o17_o27_f0_sra.sym.117,111,H28,H,1.0,0.12925,False,0.12925
DB0-m9_o17_o27_f0_sra.sym.117,112,H29,H,1.0,0.136119,False,0.136119
DB0-m9_o17_o27_f0_sra.sym.117,113,H30,H,1.0,0.115103,False,0.115103
DB0-m9_o17_o27_f0_sra.sym.117,114,O11,O,1.0,-0.446574,False,-0.446574
DB0-m9_o17_o27_f0_sra.sym.117,115,O12,O,1.0,-0.415369,False,-0.415369
DB0-m9_o17_o27_f0_sra.sym.117,116,O13,O,1.0,-0.559437,False,-0.559437
DB0-m9_o17_o27_f0_sra.sym.117,117,C65,C,1.0,0.667789,False,0.667789
DB0-m9_o17_o27_f0_sra.sym.117,118,O14,O,1.0,-0.598849,False,-0.598849
DB0-m9_o17_o27_f0_sra.sym.117,119,O15,O,1.0,-0.321125,False,-0.321125
DB0-m9_o17_o27_f0_sra.sym.117,120,C66,C,1.0,0.598738,False,0.598738
DB0-m9_o17_o27_f0_sra.sym.117,121,O16,O,1.0,-0.572307,False,-0.572307
DB0-m9_o17_o27_f0_sra.sym.117,122,O17,O,1.0,-0.592766,False,-0.592766
DB0-m9_o17_o27_f0_sra.sym.117,123,V3,V,1.0,1.302718,True,1.302718
DB0-m9_o17_o27_f0_sra.sym.117,124,O18,O,1.0,-0.517928,False,-0.517928
DB0-m9_o17_o27_f0_sra.sym.117,125,C67,C,1.0,0.568585,False,0.568585
DB0-m9_o17_o27_f0_sra.sym.117,126,O19,O,1.0,-0.474169,False,-0.474169
DB0-m9_o17_o27_f0_sra.sym.117,127,C68,C,1.0,0.58945,False,0.58945
DB0-m9_o17_o27_f0_sra.sym.117,128,V4,V,1.0,1.367196,True,1.367196
DB0-m9_o17_o27_f0_sra.sym.117,129,O20,O,1.0,-0.577396,False,-0.577396
DB0-m9_o17_o27_f0_sra.sym.117,130,C69,C,1.0,0.221477,False,0.221477
DB0-m9_o17_o27_f0_sra.sym.117,131,N9,N,1.0,-0.418104,False,-0.418104
DB0-m9_o17_o27_f0_sra.sym.117,132,C70,C,1.0,0.028298,False,0.028298
DB0-m9_o17_o27_f0_sra.sym.117,133,N10,N,1.0,-0.252208,False,-0.252208
